Time Period,B_State,Charge_R,Discharge_R,Grid_I,Grid_E
0,0.0,0.0,24555.2314197313,0.0,24555.2314197313
1,0.0,0.0,0.0,611.4729886,0.0
2,0.0,0.0,0.0,3105.31046,0.0
3,5999.21851658684,6314.96685956509,0.0,8616.59513456509,0.0
4,5999.2065181498,0.0,0.0,2173.745017,0.0
5,2945.95054499993,0.0,2900.581776,0.0,0.0
6,368.338892046205,0.0,2448.725473,0.0,0.0
7,0.0,0.0,349.9212476,0.0,0.0
8,0.0,0.0,0.0,4970.220921,0.0
9,4911.36550401736,5169.85842528143,0.0,8336.90604128143,0.0
10,28238.8255300311,24555.2314197313,0.0,28980.7784127313,0.0
11,51566.2389011248,24555.2314197313,0.0,29083.8077387313,0.0
12,74893.6056173917,24555.2314197313,0.0,32504.1786787313,0.0
13,98220.9256789252,24555.2314197313,0.0,34204.4156287313,0.0
14,98220.9256789252,0.206780896160605,0.0,11964.6430508962,0.0
15,98220.7292370738,0.0,0.0,11487.75466,0.0
16,89674.9533692996,0.0,8118.300455,0.0,0.0
17,79627.9731509718,0.0,9544.460825,0.0,0.0
18,53780.2018742557,0.0,24555.2314197313,0.0,14848.3028907313
19,27932.4822930822,0.0,24555.2314197313,0.0,15829.7188947313
20,18819.2144175913,0.0,8657.55141,0.0,0.0
21,10500.9721244256,0.0,7902.294422,0.0,0.0
22,170.390937218202,0.0,9814.032176,0.0,0.0
23,0.0,0.0,161.871066614512,10564.5879533855,0.0
24,0.0,0.0,0.0,5524.085626,0.0
25,0.0,0.0,0.0,2367.211598,0.0
26,0.0,0.0,0.0,2874.860374,0.0
27,11955.3572208241,12584.5865482359,0.0,13664.9096662359,0.0
28,11955.3333101097,0.0,0.0,0.0,0.0
29,8137.32393207465,0.0,3627.086194,0.0,0.0
30,6792.39760584784,0.0,1277.664549,0.0,0.0
31,0.0,0.0,6452.76482,0.0,0.0
32,0.0,0.0,0.0,7688.606383,0.0
33,4911.36550401736,5169.85842528143,0.0,14452.3697422814,0.0
34,28238.8255300311,24555.2314197313,0.0,30156.7481977313,0.0
35,51566.2389011248,24555.2314197313,0.0,28787.8425207313,0.0
36,74893.6056173917,24555.2314197313,0.0,30125.1173847313,0.0
37,98220.9256789252,24555.2314197313,0.0,32128.4937397313,0.0
38,98220.9256789252,0.206780896160605,0.0,9061.46988789616,0.0
39,98220.7292370738,0.0,0.0,6250.387246,0.0
40,91442.7725303522,0.0,6438.872252,0.0,0.0
41,83338.3631521756,0.0,7699.015168,0.0,0.0
42,57490.5844546795,0.0,24555.2314197313,0.0,16012.8243527313
43,31642.8574527408,0.0,24555.2314197313,0.0,16949.3557097313
44,24977.0625249206,0.0,6332.44506,0.0,0.0
45,18387.7361297429,0.0,6259.812619,0.0,0.0
46,11663.4922226917,0.0,6387.996775,0.0,0.0
47,6830.62518833888,0.0,4591.201522,0.0,0.0
48,3779.7263470885,0.0,2898.340921,0.0,0.0
49,3779.71878763581,0.0,0.0,2910.934411,0.0
50,3779.71122819823,0.0,0.0,2282.237002,0.0
51,16059.2510317653,12925.8393294627,0.0,19013.1225794627,0.0
52,16059.2189132633,0.0,0.0,5278.721723,0.0
53,11814.6517737728,0.0,4032.30827,0.0,0.0
54,6302.76094552189,0.0,5236.273839,0.0,0.0
55,0.0,0.0,5987.610923,0.0,0.0
56,0.0,0.0,0.0,6281.680237,0.0
57,4911.36550401736,5169.85842528143,0.0,10159.6439992814,0.0
58,28238.8255300311,24555.2314197313,0.0,31737.7712577313,0.0
59,51566.2389011248,24555.2314197313,0.0,33049.2233567313,0.0
60,74893.6056173917,24555.2314197313,0.0,31629.7655737313,0.0
61,98220.9256789252,24555.2314197313,0.0,29690.6174227313,0.0
62,98220.9256789252,0.206780896160605,0.0,6294.63997289616,0.0
63,98220.7292370738,0.0,0.0,8634.210105,0.0
64,85537.6642903522,0.0,12048.72508,0.0,0.0
65,75884.8849044973,0.0,9169.977895,0.0,0.0
66,50037.1211139577,0.0,24555.2314197313,0.0,14051.6986597313
67,24189.4090189457,0.0,24555.2314197313,0.0,14347.3321597313
68,14231.5323053909,0.0,9459.936918,0.0,0.0
69,6512.21574969466,0.0,7333.323688,0.0,0.0
70,0.0,0.0,6186.592589,0.0,0.0
71,0.0,0.0,0.0,6299.681109,0.0
72,0.0,0.0,0.0,5923.101806,0.0
73,0.0,0.0,0.0,5592.595637,0.0
74,0.0,0.0,0.0,5843.65794,0.0
75,20813.0469062864,21908.4704276699,0.0,27138.3466766699,0.0
76,20813.0052801925,0.0,0.0,4844.777082,0.0
77,13834.132074182,0.0,6629.890001,0.0,0.0
78,7892.43260381258,0.0,5644.588212,0.0,0.0
79,0.0,0.0,7497.795978,0.0,0.0
80,0.0,0.0,0.0,9040.213709,0.0
81,4911.36550401736,5169.85842528143,0.0,13859.3845372814,0.0
82,28238.8255300311,24555.2314197313,0.0,34128.7189557313,0.0
83,51566.2389011248,24555.2314197313,0.0,33306.3312707313,0.0
84,74893.6056173917,24555.2314197313,0.0,34040.9871507313,0.0
85,98220.9256789252,24555.2314197313,0.0,34941.4319797313,0.0
86,98220.9256789252,0.206780896160605,0.0,10636.6926108962,0.0
87,98220.9256789252,0.206780896160605,0.0,9024.89207189616,0.0
88,85999.9543002317,0.0,11609.73619,0.0,0.0
89,73743.1582897968,0.0,11643.79281,0.0,0.0
90,50753.7249305469,0.0,21839.8215792867,0.0,10303.0889892867
91,24906.0114023273,0.0,24555.2314197313,0.0,11936.2759097313
92,14098.6651481992,0.0,10266.93162,0.0,0.0
93,5544.38181402679,0.0,8126.54238,0.0,0.0
94,0.0,0.0,5267.152189,0.0,0.0
95,0.0,0.0,0.0,6937.137047,0.0
96,0.0,0.0,0.0,7293.434609,0.0
97,0.0,0.0,0.0,4342.518665,0.0
98,0.0,0.0,0.0,4664.785723,0.0
99,10489.5868969774,11041.670417871,0.0,16031.299116871,0.0
100,10489.5659178036,0.0,0.0,5415.974388,0.0
101,5658.41908498758,0.0,4589.569561,0.0,0.0
102,2507.23260288626,0.0,2993.616407,0.0,0.0
103,0.0,0.0,2381.866209,0.0,0.0
104,0.0,0.0,0.0,1090.49997,0.0
105,4911.36550401736,5169.85842528143,0.0,13093.0528712814,0.0
106,28238.8255300311,24555.2314197313,0.0,29942.0012357313,0.0
107,51566.2389011248,24555.2314197313,0.0,30145.9677077313,0.0
108,74893.6056173917,24555.2314197313,0.0,32331.5778607313,0.0
109,98220.9256789252,24555.2314197313,0.0,34645.2722797313,0.0
110,98220.9256789252,0.206780896160605,0.0,8140.75213189616,0.0
111,98220.9256789252,0.206780896160605,0.0,6078.56716489616,0.0
112,86698.4538370738,0.0,10946.16163,0.0,0.0
113,74811.7690822714,0.0,11292.18579,0.0,0.0
114,62308.4074587333,0.0,11878.0514,0.0,0.0
115,41529.391596037,0.0,19739.9466835873,0.0,6977.35798358731
116,27082.6092530433,0.0,13724.36432,0.0,0.0
117,12870.228161509,0.0,13501.71058,0.0,0.0
118,0.0,0.0,12226.6923,0.0,0.0
119,0.0,0.0,0.0,14425.7687,0.0
120,0.0,0.0,0.0,10570.43848,0.0
121,0.0,0.0,0.0,9374.218285,0.0
122,388.97365363746,409.445951197327,0.0,9579.16432719733,0.0
123,23716.4427244349,24555.2314197313,0.0,31640.5903817313,0.0
124,23716.3952915494,0.0,0.0,7994.552619,0.0
125,16041.2748113904,0.0,7291.319395,0.0,0.0
126,7415.99935410397,0.0,8193.981206,0.0,0.0
127,0.0,0.0,7045.185296,0.0,0.0
128,0.0,0.0,0.0,10817.37124,0.0
129,4911.36550401736,5169.85842528143,0.0,13695.9063422814,0.0
130,28238.8255300311,24555.2314197313,0.0,32902.1842977313,0.0
131,51566.2389011248,24555.2314197313,0.0,32805.6692887313,0.0
132,74893.6056173917,24555.2314197313,0.0,34060.8702457313,0.0
133,98220.9256789252,24555.2314197313,0.0,36028.9613697313,0.0
134,98220.9256789252,0.206780896160605,0.0,10879.0029808962,0.0
135,98220.7292370738,0.0,0.0,12136.95496,0.0
136,85610.0747429838,0.0,11979.93515,0.0,0.0
137,70964.6024386238,0.0,13913.03603,0.0,0.0
138,45116.8484886491,0.0,24555.2314197313,0.0,12384.5614697313
139,19269.1462341824,0.0,24555.2314197313,0.0,15247.9686247313
140,12689.1610064162,0.0,6250.949355,0.0,0.0
141,8306.40328809421,0.0,4163.595723,0.0,0.0
142,2939.34466370869,0.0,5098.689911,0.0,0.0
143,0.0,0.0,2792.3718457684,2305.4182942316,0.0
144,0.0,0.0,0.0,6844.955135,0.0
145,0.0,0.0,0.0,3173.17394,0.0
146,3519.59421320894,3704.83601390414,0.0,8769.89481190415,0.0
147,26847.0570227652,24555.2314197313,0.0,27610.1239957313,0.0
148,26847.0033286512,0.0,0.0,3850.577728,0.0
149,20075.1639662235,0.0,6433.196385,0.0,0.0
150,11779.0004106324,0.0,7881.317235,0.0,0.0
151,0.0,0.0,11190.02801,0.0,0.0
152,0.0,0.0,0.0,10131.52347,0.0
153,4911.36550401736,5169.85842528143,0.0,16332.8000352814,0.0
154,28238.8255300311,24555.2314197313,0.0,37426.6932897313,0.0
155,51566.2389011248,24555.2314197313,0.0,38220.9359397313,0.0
156,74893.6056173917,24555.2314197313,0.0,39643.4301997313,0.0
157,98220.9256789252,24555.2314197313,0.0,38999.7640197313,0.0
158,98220.9256789252,0.206780896160605,0.0,12123.7692008962,0.0
159,98220.9256789252,0.206780896160605,0.0,6630.54143589616,0.0
160,90774.1863833896,0.0,7074.215711,0.0,0.0
161,78554.5626455432,0.0,11608.47008,0.0,0.0
162,63960.5171843728,0.0,13864.1939344429,0.0,3451.37615444285
163,38112.7772425686,0.0,24555.2314197313,0.0,13344.4040997313
164,25128.3562591194,0.0,12335.12752,0.0,0.0
165,12485.4139813543,0.0,12010.74742,0.0,0.0
166,0.0,0.0,11861.11956,0.0,0.0
167,0.0,0.0,0.0,12977.60419,0.0
168,0.0,0.0,0.0,11904.31352,0.0
169,0.0,0.0,0.0,5764.719949,0.0
170,0.0,0.0,0.0,5567.03884,0.0
171,16184.140923902,17035.9378146336,0.0,22277.9092206336,0.0
172,16184.1085556201,0.0,0.0,4902.544965,0.0
173,10155.6567652977,0.0,5726.998451,0.0,0.0
174,5859.09736977369,0.0,4081.71213,0.0,0.0
175,0.0,0.0,5566.131369,0.0,0.0
176,0.0,0.0,0.0,4380.348625,0.0
177,4911.36550401736,5169.85842528143,0.0,10866.8455292814,0.0
178,28238.8255300311,24555.2314197313,0.0,29313.2866797313,0.0
179,51566.2389011248,24555.2314197313,0.0,28117.7051167313,0.0
180,74893.6056173917,24555.2314197313,0.0,32809.8190317313,0.0
181,98220.9256789252,24555.2314197313,0.0,30646.5007317313,0.0
182,98220.9256789252,0.206780896160605,0.0,6980.10330289616,0.0
183,98220.7292370738,0.0,0.0,8469.546043,0.0
184,87690.4438903522,0.0,10003.58446,0.0,0.0
185,76365.6861199908,0.0,10758.35327,0.0,0.0
186,50517.9213678487,0.0,24555.2314197313,0.0,15255.4664207313
187,24670.2083112362,0.0,24555.2314197313,0.0,17624.4910807313
188,18704.9324960828,0.0,5666.965151,0.0,0.0
189,12039.6606725336,0.0,6331.972693,0.0,0.0
190,4849.12350479117,0.0,6830.987434,0.0,0.0
191,0.0,0.0,4606.65811621695,675.295250783052,0.0
192,0.0,0.0,0.0,4894.828076,0.0
193,0.0,0.0,0.0,1509.669031,0.0
194,0.0,0.0,0.0,2451.127981,0.0
195,14176.1121970767,14922.2233653439,0.0,15365.9530625439,0.0
196,14176.0838448523,0.0,0.0,2673.231649,0.0
197,12237.0028779478,0.0,1842.099984,0.0,0.0
198,6497.23419025785,0.0,5452.757003,0.0,0.0
199,0.0,0.0,6172.360136,0.0,0.0
200,0.0,0.0,0.0,6756.703626,0.0
201,4911.36550401736,5169.85842528143,0.0,13182.3554022814,0.0
202,28238.8255300311,24555.2314197313,0.0,33717.0180057313,0.0
203,51566.2389011248,24555.2314197313,0.0,31813.9549937313,0.0
204,74893.6056173917,24555.2314197313,0.0,32201.1015587313,0.0
205,98220.9256789252,24555.2314197313,0.0,33748.4461487313,0.0
206,98220.9256789252,0.206780896160605,0.0,8532.46230789616,0.0
207,98220.9256789252,0.206780896160605,0.0,7931.89108689616,0.0
208,89118.277182337,0.0,8647.329452,0.0,0.0
209,76757.4830194668,0.0,11742.58513,0.0,0.0
210,55457.6415662243,0.0,20234.7035413627,0.0,7859.40701136266
211,29609.9186301714,0.0,24555.2314197313,0.0,12348.8350597313
212,18505.9661998078,0.0,10548.69855,0.0,0.0
213,8273.93771419122,0.0,9720.3919,0.0,0.0
214,0.0,0.0,7860.225108,0.0,0.0
215,0.0,0.0,0.0,7745.219088,0.0
216,0.0,0.0,0.0,7392.298792,0.0
217,0.0,0.0,0.0,4536.325872,0.0
218,0.0,0.0,0.0,4685.238261,0.0
219,13795.245547508,14521.31110264,0.0,22937.82098764,0.0
220,13795.2179570169,0.0,0.0,9686.393923,0.0
221,6252.09898552837,0.0,7165.936812,0.0,0.0
222,2753.2967781725,0.0,3323.850218,0.0,0.0
223,0.0,0.0,2615.626708,0.0,0.0
224,0.0,0.0,0.0,5106.143609,0.0
225,4911.36550401736,5169.85842528143,0.0,12722.9689792814,0.0
226,28238.8255300311,24555.2314197313,0.0,32720.3858737313,0.0
227,51566.2389011248,24555.2314197313,0.0,36469.2767997313,0.0
228,74893.6056173917,24555.2314197313,0.0,39606.7178497313,0.0
229,98220.9256789252,24555.2314197313,0.0,40445.3487997313,0.0
230,98220.9256789252,0.206780896160605,0.0,14678.6172808962,0.0
231,98220.9256789252,0.206780896160605,0.0,15400.0506808962,0.0
232,83976.8946686528,0.0,13531.64284,0.0,0.0
233,68275.4887885476,0.0,14916.17603,0.0,0.0
234,53980.3497323069,0.0,13580.25238,0.0,0.0
235,32255.8796634112,0.0,20638.1440027865,0.0,10424.5475227865
236,23205.9207116518,0.0,8597.399718,0.0,0.0
237,12492.0104682315,0.0,10178.17064,0.0,0.0
238,0.0,0.0,11867.38621,0.0,0.0
239,0.0,0.0,0.0,10934.48535,0.0
240,0.0,0.0,0.0,12586.77045,0.0
241,0.0,0.0,0.0,13835.38081,0.0
242,0.0,0.0,0.0,13290.11023,0.0
243,18629.0642656952,19609.5413323108,0.0,32571.4437623108,0.0
244,18629.0270075667,0.0,0.0,11074.05255,0.0
245,10036.4671189864,0.0,8162.896499,0.0,0.0
246,5424.07869763108,0.0,4381.749931,0.0,0.0
247,0.0,0.0,5152.864457,0.0,0.0
248,0.0,0.0,0.0,4843.744673,0.0
249,4911.36550401736,5169.85842528143,0.0,11026.0632832814,0.0
250,28238.8255300311,24555.2314197313,0.0,33388.5856467313,0.0
251,51566.2389011248,24555.2314197313,0.0,33632.6730337313,0.0
252,74893.6056173917,24555.2314197313,0.0,36771.5361297313,0.0
253,98220.9256789252,24555.2314197313,0.0,35958.3232897313,0.0
254,98220.9256789252,0.206780896160605,0.0,12489.9574008962,0.0
255,98220.9256789252,0.206780896160605,0.0,13221.3948908962,0.0
256,83715.9571142743,0.0,13779.5335166596,1837.81921334041,0.0
257,67637.7213770969,0.0,15274.16489,0.0,0.0
258,49903.1576490226,0.0,16847.70703,0.0,0.0
259,33675.3293374441,0.0,15416.34208,0.0,0.0
260,17982.8663973118,0.0,14907.77581,0.0,0.0
261,0.0,0.0,17083.68891,0.0,0.0
262,0.0,0.0,0.0,14465.55591,0.0
263,0.0,0.0,0.0,12226.26107,0.0
264,0.0,0.0,0.0,10529.02104,0.0
265,0.0,0.0,0.0,8948.903405,0.0
266,6466.79778888262,6807.15556724486,0.0,14614.0148062449,0.0
267,29794.2547040318,24555.2314197313,0.0,32226.3049307313,0.0
268,29794.1951155224,0.0,0.0,7173.101018,0.0
269,19097.4757587111,0.0,10161.82678,0.0,0.0
270,9905.03767744378,0.0,8732.779892,0.0,0.0
271,0.0,0.0,9409.766974,0.0,0.0
272,0.0,0.0,0.0,9167.331366,0.0
273,4911.36550401736,5169.85842528143,0.0,13555.2005842814,0.0
274,28238.8255300311,24555.2314197313,0.0,35456.5594497313,0.0
275,51566.2389011248,24555.2314197313,0.0,35080.9035697313,0.0
276,74893.6056173917,24555.2314197313,0.0,33728.1402037313,0.0
277,98220.9256789252,24555.2314197313,0.0,34181.4898037313,0.0
278,98220.9256789252,0.206780896160605,0.0,11164.2942708962,0.0
279,98220.9256789252,0.206780896160605,0.0,13604.3395808962,0.0
280,85767.7229739159,0.0,11830.35595,0.0,0.0
281,76347.3998447858,0.0,8949.144014,0.0,0.0
282,52525.4274322139,0.0,22630.7287318836,0.0,15863.5566138836
283,26677.7103605893,0.0,24555.2314197313,0.0,16649.9974627313
284,19036.8806999054,0.0,7258.73749,0.0,0.0
285,10599.914094565,0.0,8015.082105,0.0,0.0
286,0.0,0.0,10069.89825,0.0,0.0
287,0.0,0.0,0.0,10960.6825,0.0
288,0.0,0.0,0.0,7314.358859,0.0
289,0.0,0.0,0.0,6835.535605,0.0
290,0.0,0.0,0.0,5214.520175,0.0
291,18096.3823454785,19048.8235215563,0.0,25536.9088195563,0.0
292,18096.3461527138,0.0,0.0,6682.37154,0.0
293,10358.5008621267,0.0,7350.918643,0.0,0.0
294,5085.72040301975,0.0,5009.121755,0.0,0.0
295,0.0,0.0,4831.42472,0.0,0.0
296,0.0,0.0,0.0,5297.517039,0.0
297,4911.36550401736,5169.85842528143,0.0,11797.2652502814,0.0
298,28238.8255300311,24555.2314197313,0.0,30159.1557017313,0.0
299,51566.2389011248,24555.2314197313,0.0,30910.1911627313,0.0
300,74893.6056173917,24555.2314197313,0.0,31463.0579527313,0.0
301,98220.9256789252,24555.2314197313,0.0,33718.7530557313,0.0
302,98220.9256789252,0.206780896160605,0.0,7606.77096689616,0.0
303,98220.7292370738,0.0,0.0,7226.836425,0.0
304,95708.6324029838,0.0,2386.305373,0.0,0.0
305,91520.0313520348,0.0,3978.989152,0.0,0.0
306,65672.2362912023,0.0,24555.2314197313,0.0,20227.0116217313
307,39824.4929259599,0.0,24555.2314197313,0.0,18121.2458957313
308,31101.7777138162,0.0,8286.503785,0.0,0.0
309,24385.1336534187,0.0,6380.752764,0.0,0.0
310,16532.0979010461,0.0,7460.337633,0.0,0.0
311,8097.34118948188,0.0,8012.987465,0.0,0.0
312,0.0,0.0,7692.45874505953,352.898902940475,0.0
313,2.27374130191492e-13,0.0,0.0,7756.08103,0.0
314,1863.19473674408,1961.25761762534,0.0,9151.06819062534,0.0
315,25190.6608590993,24555.2314197313,0.0,31913.8223627313,0.0
316,25190.6104777776,0.0,0.0,7563.890304,0.0
317,17381.1056744514,0.0,7418.981701,0.0,0.0
318,8380.85686908216,0.0,8550.203341,0.0,0.0
319,0.0,0.0,7961.798102,0.0,0.0
320,0.0,0.0,0.0,9372.824112,0.0
321,4911.36550401736,5169.85842528143,0.0,13777.5782712814,0.0
322,28238.8255300311,24555.2314197313,0.0,34500.4371817313,0.0
323,51566.2389011248,24555.2314197313,0.0,37313.7524697313,0.0
324,74893.6056173917,24555.2314197313,0.0,38378.3740597313,0.0
325,98220.9256789252,24555.2314197313,0.0,34722.2910797313,0.0
326,98220.9256789252,0.206780896160605,0.0,9956.82128989616,0.0
327,98220.9256789252,0.206780896160605,0.0,9408.20064789616,0.0
328,88721.337882337,0.0,9024.421787,0.0,0.0
329,77802.5132817665,0.0,10372.7148,0.0,0.0
330,53386.1627054945,0.0,23195.3852226831,0.0,13268.7223096831
331,27538.4439123993,0.0,24555.2314197313,0.0,16984.0426017313
332,18637.7631628799,0.0,8455.594389,0.0,0.0
333,9887.36101051149,0.0,8312.846633,0.0,0.0
334,0.0,0.0,9392.974174,0.0,0.0
335,0.0,0.0,0.0,10917.3848,0.0
336,0.0,0.0,0.0,7559.465256,0.0
337,0.0,0.0,0.0,6998.051613,0.0
338,0.0,0.0,0.0,5926.385905,0.0
339,2257.04200079055,2375.83368504269,0.0,5829.88065004269,0.0
340,2257.03748670655,0.0,0.0,3050.803912,0.0
341,0.0,0.0,2144.181324,0.0,0.0
342,0.0,0.0,0.0,0.0,0.0
343,0.0,0.0,0.0,0.0,0.0
344,0.0,0.0,0.0,0.0,0.0
345,4911.36550401736,5169.85842528143,0.0,5169.85842528143,0.0
346,28238.8255300311,24555.2314197313,0.0,24864.5230221313,0.0
347,51566.2389011248,24555.2314197313,0.0,26860.2405287313,0.0
348,74893.6056173917,24555.2314197313,0.0,29228.0918267313,0.0
349,98220.9256789252,24555.2314197313,0.0,30582.2803787313,0.0
350,98220.9256789252,0.206780896160605,0.0,6911.75399189616,0.0
351,98220.7292370738,0.0,0.0,4830.025083,0.0
352,93660.1414135101,0.0,4332.371813,0.0,0.0
353,87417.1727374378,0.0,5930.642288,0.0,0.0
354,61569.3858823226,0.0,24555.2314197313,0.0,22819.4102467313
355,35721.650722781,0.0,24555.2314197313,0.0,19557.2440197313
356,29308.3214363217,0.0,6092.594951,0.0,0.0
357,21617.866813363,0.0,7305.876206,0.0,0.0
358,13890.5190039452,0.0,7340.939345,0.0,0.0
359,10513.1200681703,0.0,3208.502597,0.0,0.0
360,8077.9509187723,0.0,2313.390717,0.0,0.0
361,8077.93476287047,0.0,0.0,0.0,0.0
362,8077.91860700094,0.0,0.0,1118.780192,0.0
363,8756.24378875218,714.043513250999,0.0,3176.924731251,0.0
364,8756.2262762646,0.0,0.0,1404.759482,0.0
365,8459.99338781205,0.0,281.4046072,0.0,0.0
366,4631.80737308843,0.0,3636.76064,0.0,0.0
367,0.0,0.0,4400.208204,0.0,0.0
368,0.0,0.0,0.0,4809.879125,0.0
369,4911.36550401736,5169.85842528143,0.0,12150.7840442814,0.0
370,28238.8255300311,24555.2314197313,0.0,32756.7450377313,0.0
371,51566.2389011248,24555.2314197313,0.0,37204.0578597313,0.0
372,74893.6056173917,24555.2314197313,0.0,34299.3742317313,0.0
373,98220.9256789252,24555.2314197313,0.0,33299.5123437313,0.0
374,98220.9256789252,0.206780896160605,0.0,4003.92272489616,0.0
375,98220.7292370738,0.0,0.0,5652.872526,0.0
376,91761.8922314048,0.0,6135.708536,0.0,0.0
377,87044.5600360414,0.0,4481.291238,0.0,0.0
378,61196.7739261516,0.0,24555.2314197313,0.0,20005.6372187313
379,35349.039511834,0.0,24555.2314197313,0.0,18322.8346457313
380,25130.9069895444,0.0,9707.158733,0.0,0.0
381,14471.2719698357,0.0,10126.60552,0.0,0.0
382,4609.37275044965,0.0,9368.776763,0.0,0.0
383,0.0,0.0,4378.89535511894,3496.57414288106,0.0
384,0.0,0.0,0.0,7870.887035,0.0
385,0.0,0.0,0.0,6650.704024,0.0
386,8278.13938175308,8713.83092816114,0.0,14205.3554031611,0.0
387,31605.5926742191,24555.2314197313,0.0,30746.6081877313,0.0
388,31605.5294630337,0.0,0.0,7518.970445,0.0
389,22793.10561408,0.0,8371.742606,0.0,0.0
390,12629.7238805004,0.0,9655.16934,0.0,0.0
391,0.0,0.0,11998.21369,0.0,0.0
392,0.0,0.0,0.0,10582.44166,0.0
393,4911.36550401736,5169.85842528143,0.0,14988.6226182814,0.0
394,28238.8255300311,24555.2314197313,0.0,37193.8989097313,0.0
395,51566.2389011248,24555.2314197313,0.0,37601.2350397313,0.0
396,74893.6056173917,24555.2314197313,0.0,37577.7705097313,0.0
397,98220.9256789252,24555.2314197313,0.0,39624.1239697313,0.0
398,98220.9256789252,0.206780896160605,0.0,14233.9671308962,0.0
399,98220.7292370738,0.0,0.0,11870.32503,0.0
400,89540.0667650891,0.0,8246.442729,0.0,0.0
401,79016.6257639029,0.0,9997.098825,0.0,0.0
402,53168.8557098816,0.0,24555.2314197313,0.0,16402.4529327313
403,27321.1373514004,0.0,24555.2314197313,0.0,18629.9680867313
404,21883.789788073,0.0,5165.428275,0.0,0.0
405,16241.7772836514,0.0,5359.8703,0.0,0.0
406,7195.83883483364,0.0,8593.610667,0.0,0.0
407,0.0,0.0,6836.03322099817,629.354467001828,0.0
408,0.0,0.0,0.0,2535.687054,0.0
409,0.0,0.0,0.0,3476.294368,0.0
410,0.0,0.0,0.0,917.8393759,0.0
411,7687.70596257772,8092.32206587128,0.0,9306.24216287128,0.0
412,7687.69058716579,0.0,0.0,1013.584795,0.0
413,7027.2478644162,0.0,627.40598,0.0,0.0
414,2712.85497202573,0.0,4098.659896,0.0,0.0
415,0.0,0.0,2577.207069,0.0,0.0
416,0.0,0.0,0.0,5749.204072,0.0
417,4911.36550401736,5169.85842528143,0.0,12432.9378072814,0.0
418,28238.8255300311,24555.2314197313,0.0,32277.0597557313,0.0
419,51566.2389011248,24555.2314197313,0.0,32053.3130757313,0.0
420,74893.6056173917,24555.2314197313,0.0,31614.6671497313,0.0
421,98220.9256789252,24555.2314197313,0.0,31534.2331397313,0.0
422,98220.9256789252,0.206780896160605,0.0,10694.8571308962,0.0
423,98220.7292370738,0.0,0.0,7423.169175,0.0
424,91470.848416668,0.0,6412.20016,0.0,0.0
425,84129.3957739185,0.0,6974.206216,0.0,0.0
426,58281.6154943572,0.0,24555.2314197313,0.0,16951.0835217313
427,32433.8869103565,0.0,24555.2314197313,0.0,15582.1439577313
428,25734.9264773195,0.0,6363.950787,0.0,0.0
429,18741.2786548349,0.0,6643.916535,0.0,0.0
430,13589.5632143829,0.0,4894.09406,0.0,0.0
431,6718.30746683541,0.0,6527.66714,0.0,0.0
432,0.0,0.0,6382.37932870946,992.548457290543,0.0
433,0.0,0.0,0.0,5762.668829,0.0
434,0.0,0.0,0.0,2290.667527,0.0
435,16727.5498569233,17607.947217814,0.0,21014.915306814,0.0
436,16727.5164018236,0.0,0.0,5304.613274,0.0
437,11299.2749141592,0.0,5156.797631,0.0,0.0
438,5658.85731139883,0.0,5358.375254,0.0,0.0
439,0.0,0.0,5375.903694,0.0,0.0
440,0.0,0.0,0.0,4548.406528,0.0
441,4911.36550401736,5169.85842528143,0.0,10439.1385612814,0.0
442,28238.8255300311,24555.2314197313,0.0,30011.2122667313,0.0
443,51566.2389011248,24555.2314197313,0.0,31490.4998617313,0.0
444,74893.6056173917,24555.2314197313,0.0,32008.7700497313,0.0
445,98220.9256789252,24555.2314197313,0.0,32991.5165877313,0.0
446,98220.9256789252,0.206780896160605,0.0,10121.0434708962,0.0
447,98220.9256789252,0.206780896160605,0.0,8452.14778089616,0.0
448,86754.612110758,0.0,10892.81127,0.0,0.0
449,77227.0457415338,0.0,9051.023217,0.0,0.0
450,58636.0855660402,0.0,17661.265435332,0.0,6154.99749533204
451,32788.3562730993,0.0,24555.2314197313,0.0,11627.0113797313
452,19231.6796753341,0.0,12878.78047,0.0,0.0
453,9672.3031793432,0.0,9081.371131,0.0,0.0
454,0.0,0.0,9188.669643,0.0,0.0
455,0.0,0.0,0.0,6510.717351,0.0
456,0.0,0.0,0.0,5856.25332,0.0
457,0.0,0.0,0.0,2098.600588,0.0
458,0.0,0.0,0.0,3134.213762,0.0
459,18713.0749625572,19697.973644797,0.0,24472.884602797,0.0
460,18713.0375364072,0.0,0.0,5974.003678,0.0
461,15024.2204977006,0.0,3504.340632,0.0,0.0
462,7356.73505662801,0.0,7284.082623,0.0,0.0
463,0.0,0.0,6988.884326,0.0,0.0
464,0.0,0.0,0.0,4528.144921,0.0
465,4911.36550401736,5169.85842528143,0.0,11426.6862572814,0.0
466,28238.8255300311,24555.2314197313,0.0,31077.3581707313,0.0
467,51566.2389011248,24555.2314197313,0.0,29956.1786057313,0.0
468,74893.6056173917,24555.2314197313,0.0,33865.8699267313,0.0
469,98220.9256789252,24555.2314197313,0.0,32518.6478507313,0.0
470,98220.9256789252,0.206780896160605,0.0,11152.6407308962,0.0
471,98220.9256789252,0.206780896160605,0.0,11003.6407008962,0.0
472,85010.8405212843,0.0,12549.39428,0.0,0.0
473,73952.9302785507,0.0,10504.85321,0.0,0.0
474,55297.8058726789,0.0,17722.2276750107,0.0,10839.2188480107
475,29450.0832562973,0.0,24555.2314197313,0.0,15971.7019267313
476,19408.587201394,0.0,9539.365297,0.0,0.0
477,9186.32031790379,0.0,9711.116663,0.0,0.0
478,0.0,0.0,8726.986848,0.0,0.0
479,0.0,0.0,0.0,8605.511352,0.0
480,0.0,0.0,0.0,4344.171087,0.0
481,0.0,0.0,0.0,3991.410362,0.0
482,0.0,0.0,0.0,4346.309083,0.0
483,22161.2687483621,23327.6513140654,0.0,26953.1149690654,0.0
484,22161.2244258246,0.0,0.0,7048.452262,0.0
485,15839.3802717968,0.0,6005.70984,0.0,0.0
486,8993.88655619416,0.0,6503.188935,0.0,0.0
487,0.0,0.0,8544.17514,0.0,0.0
488,0.0,0.0,0.0,9027.817008,0.0
489,4911.36550401736,5169.85842528143,0.0,19473.1725952814,0.0
490,28238.8255300311,24555.2314197313,0.0,38807.7676097313,0.0
491,51566.2389011248,24555.2314197313,0.0,35614.3137597313,0.0
492,74893.6056173917,24555.2314197313,0.0,35184.5344597313,0.0
493,98220.9256789252,24555.2314197313,0.0,38082.8671497313,0.0
494,98220.9256789252,0.206780896160605,0.0,12085.7921708962,0.0
495,98220.9256789252,0.206780896160605,0.0,10215.8960908962,0.0
496,85785.7004160212,0.0,11813.27738,0.0,0.0
497,74666.7237814625,0.0,10562.86481,0.0,0.0
498,61996.7482795939,0.0,12036.33486,0.0,0.0
499,44006.7521632627,0.0,17090.3785166929,0.0,5971.42060669288
500,30854.6822866005,0.0,12494.38277,0.0,0.0
501,15857.0390088149,0.0,14247.70249,0.0,0.0
502,0.0,0.0,15064.15693,0.0,0.0
503,0.0,0.0,0.0,9651.086498,0.0
504,0.0,0.0,0.0,7873.78865,0.0
505,0.0,0.0,0.0,5417.279832,0.0
506,740.913647344282,779.909102467665,0.0,6740.12422246767,0.0
507,24068.3820142617,24555.2314197313,0.0,33162.9172457313,0.0
508,24068.3338774977,0.0,0.0,8784.998526,0.0
509,17056.1890597773,0.0,6661.491847,0.0,0.0
510,8123.69959582024,0.0,8485.832584,0.0,0.0
511,0.0,0.0,7717.499181,0.0,0.0
512,0.0,0.0,0.0,8779.17987,0.0
513,4911.36550401736,5169.85842528143,0.0,16199.8485852814,0.0
514,28238.8255300311,24555.2314197313,0.0,35555.6905797313,0.0
515,51566.2389011248,24555.2314197313,0.0,37346.1153597313,0.0
516,74893.6056173917,24555.2314197313,0.0,35442.3574297313,0.0
517,98220.9256789252,24555.2314197313,0.0,34860.9467397313,0.0
518,98220.9256789252,0.206780896160605,0.0,11021.5777608962,0.0
519,98220.9256789252,0.206780896160605,0.0,12328.9757708962,0.0
520,85071.2815949686,0.0,12491.97526,0.0,0.0
521,73513.280273458,0.0,10979.93962,0.0,0.0
522,49023.8400947448,0.0,23264.8284945451,0.0,14008.2013665451
523,23176.1300262948,0.0,24555.2314197313,0.0,14548.4210697313
524,15243.4267414032,0.0,7536.024086,0.0,0.0
525,6633.59063244442,0.0,8179.315341,0.0,0.0
526,0.0,0.0,6301.898497,0.0,0.0
527,0.0,0.0,0.0,7627.914656,0.0
528,0.0,0.0,0.0,6835.074415,0.0
529,0.0,0.0,0.0,7563.809194,0.0
530,0.0,0.0,0.0,7213.614025,0.0
531,13728.0222891684,14450.549778072,0.0,21421.989360072,0.0
532,13727.9948331238,0.0,0.0,4939.435064,0.0
533,9964.64839081834,0.0,3575.153037,0.0,0.0
534,5649.70814678471,0.0,4099.174299,0.0,0.0
535,0.0,0.0,5367.212005,0.0,0.0
536,0.0,0.0,0.0,4336.813667,0.0
537,4911.36550401736,5169.85842528143,0.0,9503.88285328143,0.0
538,28238.8255300311,24555.2314197313,0.0,30669.5694937313,0.0
539,51566.2389011248,24555.2314197313,0.0,31988.4131107313,0.0
540,74893.6056173917,24555.2314197313,0.0,32949.6464057313,0.0
541,98220.9256789252,24555.2314197313,0.0,34378.6646737313,0.0
542,98220.9256789252,0.206780896160605,0.0,7347.07723589616,0.0
543,98220.9256789252,0.206780896160605,0.0,9528.30971289616,0.0
544,88045.9946233896,0.0,9665.997883,0.0,0.0
545,78518.9528356109,0.0,9050.522411,0.0,0.0
546,56200.4040555996,0.0,21202.4721550004,0.0,12490.8746580004
547,30352.6796340217,0.0,24555.2314197313,0.0,16569.1333007313
548,22372.7526486624,0.0,7580.872966,0.0,0.0
549,10472.6312084203,0.0,11305.07286,0.0,0.0
550,0.0,0.0,9948.97975,0.0,0.0
551,0.0,0.0,0.0,9482.700189,0.0
552,0.0,0.0,0.0,7525.244932,0.0
553,0.0,0.0,0.0,5345.520117,0.0
554,0.0,0.0,0.0,5340.779558,0.0
555,17089.934787616,17989.4050395958,0.0,23812.1076885958,0.0
556,17089.9006077464,0.0,0.0,6046.426184,0.0
557,9381.84802373467,0.0,7322.617484,0.0,0.0
558,4402.1245758281,0.0,4730.71945,0.0,0.0
559,0.0,0.0,4182.009983,0.0,0.0
560,0.0,0.0,0.0,6241.923866,0.0
561,4911.36550401736,5169.85842528143,0.0,15678.9995252814,0.0
562,28238.8255300311,24555.2314197313,0.0,35644.0987597313,0.0
563,51566.2389011248,24555.2314197313,0.0,34304.6622817313,0.0
564,74893.6056173917,24555.2314197313,0.0,33358.1967877313,0.0
565,98220.9256789252,24555.2314197313,0.0,32588.7334057313,0.0
566,98220.9256789252,0.206780896160605,0.0,8373.58853689616,0.0
567,98220.7292370738,0.0,0.0,7268.420593,0.0
568,88917.3368671943,0.0,8838.036132,0.0,0.0
569,81313.8666756785,0.0,7223.127739,0.0,0.0
570,55466.0920271754,0.0,24555.2314197313,0.0,16711.2710677313
571,29618.3690742215,0.0,24555.2314197313,0.0,16370.4638207313
572,22009.0208690623,0.0,7228.82452,0.0,0.0
573,13019.4700247048,0.0,8540.031485,0.0,0.0
574,2493.87927839633,0.0,9999.286472,0.0,0.0
575,0.0,0.0,2369.18057610589,7132.07179089411,0.0
576,0.0,0.0,0.0,9124.442264,0.0
577,0.0,0.0,0.0,12634.35255,0.0
578,0.0,0.0,0.0,11194.69829,0.0
579,15294.1265567238,16099.0805860251,0.0,25407.4589080251,0.0
580,15294.0959684707,0.0,0.0,5570.568324,0.0
581,8876.49831501563,0.0,6096.688712,0.0,0.0
582,4349.43055149268,0.0,4300.69751,0.0,0.0
583,0.0,0.0,4131.95076,0.0,0.0
584,0.0,0.0,0.0,8303.595438,0.0
585,4911.36550401736,5169.85842528143,0.0,11856.0348362814,0.0
586,28238.8255300311,24555.2314197313,0.0,32784.1158037313,0.0
587,51566.2389011248,24555.2314197313,0.0,33596.5176527313,0.0
588,74893.6056173917,24555.2314197313,0.0,34800.5664397313,0.0
589,98220.9256789252,24555.2314197313,0.0,34891.6385097313,0.0
590,98220.9256789252,0.206780896160605,0.0,12407.9523108962,0.0
591,98220.7292370738,0.0,0.0,12295.40876,0.0
592,84682.8354903522,0.0,12860.81244,0.0,0.0
593,72831.1377036286,0.0,11258.952,0.0,0.0
594,46983.3800205834,0.0,24555.2314197313,0.0,16227.6341977313
595,21135.6740330536,0.0,24555.2314197313,0.0,17228.1162557313
596,12383.8911175933,0.0,8314.15361190659,0.0,1656.95839090659
597,4749.83029296899,0.0,7252.334254,0.0,0.0
598,3192.47683857156,0.0,1479.476757,0.0,0.0
599,3192.47045361788,0.0,0.0,0.0,0.0
600,3192.46406867698,0.0,0.0,0.0,0.0
601,3192.45768374884,0.0,0.0,0.0,0.0
602,3192.45129883347,0.0,0.0,0.0,0.0
603,3192.44491393087,0.0,0.0,0.0,0.0
604,3192.43852904105,0.0,0.0,0.0,0.0
605,3192.43214416399,0.0,0.0,0.0,0.0
606,2333.54458708917,0.0,815.9371136,0.0,0.0
607,0.0,0.0,2216.862924,0.0,0.0
608,0.0,0.0,0.0,2010.606913,0.0
609,4911.36550401736,5169.85842528143,0.0,10710.0337622814,0.0
610,28238.8255300311,24555.2314197313,0.0,30407.7944527313,0.0
611,51566.2389011248,24555.2314197313,0.0,32510.5618867313,0.0
612,74893.6056173917,24555.2314197313,0.0,34206.3619517313,0.0
613,98220.9256789252,24555.2314197313,0.0,33714.7668017313,0.0
614,98220.9256789252,0.206780896160605,0.0,6672.52729589616,0.0
615,98220.7292370738,0.0,0.0,7914.497646,0.0
616,88159.4238629838,0.0,9558.053486,0.0,0.0
617,77025.0928809782,0.0,10577.44693,0.0,0.0
618,51177.3268100226,0.0,24555.2314197313,0.0,16807.4539557313
619,25329.6124345992,0.0,24555.2314197313,0.0,19578.8271987313
620,19274.6403816902,0.0,5752.175324,0.0,0.0
621,16084.3715345147,0.0,3030.718783,0.0,0.0
622,9188.09230156106,0.0,6551.434711,0.0,0.0
623,630.585319060669,0.0,8129.614176,0.0,0.0
624,0.0,0.0,599.054854995529,3740.45222600447,0.0
625,0.0,0.0,0.0,4395.387853,0.0
626,0.0,0.0,0.0,4553.401208,0.0
627,17099.7113364013,17999.6961435804,0.0,23115.9275375804,0.0
628,17099.6771369787,0.0,0.0,3997.277791,0.0
629,14350.6394260454,0.0,2611.553336,0.0,0.0
630,8701.33066897713,0.0,5366.816053,0.0,0.0
631,0.0,0.0,8266.247603,0.0,0.0
632,0.0,0.0,0.0,7494.816978,0.0
633,4911.36550401736,5169.85842528143,0.0,16528.3721752814,0.0
634,28238.8255300311,24555.2314197313,0.0,35376.8428097313,0.0
635,51566.2389011248,24555.2314197313,0.0,36909.8461597313,0.0
636,74893.6056173917,24555.2314197313,0.0,34795.7047897313,0.0
637,98220.9256789252,24555.2314197313,0.0,36728.9170197313,0.0
638,98220.9256789252,0.206780896160605,0.0,13351.2588008962,0.0
639,98220.9256789252,0.206780896160605,0.0,11334.0089608962,0.0
640,83388.6500476002,0.0,14090.47523,0.0,0.0
641,72408.134701879,0.0,10431.33114,0.0,0.0
642,52120.2917096723,0.0,19273.3132671405,0.0,8940.19476714049
643,26272.5754483191,0.0,24555.2314197313,0.0,17258.0001477313
644,17876.2610842208,0.0,7976.448728,0.0,0.0
645,8318.48089169863,0.0,9079.857218,0.0,0.0
646,0.0,0.0,7902.541042,0.0,0.0
647,0.0,0.0,0.0,8302.585091,0.0
648,0.0,0.0,0.0,9356.982261,0.0
649,0.0,0.0,0.0,6917.284071,0.0
650,0.0,0.0,0.0,6781.850812,0.0
651,16567.0048183553,17438.952440374,0.0,24875.200030374,0.0
652,16566.9716843457,0.0,0.0,6152.368445,0.0
653,8121.4762556655,0.0,8023.18918,0.0,0.0
654,3811.09333587088,0.0,4094.848343,0.0,0.0
655,0.0,0.0,3620.531428,0.0,0.0
656,0.0,0.0,0.0,4440.933188,0.0
657,4911.36550401736,5169.85842528143,0.0,9078.11476328143,0.0
658,28238.8255300311,24555.2314197313,0.0,31043.8375957313,0.0
659,51566.2389011248,24555.2314197313,0.0,32948.4963477313,0.0
660,74893.6056173917,24555.2314197313,0.0,33705.1248597313,0.0
661,98220.9256789252,24555.2314197313,0.0,36808.1968597313,0.0
662,98220.9256789252,0.206780896160605,0.0,11478.2268108962,0.0
663,98220.9256789252,0.206780896160605,0.0,11253.2524408962,0.0
664,88833.7445865475,0.0,8917.635418,0.0,0.0
665,78252.4695822162,0.0,10052.04247,0.0,0.0
666,55661.4463265743,0.0,21461.3234131676,0.0,13721.0416271676
667,29813.7229829119,0.0,24555.2314197313,0.0,17607.5365317313
668,20133.6163617817,0.0,9196.044644,0.0,0.0
669,9266.74817875952,0.0,10323.48652,0.0,0.0
670,0.0,0.0,8803.393163,0.0,0.0
671,0.0,0.0,0.0,9509.680413,0.0
672,0.0,0.0,0.0,8998.220958,0.0
673,0.0,0.0,0.0,4808.111105,0.0
674,0.0,0.0,0.0,5213.481873,0.0
675,11192.8316611174,11781.9280643341,0.0,17271.9149433341,0.0
676,11192.8092754541,0.0,0.0,3040.894401,0.0
677,7295.94244141449,0.0,3702.002226,0.0,0.0
678,3901.60690847697,0.0,3224.604894,0.0,0.0
679,0.0,0.0,3706.51915,0.0,0.0
680,0.0,0.0,0.0,4239.198703,0.0
681,4911.36550401736,5169.85842528143,0.0,9684.01189328143,0.0
682,28238.8255300311,24555.2314197313,0.0,30120.3810937313,0.0
683,51566.2389011248,24555.2314197313,0.0,27911.2893897313,0.0
684,74893.6056173917,24555.2314197313,0.0,28307.3869207313,0.0
685,98220.9256789252,24555.2314197313,0.0,28980.1278417313,0.0
686,98220.9256789252,0.206780896160605,0.0,4484.73467989616,0.0
687,98220.7292370738,0.0,0.0,2753.452711,0.0
688,92587.7332640364,0.0,5351.159555,0.0,0.0
689,86874.7178390962,0.0,5427.188737,0.0,0.0
690,61026.9320688907,0.0,24555.2314197313,0.0,20882.6041507313
691,35179.1979942568,0.0,24555.2314197313,0.0,20498.2124527313
692,28373.4831484924,0.0,6465.362263,0.0,0.0
693,23253.9161331051,0.0,4863.534755,0.0,0.0
694,16060.4804936939,0.0,6833.719675,0.0,0.0
695,11427.988509575,0.0,4400.83687,0.0,0.0
696,6790.65884833481,0.0,4405.441465,0.0,0.0
697,6790.64526701711,0.0,0.0,3833.510107,0.0
698,6790.63168572658,0.0,0.0,3576.687805,0.0
699,18651.0678988036,12484.6839940425,0.0,19351.0176820425,0.0
700,18651.0305966678,0.0,0.0,7820.271499,0.0
701,12423.8826146066,0.0,5915.755146,0.0,0.0
702,6299.21014789398,0.0,5818.415238,0.0,0.0
703,0.0,0.0,5984.237672,0.0,0.0
704,0.0,0.0,0.0,7646.043731,0.0
705,4911.36550401736,5169.85842528143,0.0,12145.4586162814,0.0
706,28238.8255300311,24555.2314197313,0.0,33054.0433247313,0.0
707,51566.2389011248,24555.2314197313,0.0,33133.5214227313,0.0
708,74893.6056173917,24555.2314197313,0.0,31752.3809167313,0.0
709,98220.9256789252,24555.2314197313,0.0,32551.7943927313,0.0
710,98220.9256789252,0.206780896160605,0.0,8095.70596089616,0.0
711,98220.7292370738,0.0,0.0,7613.728923,0.0
712,90085.1453598259,0.0,7728.618064,0.0,0.0
713,82930.3961105878,0.0,6796.840625,0.0,0.0
714,57082.6182290258,0.0,24555.2314197313,0.0,19537.0863977313
715,31234.8920430196,0.0,24555.2314197313,0.0,18305.8395327313
716,26520.9094803898,0.0,4478.22408820345,0.0,2245.88103520345
717,23417.8861701497,0.0,2947.821755,0.0,0.0
718,17204.7188227985,0.0,5902.464486,0.0,0.0
719,14106.7449533608,0.0,2943.042487,0.0,0.0
720,10633.3442493446,0.0,3299.703866,0.0,0.0
721,10633.3229826561,0.0,0.0,4361.421296,0.0
722,10633.3017160101,0.0,0.0,5189.448616,0.0
723,10633.2804494067,0.0,0.0,5554.649113,0.0
724,10633.2591828458,0.0,0.0,7897.596439,0.0
725,4135.6682784327,0.0,6172.691156,0.0,0.0
726,2019.86386288562,0.0,2010.006337,0.0,0.0
727,0.0,0.0,1918.866832,0.0,0.0
728,0.0,0.0,0.0,2205.410122,0.0
729,4911.36550401736,5169.85842528143,0.0,8193.02748128143,0.0
730,28238.8255300311,24555.2314197313,0.0,28180.5546437313,0.0
731,51566.2389011248,24555.2314197313,0.0,25492.4833369313,0.0
732,74893.6056173917,24555.2314197313,0.0,26514.5221407313,0.0
733,98220.9256789252,24555.2314197313,0.0,28289.5553577313,0.0
734,98220.9256789252,0.206780896160605,0.0,5983.16831889616,0.0
735,98220.7292370738,0.0,0.0,6242.955874,0.0
736,90440.4136335101,0.0,7391.113204,0.0,0.0
737,82017.6387905776,0.0,8001.464264,0.0,0.0
738,56169.8627345302,0.0,24555.2314197313,0.0,18069.9676157313
739,30322.138374035,0.0,24555.2314197313,0.0,20017.8321707313
740,24474.7722887056,0.0,5554.940169,0.0,0.0
741,16090.6746138979,0.0,7964.846289,0.0,0.0
742,6291.66417886443,0.0,9309.029341,0.0,0.0
743,0.0,0.0,5977.06901575927,2265.02017724073,0.0
744,0.0,0.0,0.0,9340.373,0.0
745,0.0,0.0,0.0,8435.392155,0.0
746,0.0,0.0,0.0,7327.357624,0.0
747,18735.9466886048,19722.0491458998,0.0,24801.2161668998,0.0
748,18735.9092167114,0.0,0.0,4977.728858,0.0
749,11364.8213375246,0.0,7002.497887,0.0,0.0
750,6500.78305735559,0.0,4620.814773,0.0,0.0
751,0.0,0.0,6175.731553,0.0,0.0
752,0.0,0.0,0.0,7100.614578,0.0
753,4911.36550401736,5169.85842528143,0.0,12770.0329772814,0.0
754,28238.8255300311,24555.2314197313,0.0,30048.5007187313,0.0
755,51566.2389011248,24555.2314197313,0.0,31163.4267427313,0.0
756,74893.6056173917,24555.2314197313,0.0,32643.6113487313,0.0
757,98220.9256789252,24555.2314197313,0.0,37692.5621197313,0.0
758,98220.9256789252,0.206780896160605,0.0,12838.7796908962,0.0
759,98220.7292370738,0.0,0.0,12242.70954,0.0
760,84622.9533219312,0.0,12917.7005,0.0,0.0
761,75365.0584549719,0.0,8794.83934,0.0,0.0
762,49517.2957040852,0.0,24555.2314197313,0.0,18893.5914787313
763,23669.584648724,0.0,24555.2314197313,0.0,20859.8877517313
764,20774.7390990284,0.0,2750.0583,0.0,0.0
765,15685.4680548134,0.0,4834.76802,0.0,0.0
766,7769.74115756146,0.0,7519.91075,0.0,0.0
767,3404.68944755283,0.0,4146.784362,0.0,0.0
768,0.0,0.0,3234.44850626523,3790.34052373477,0.0
769,0.0,0.0,0.0,6918.244684,0.0
770,0.0,0.0,0.0,7404.095556,0.0
771,17206.0797405917,18111.6628848334,0.0,27237.9749538334,0.0
772,17206.0453284322,0.0,0.0,9004.514195,0.0
773,10003.605612131,0.0,6842.285039,0.0,0.0
774,4907.72306807771,0.0,4841.06941,0.0,0.0
775,0.0,0.0,4662.32759,0.0,0.0
776,0.0,0.0,0.0,2526.602799,0.0
777,4911.36550401736,5169.85842528143,0.0,11239.7771992814,0.0
778,28238.8255300311,24555.2314197313,0.0,26960.2693977313,0.0
779,51566.2389011248,24555.2314197313,0.0,32568.4667237313,0.0
780,74893.6056173917,24555.2314197313,0.0,31215.6507837313,0.0
781,98220.9256789252,24555.2314197313,0.0,29965.6348697313,0.0
782,98220.9256789252,0.206780896160605,0.0,2807.11747189616,0.0
783,98220.7292370738,0.0,0.0,5343.908003,0.0
784,92187.6456914048,0.0,5731.242749,0.0,0.0
785,87662.0274266398,0.0,4299.162195,0.0,0.0
786,61814.2400818151,0.0,24555.2314197313,0.0,20229.8434637313
787,35966.5044325652,0.0,24555.2314197313,0.0,18839.5220617313
788,27857.8089379853,0.0,7703.19238349244,0.0,2633.49337949244
789,24886.825906578,0.0,2822.38095,0.0,0.0
790,19242.3767518735,0.0,5362.179412,0.0,0.0
791,12483.9525565937,0.0,6420.466425,0.0,0.0
792,10109.8981644781,0.0,2255.327953,0.0,0.0
793,10109.8779446818,0.0,0.0,1087.574578,0.0
794,10109.8577249259,0.0,0.0,0.0,0.0
795,10109.8375052104,0.0,0.0,0.0,0.0
796,10109.8172855354,0.0,0.0,2909.456201,0.0
797,7482.14487221663,0.0,2496.269584,0.0,0.0
798,3354.4897616111,0.0,3921.258139,0.0,0.0
799,0.0,0.0,3186.7589,0.0,0.0
800,0.0,0.0,0.0,7612.316355,0.0
801,4911.36550401736,5169.85842528143,0.0,10202.7334042814,0.0
802,28238.8255300311,24555.2314197313,0.0,35313.9729897313,0.0
803,51566.2389011248,24555.2314197313,0.0,42078.8137397313,0.0
804,74893.6056173917,24555.2314197313,0.0,39732.8499997313,0.0
805,98220.9256789252,24555.2314197313,0.0,41838.3306397313,0.0
806,98220.9256789252,0.206780896160605,0.0,17936.5661608962,0.0
807,98220.7292370738,0.0,0.0,16500.67921,0.0
808,82717.8285008785,0.0,14727.56908,0.0,0.0
809,70264.5394020636,0.0,11830.46748,0.0,0.0
810,44416.7868522151,0.0,24555.2314197313,0.0,16909.2981267313
811,18569.0859978716,0.0,24555.2314197313,0.0,17527.0434387313
812,14184.0040881206,0.0,4165.792533,0.0,0.0
813,12465.7594759019,0.0,1632.305432,0.0,0.0
814,8620.99115175139,0.0,3652.506223,0.0,0.0
815,4886.78862766383,0.0,3547.476018,0.0,0.0
816,1826.38210777078,0.0,2907.376909,0.0,0.0
817,1826.37845500657,0.0,0.0,2756.689161,0.0
818,1826.37480224966,0.0,0.0,3232.72966,0.0
819,2046.14471685605,231.340597216833,0.0,2303.19605521683,0.0
820,2046.14062456661,0.0,0.0,3351.7727,0.0
821,1592.87952365378,0.0,430.5941582,0.0,0.0
822,0.0,0.0,1513.232521,0.0,0.0
823,0.0,0.0,0.0,0.0,0.0
824,0.0,0.0,0.0,2402.533685,0.0
825,4911.36550401736,5169.85842528143,0.0,5461.60152548143,0.0
826,28238.8255300311,24555.2314197313,0.0,28036.3283067313,0.0
827,51566.2389011248,24555.2314197313,0.0,31475.5217327313,0.0
828,74893.6056173917,24555.2314197313,0.0,33194.6117917313,0.0
829,98220.9256789252,24555.2314197313,0.0,35178.9232497313,0.0
830,98220.9256789252,0.206780896160605,0.0,8656.33432489616,0.0
831,98220.7292370738,0.0,0.0,7782.109546,0.0
832,88884.4360419312,0.0,8869.291916,0.0,0.0
833,78891.8342467433,0.0,9492.802825,0.0,0.0
834,53044.064442305,0.0,24555.2314197313,0.0,17602.7832197313
835,27196.3463334064,0.0,24555.2314197313,0.0,18444.2597837313
836,19682.4577817663,0.0,7138.142451,0.0,0.0
837,14127.7788115876,0.0,5276.907625,0.0,0.0
838,9571.50402339841,0.0,4328.434206,0.0,0.0
839,2519.96515196931,0.0,6698.943742,0.0,0.0
840,0.0,0.0,2393.96210643705,1881.85095956295,0.0
841,0.0,0.0,0.0,2784.393805,0.0
842,0.0,0.0,0.0,467.6396833,0.0
843,13442.2368814591,14149.7230331148,0.0,18892.5105671148,0.0
844,13442.2099969853,0.0,0.0,5501.230533,0.0
845,9537.04189888111,0.0,3709.884153,0.0,0.0
846,6576.60918163942,0.0,2812.392961,0.0,0.0
847,0.0,0.0,6247.766227,0.0,0.0
848,0.0,0.0,0.0,4520.287073,0.0
849,4911.36550401736,5169.85842528143,0.0,8649.31840428143,0.0
850,28238.8255300311,24555.2314197313,0.0,30697.7824687313,0.0
851,51566.2389011248,24555.2314197313,0.0,30333.9629167313,0.0
852,74893.6056173917,24555.2314197313,0.0,30903.7225797313,0.0
853,98220.9256789252,24555.2314197313,0.0,31332.7092157313,0.0
854,98220.9256789252,0.206780896160605,0.0,8062.59764989616,0.0
855,98220.9256789252,0.206780896160605,0.0,11261.6701208962,0.0
856,85746.2750791791,0.0,11850.73145,0.0,0.0
857,73890.3429024184,0.0,11262.97265,0.0,0.0
858,58779.3574901536,0.0,14355.29575,0.0,0.0
859,42523.9981308904,0.0,15442.4797105208,0.0,1013.92334052084
860,26589.86260921,0.0,15137.34795,0.0,0.0
861,13625.2686821163,0.0,12316.31371,0.0,0.0
862,0.0,0.0,12943.97936,0.0,0.0
863,0.0,0.0,0.0,15005.94025,0.0
864,0.0,0.0,0.0,14908.1788,0.0
865,0.0,0.0,0.0,11781.76563,0.0
866,0.0,0.0,0.0,12219.28101,0.0
867,21337.4433567842,22460.4666913518,0.0,34937.5134413518,0.0
868,21337.4006818975,0.0,0.0,7855.097756,0.0
869,12331.413610254,0.0,8555.647177,0.0,0.0
870,5603.18709795314,0.0,6391.791757,0.0,0.0
871,0.0,0.0,5323.017097,0.0,0.0
872,0.0,0.0,0.0,7718.017294,0.0
873,4911.36550401736,5169.85842528143,0.0,13882.2507982814,0.0
874,28238.8255300311,24555.2314197313,0.0,35651.0512597313,0.0
875,51566.2389011248,24555.2314197313,0.0,36298.3245997313,0.0
876,74893.6056173917,24555.2314197313,0.0,34802.1525997313,0.0
877,98220.9256789252,24555.2314197313,0.0,29704.3478867313,0.0
878,98220.9256789252,0.206780896160605,0.0,8188.91669589616,0.0
879,98220.7292370738,0.0,0.0,7407.245912,0.0
880,92145.2941787733,0.0,5771.476686,0.0,0.0
881,84260.3468513428,0.0,7490.524885,0.0,0.0
882,58412.5663098793,0.0,24555.2314197313,0.0,18924.5389057313
883,32564.8374639769,0.0,24555.2314197313,0.0,20906.6739047313
884,22638.1319307145,0.0,9430.30838340814,0.0,5808.97229240814
885,22313.8831895033,0.0,307.9932917,0.0,0.0
886,22313.8385617369,0.0,0.0,0.0,0.0
887,17892.9548572177,0.0,4199.797123,0.0,0.0
888,12276.898999729,0.0,5335.219068,0.0,0.0
889,12276.874445931,0.0,0.0,872.2364741,0.0
890,12276.8498921821,0.0,0.0,1138.601561,0.0
891,12276.8253384823,0.0,0.0,0.0,0.0
892,12276.8007848316,0.0,0.0,5412.388168,0.0
893,8515.86798596692,0.0,3572.862833,0.0,0.0
894,6366.06284159937,0.0,2042.298707,0.0,0.0
895,0.0,0.0,6047.747604,0.0,0.0
896,0.0,0.0,0.0,5045.801377,0.0
897,4911.36550401736,5169.85842528143,0.0,13650.8689022814,0.0
898,28238.8255300311,24555.2314197313,0.0,33207.9921057313,0.0
899,51566.2389011248,24555.2314197313,0.0,34444.0450997313,0.0
900,74893.6056173917,24555.2314197313,0.0,32768.6074347313,0.0
901,98220.9256789252,24555.2314197313,0.0,33700.6265237313,0.0
902,98220.9256789252,0.206780896160605,0.0,10280.7022608962,0.0
903,98220.7292370738,0.0,0.0,10346.80935,0.0
904,88455.2712777206,0.0,9276.998442,0.0,0.0
905,78092.6919334939,0.0,9844.282312,0.0,0.0
906,52244.9237273402,0.0,24555.2314197313,0.0,14026.8580497313
907,26397.207216723,0.0,24555.2314197313,0.0,15081.6120817313
908,18450.5220465191,0.0,7549.300757,0.0,0.0
909,11214.2651812645,0.0,6874.408966,0.0,0.0
910,1640.23220115516,0.0,9095.310024,0.0,0.0
911,0.0,0.0,1558.21747465622,2700.75692934378,0.0
912,0.0,0.0,0.0,6464.001365,0.0
913,0.0,0.0,0.0,2428.251046,0.0
914,0.0,0.0,0.0,4509.738134,0.0
915,14600.2334561312,15368.6667959276,0.0,21093.7184329276,0.0
916,14600.2042556643,0.0,0.0,7486.887883,0.0
917,9613.88771104528,0.0,4736.972977,0.0,0.0
918,5201.10861484881,0.0,4192.121875,0.0,0.0
919,0.0,0.0,4941.043302,0.0,0.0
920,0.0,0.0,0.0,5662.055046,0.0
921,4911.36550401736,5169.85842528143,0.0,10460.1225732814,0.0
922,28238.8255300311,24555.2314197313,0.0,31550.8960617313,0.0
923,51566.2389011248,24555.2314197313,0.0,30256.7934897313,0.0
924,74893.6056173917,24555.2314197313,0.0,34432.9147667313,0.0
925,98220.9256789252,24555.2314197313,0.0,33909.0868917313,0.0
926,98220.9256789252,0.206780896160605,0.0,10410.5980508962,0.0
927,98220.9256789252,0.206780896160605,0.0,11024.6767808962,0.0
928,83817.7622581265,0.0,13682.81863,0.0,0.0
929,69738.7823804967,0.0,13374.87163,0.0,0.0
930,55724.4627531039,0.0,13313.4711423366,0.0,3246.10472233663
931,29876.7392834086,0.0,24555.2314197313,0.0,12376.2273797313
932,17524.6135720353,0.0,11734.46266,0.0,0.0
933,10040.3514396502,0.0,7110.015729,0.0,0.0
934,0.0,0.0,9538.314791,0.0,0.0
935,0.0,0.0,0.0,7941.236728,0.0
936,0.0,0.0,0.0,8204.860245,0.0
937,0.0,0.0,0.0,7670.829511,0.0
938,0.0,0.0,0.0,6690.15433,0.0
939,17106.5541667285,18006.8991228721,0.0,24639.9071238721,0.0
940,17106.5199536202,0.0,0.0,4795.389809,0.0
941,12651.3992195276,0.0,4232.332195,0.0,0.0
942,7850.99617146603,0.0,4560.358858,0.0,0.0
943,0.0,0.0,7458.431446,0.0,0.0
944,0.0,0.0,0.0,6764.284125,0.0
945,4911.36550401736,5169.85842528143,0.0,9511.88924728143,0.0
946,28238.8255300311,24555.2314197313,0.0,28031.7621087313,0.0
947,51566.2389011248,24555.2314197313,0.0,31095.4933387313,0.0
948,74893.6056173917,24555.2314197313,0.0,34565.7444897313,0.0
949,98220.9256789252,24555.2314197313,0.0,31244.2466797313,0.0
950,98220.9256789252,0.206780896160605,0.0,10073.1453708962,0.0
951,98220.7292370738,0.0,0.0,9613.705278,0.0
952,89510.4541661417,0.0,8274.574698,0.0,0.0
953,78171.3258189176,0.0,10772.00186,0.0,0.0
954,52323.5574554961,0.0,24555.2314197313,0.0,10781.5410197313
955,26475.8407876114,0.0,24555.2314197313,0.0,14406.1873797313
956,15440.139972772,0.0,10483.86547,0.0,0.0
957,5912.25376196572,0.0,9051.462564,0.0,0.0
958,696.827410089772,0.0,4954.643801,0.0,0.0
959,0.0,0.0,661.984715613204,2596.6233783868,0.0
960,0.0,0.0,0.0,3773.54653,0.0
961,0.0,0.0,0.0,2529.81409,0.0
962,0.0,0.0,0.0,1443.395748,0.0
963,443.49241596789,466.834122071463,0.0,1010.92674477146,0.0
964,443.491528983058,0.0,0.0,1154.750201,0.0
965,0.0,0.0,421.3161099,0.0,0.0
966,0.0,0.0,0.0,0.0,0.0
967,0.0,0.0,0.0,0.0,0.0
968,0.0,0.0,0.0,0.0,0.0
969,4911.36550401736,5169.85842528143,0.0,5534.19901078143,0.0
970,28238.8255300311,24555.2314197313,0.0,27228.1567587313,0.0
971,51566.2389011248,24555.2314197313,0.0,28872.3277937313,0.0
972,74893.6056173917,24555.2314197313,0.0,32616.3467737313,0.0
973,98220.9256789252,24555.2314197313,0.0,34976.0746597313,0.0
974,98220.9256789252,0.206780896160605,0.0,11433.4387308962,0.0
975,98220.9256789252,0.206780896160605,0.0,10009.6564608962,0.0
976,87752.634642337,0.0,9944.689865,0.0,0.0
977,78169.7730570677,0.0,9103.551776,0.0,0.0
978,61781.455780397,0.0,15568.7528902683,0.0,3693.64695026834
979,35933.7201967157,0.0,24555.2314197313,0.0,12476.5764397313
980,22176.2372450648,0.0,13069.54053,0.0,0.0
981,11986.2951410113,0.0,9680.402864,0.0,0.0
982,0.0,0.0,11386.95761,0.0,0.0
983,0.0,0.0,0.0,12857.33749,0.0
984,0.0,0.0,0.0,10951.9923,0.0
985,0.0,0.0,0.0,12177.76217,0.0
986,0.0,0.0,0.0,9871.763819,0.0
987,19684.3779858408,20720.3978798324,0.0,29149.7540678325,0.0
988,19684.3386170849,0.0,0.0,6296.23837,0.0
989,15148.2023978813,0.0,4309.292008,0.0,0.0
990,8841.26457305546,0.0,5991.562152,0.0,0.0
991,0.0,0.0,8399.184546,0.0,0.0
992,0.0,0.0,0.0,7156.95614,0.0
993,4911.36550401736,5169.85842528143,0.0,13212.2192302814,0.0
994,28238.8255300311,24555.2314197313,0.0,31768.5184267313,0.0
995,51566.2389011248,24555.2314197313,0.0,30004.0298747313,0.0
996,74893.6056173917,24555.2314197313,0.0,30398.6377907313,0.0
997,98220.9256789252,24555.2314197313,0.0,35569.0404897313,0.0
998,98220.9256789252,0.206780896160605,0.0,13819.1943008962,0.0
999,98220.9256789252,0.206780896160605,0.0,15513.2608008962,0.0
1000,80863.2623633896,0.0,16489.59353,0.0,0.0
1001,67344.2597316017,0.0,12842.89886,0.0,0.0
1002,54312.4718641349,0.0,12380.07052,0.0,0.0
1003,35522.2306130203,0.0,17850.6259948624,0.0,6044.56703486239
1004,20273.3637475064,0.0,14486.35603,0.0,0.0
1005,8770.91576919996,0.0,10927.28706,0.0,0.0
1006,0.0,0.0,8332.353316,0.0,0.0
1007,0.0,0.0,0.0,8611.144067,0.0
1008,0.0,0.0,0.0,7209.930302,0.0
1009,0.0,0.0,0.0,5232.622723,0.0
1010,0.0,0.0,0.0,6035.80018,0.0
1011,19159.2082136243,20167.5875932887,0.0,27390.3292362887,0.0
1012,19159.1698952079,0.0,0.0,7108.980717,0.0
1013,12453.5858116049,0.0,6370.268477,0.0,0.0
1014,8076.95349811752,0.0,4157.777036,0.0,0.0
1015,0.0,0.0,7673.090477,0.0,0.0
1016,0.0,0.0,0.0,6555.099959,0.0
1017,4911.36550401736,5169.85842528143,0.0,10428.8923472814,0.0
1018,28238.8255300311,24555.2314197313,0.0,33266.6069217313,0.0
1019,51566.2389011248,24555.2314197313,0.0,34122.1687417313,0.0
1020,74893.6056173917,24555.2314197313,0.0,37378.8409897313,0.0
1021,98220.9256789252,24555.2314197313,0.0,37548.4746997313,0.0
1022,98220.9256789252,0.206780896160605,0.0,11426.8685108962,0.0
1023,98220.9256789252,0.206780896160605,0.0,10888.4248708962,0.0
1024,85570.5154581265,0.0,12017.70309,0.0,0.0
1025,69754.8927486745,0.0,15024.67899,0.0,0.0
1026,56652.2621441522,0.0,12447.36654,0.0,0.0
1027,32048.0072950104,0.0,23373.9344673866,0.0,8390.76841738664
1028,19579.2622200484,0.0,11845.24693,0.0,0.0
1029,7390.76198783976,0.0,11579.03802,0.0,0.0
1030,0.0,0.0,7021.209846,0.0,0.0
1031,0.0,0.0,0.0,5191.857099,0.0
1032,0.0,0.0,0.0,901.6049556,0.0
1033,0.0,0.0,0.0,0.0,0.0
1034,0.0,0.0,0.0,3602.570757,0.0
1035,22635.3380650154,23826.6716473847,0.0,29376.5812393847,0.0
1036,22635.2927943393,0.0,0.0,8141.881595,0.0
1037,14869.9554584906,0.0,7377.027462,0.0,0.0
1038,5603.50034384279,0.0,8803.104106,0.0,0.0
1039,0.0,0.0,5323.31468,0.0,0.0
1040,0.0,0.0,0.0,4939.71433,0.0
1041,4911.36550401736,5169.85842528143,0.0,10987.6932562814,0.0
1042,28238.8255300311,24555.2314197313,0.0,35114.6057797313,0.0
1043,51566.2389011248,24555.2314197313,0.0,34307.4266557313,0.0
1044,74893.6056173917,24555.2314197313,0.0,33328.5213537313,0.0
1045,98220.9256789252,24555.2314197313,0.0,33208.5790747313,0.0
1046,98220.9256789252,0.206780896160605,0.0,7432.33662489616,0.0
1047,98220.9256789252,0.206780896160605,0.0,11293.0688708962,0.0
1048,85958.9669633896,0.0,11648.67416,0.0,0.0
1049,76980.6321801925,0.0,8529.254722,0.0,0.0
1050,55593.5208619717,0.0,20317.6094891087,0.0,13986.8966601087
1051,29745.7976541602,0.0,24555.2314197313,0.0,14782.2314727313
1052,18158.3020573017,0.0,11008.0643,0.0,0.0
1053,8802.45407543447,0.0,8888.021082,0.0,0.0
1054,0.0,0.0,8362.314647,0.0,0.0
1055,0.0,0.0,0.0,7750.169209,0.0
1056,0.0,0.0,0.0,1485.189627,0.0
1057,0.0,0.0,0.0,0.0,0.0
1058,0.0,0.0,0.0,2112.198344,0.0
1059,4832.53546046683,5086.87943207035,0.0,8499.43986907035,0.0
1060,4832.52579539591,0.0,0.0,4084.153354,0.0
1061,253.645845081164,0.0,4349.926771,0.0,0.0
1062,0.0,0.0,240.9630709,0.0,0.0
1063,0.0,0.0,0.0,0.0,0.0
1064,0.0,0.0,0.0,0.0,0.0
1065,4911.36550401736,5169.85842528143,0.0,5169.85842528143,0.0
1066,28238.8255300311,24555.2314197313,0.0,24555.2314197313,0.0
1067,51566.2389011248,24555.2314197313,0.0,24555.2314197313,0.0
1068,74893.6056173917,24555.2314197313,0.0,24555.2314197313,0.0
1069,98220.9256789252,24555.2314197313,0.0,25026.3575667313,0.0
1070,98220.9256789252,0.206780896160605,0.0,0.206780896160605,0.0
1071,98220.7292370738,0.0,0.0,1327.473557,0.0
1072,97301.4018544575,0.0,873.1743941,0.0,0.0
1073,91861.9858842853,0.0,5167.260299,0.0,0.0
1074,66014.1901395438,0.0,24555.2314197313,0.0,18720.8040097313
1075,40166.4460903937,0.0,24555.2314197313,0.0,15124.9120947313
1076,32383.9793880279,0.0,7393.267051,0.0,0.0
1077,22965.5575453323,0.0,8947.439221,0.0,0.0
1078,12829.0069036909,0.0,9629.679475,0.0,0.0
1079,3641.13070988758,0.0,8728.458009,0.0,0.0
1080,0.0,0.0,3459.06725624485,2509.51700675515,0.0
1081,0.0,0.0,0.0,7432.960052,0.0
1082,15160.3248370643,15958.236670594,0.0,24461.701538594,0.0
1083,38487.7643651593,24555.2314197313,0.0,38464.2154597313,0.0
1084,38487.6873896306,0.0,0.0,12917.14847,0.0
1085,24118.9824037295,0.0,13650.19661,0.0,0.0
1086,9930.7770920805,0.0,13478.74922,0.0,0.0
1087,0.0,0.0,9434.219369,0.0,0.0
1088,0.0,0.0,0.0,7630.784722,0.0
1089,4911.36550401736,5169.85842528143,0.0,12612.7951722814,0.0
1090,28238.8255300311,24555.2314197313,0.0,34882.1741897313,0.0
1091,51566.2389011248,24555.2314197313,0.0,35706.1360997313,0.0
1092,74893.6056173917,24555.2314197313,0.0,35131.5530597313,0.0
1093,98220.9256789252,24555.2314197313,0.0,32483.6587807313,0.0
1094,98220.9256789252,0.206780896160605,0.0,11889.2506408962,0.0
1095,98220.7292370738,0.0,0.0,11309.67168,0.0
1096,87845.5108608785,0.0,9856.270838,0.0,0.0
1097,79248.3409993305,0.0,8167.144462,0.0,0.0
1098,53400.5704818787,0.0,24555.2314197313,0.0,17320.6610847313
1099,27552.851659968,0.0,24555.2314197313,0.0,14960.8704977313
1100,20542.5304574225,0.0,6659.752792,0.0,0.0
1101,12356.8153081511,0.0,7776.390361,0.0,0.0
1102,2365.18417978364,0.0,9492.026094,0.0,0.0
1103,0.0,0.0,2246.92047694452,8389.18787305548,0.0
1104,0.0,0.0,0.0,9619.302536,0.0
1105,0.0,0.0,0.0,8339.029448,0.0
1106,0.0,0.0,0.0,8254.595843,0.0
1107,19818.0254329785,20861.0794031353,0.0,27699.5983011353,0.0
1108,19817.9857969277,0.0,0.0,5465.82218,0.0
1109,11674.2367620087,0.0,7736.523929,0.0,0.0
1110,4306.24127353518,0.0,6999.573533,0.0,0.0
1111,0.0,0.0,4090.921028,0.0,0.0
1112,0.0,0.0,0.0,6483.970448,0.0
1113,4911.36550401736,5169.85842528143,0.0,14170.3882832814,0.0
1114,28238.8255300311,24555.2314197313,0.0,32150.8730767313,0.0
1115,51566.2389011248,24555.2314197313,0.0,32024.9740077313,0.0
1116,74893.6056173917,24555.2314197313,0.0,30557.8986767313,0.0
1117,98220.9256789252,24555.2314197313,0.0,31668.8775037313,0.0
1118,98220.9256789252,0.206780896160605,0.0,10043.1049808962,0.0
1119,98220.7292370738,0.0,0.0,13589.10828,0.0
1120,86022.8040377206,0.0,11587.84232,0.0,0.0
1121,78644.1604700073,0.0,7009.547946,0.0,0.0
1122,52796.3911609166,0.0,24555.2314197313,0.0,18142.1087167313
1123,26948.6735473645,0.0,24555.2314197313,0.0,18623.1468207313
1124,24578.5876384385,0.0,2251.530411,0.0,0.0
1125,23774.1409345263,0.0,764.1776694,0.0,0.0
1126,22303.689470455,0.0,1396.88372,0.0,0.0
1127,14410.4853472866,0.0,7498.50154,0.0,0.0
1128,8057.29669894746,0.0,6035.501836,0.0,0.0
1129,8057.28058435407,0.0,0.0,4772.463547,0.0
1130,8057.2644697929,0.0,0.0,3889.410145,0.0
1131,20536.6854894964,13136.2496149815,0.0,17216.6565889815,0.0
1132,20536.6444161254,0.0,0.0,7037.446961,0.0
1133,13178.9600249419,0.0,6989.761152,0.0,0.0
1134,6768.77406702182,0.0,6089.65162,0.0,0.0
1135,0.0,0.0,6430.322503,0.0,0.0
1136,0.0,0.0,0.0,6765.312588,0.0
1137,4911.36550401736,5169.85842528143,0.0,12368.5629202814,0.0
1138,28238.8255300311,24555.2314197313,0.0,34074.8606327313,0.0
1139,51566.2389011248,24555.2314197313,0.0,35527.7335797313,0.0
1140,74893.6056173917,24555.2314197313,0.0,37346.9135397313,0.0
1141,98220.9256789252,24555.2314197313,0.0,38081.2221297313,0.0
1142,98220.9256789252,0.206780896160605,0.0,12914.2077608962,0.0
1143,98220.9256789252,0.206780896160605,0.0,11598.5992308962,0.0
1144,85190.9853212844,0.0,12378.25672,0.0,0.0
1145,70944.8179077348,0.0,13533.69718,0.0,0.0
1146,58961.867818099,0.0,11383.66779,0.0,0.0
1147,41846.2365469949,0.0,16259.73768,0.0,0.0
1148,26294.6337176797,0.0,14773.94318,0.0,0.0
1149,11054.1122757807,0.0,14478.44541,0.0,0.0
1150,0.0,0.0,10501.3856591784,3415.06992082164,0.0
1151,0.0,0.0,0.0,12316.80738,0.0
1152,0.0,0.0,0.0,10651.78597,0.0
1153,0.0,0.0,0.0,10561.10448,0.0
1154,0.0,0.0,0.0,9248.503152,0.0
1155,18640.4291099768,19621.5043262914,0.0,28543.7956632914,0.0
1156,18640.3918291186,0.0,0.0,5158.527362,0.0
1157,17132.5849062297,0.0,1432.38116,0.0,0.0
1158,10005.2667715862,0.0,6770.919676,0.0,0.0
1159,0.0,0.0,9504.984423,0.0,0.0
1160,0.0,0.0,0.0,7629.846381,0.0
1161,4911.36550401736,5169.85842528143,0.0,14543.8094872814,0.0
1162,28238.8255300311,24555.2314197313,0.0,33264.9020737313,0.0
1163,51566.2389011248,24555.2314197313,0.0,34115.5531197313,0.0
1164,74893.6056173917,24555.2314197313,0.0,33853.1074507313,0.0
1165,98220.9256789252,24555.2314197313,0.0,33290.6903377313,0.0
1166,98220.9256789252,0.206780896160605,0.0,9830.08620389616,0.0
1167,98220.9256789252,0.206780896160605,0.0,14367.0290008962,0.0
1168,83521.1748160212,0.0,13964.5767,0.0,0.0
1169,66672.4988789347,0.0,16006.08345,0.0,0.0
1170,46465.5175655159,0.0,19196.50557,0.0,0.0
1171,33219.8687367733,0.0,12583.2781028222,0.0,1816.99545282217
1172,20548.1554970358,0.0,12038.06446,0.0,0.0
1173,9947.20450598796,0.0,10070.8644,0.0,0.0
1174,0.0,0.0,9449.825381,0.0,0.0
1175,0.0,0.0,0.0,10196.52478,0.0
1176,0.0,0.0,0.0,6718.59389,0.0
1177,0.0,0.0,0.0,5992.146685,0.0
1178,17339.8901947179,18252.5159944399,0.0,27406.7132474399,0.0
1179,40667.3253636823,24555.2314197313,0.0,32638.8171887313,0.0
1180,40667.2440290316,0.0,0.0,12386.88231,0.0
1181,29008.0892945435,0.0,11076.11973,0.0,0.0
1182,15686.5508783649,0.0,12655.40638,0.0,0.0
1183,0.0,0.0,14902.19353,0.0,0.0
1184,0.0,0.0,0.0,11398.96536,0.0
1185,4911.36550401736,5169.85842528143,0.0,14909.7851392814,0.0
1186,28238.8255300311,24555.2314197313,0.0,33522.9456537313,0.0
1187,51566.2389011248,24555.2314197313,0.0,34773.7971797313,0.0
1188,74893.6056173917,24555.2314197313,0.0,30845.9122997313,0.0
1189,98220.9256789252,24555.2314197313,0.0,34078.7921187313,0.0
1190,98220.9256789252,0.206780896160605,0.0,11882.6764008962,0.0
1191,98220.9256789252,0.206780896160605,0.0,10990.3942608962,0.0
1192,86592.208742337,0.0,11047.09447,0.0,0.0
1193,75853.7895789721,0.0,10201.33368,0.0,0.0
1194,63183.4586924456,0.0,12036.67022,0.0,0.0
1195,50155.7461992125,0.0,12376.20682,0.0,0.0
1196,30810.5860035095,0.0,18377.80689,0.0,0.0
1197,9596.98354023228,0.0,20152.8638,0.0,0.0
1198,0.0,0.0,9117.11612895194,8763.55483104806,0.0
1199,0.0,0.0,0.0,16109.56036,0.0
1200,0.0,0.0,0.0,13561.67697,0.0
1201,0.0,0.0,0.0,10587.89307,0.0
1202,1716.25046290198,1806.57943463366,0.0,13680.4152046337,0.0
1203,25043.7168791458,24555.2314197313,0.0,37412.4242197313,0.0
1204,25043.666791712,0.0,0.0,10054.12205,0.0
1205,14479.6697464837,0.0,10035.74961,0.0,0.0
1206,7566.20368714422,0.0,6567.765245,0.0,0.0
1207,0.0,0.0,7187.879127,0.0,0.0
1208,0.0,0.0,0.0,9086.401244,0.0
1209,4911.36550401736,5169.85842528143,0.0,14269.8408602814,0.0
1210,28238.8255300311,24555.2314197313,0.0,33679.3353777313,0.0
1211,51566.2389011248,24555.2314197313,0.0,33146.0461777313,0.0
1212,74893.6056173917,24555.2314197313,0.0,32460.2281767313,0.0
1213,98220.9256789252,24555.2314197313,0.0,33322.1115077313,0.0
1214,98220.9256789252,0.206780896160605,0.0,8334.50035689616,0.0
1215,98220.9256789252,0.206780896160605,0.0,9469.42188589616,0.0
1216,87106.6155739159,0.0,10558.40798,0.0,0.0
1217,77647.4957912111,0.0,8985.998291,0.0,0.0
1218,53611.9640491796,0.0,22833.6076246879,0.0,14552.5229656879
1219,27764.2448044817,0.0,24555.2314197313,0.0,13024.6541797313
1220,18355.5459528342,0.0,8938.211157,0.0,0.0
1221,9638.23958384759,0.0,8281.406175,0.0,0.0
1222,0.0,0.0,9156.309292,0.0,0.0
1223,0.0,0.0,0.0,10748.74489,0.0
1224,0.0,0.0,0.0,7798.102787,0.0
1225,0.0,0.0,0.0,3000.631131,0.0
1226,2017.90194966772,2124.1073154397,0.0,6482.6252314397,0.0
1227,25345.3677626085,24555.2314197313,0.0,31955.8779037313,0.0
1228,25345.317071873,0.0,0.0,6743.593129,0.0
1229,16295.779818081,0.0,8597.012235,0.0,0.0
1230,7317.99751915293,0.0,8528.862222,0.0,0.0
1231,0.0,0.0,6952.083739,0.0,0.0
1232,0.0,0.0,0.0,6583.962702,0.0
1233,4911.36550401736,5169.85842528143,0.0,12344.2861272814,0.0
1234,28238.8255300311,24555.2314197313,0.0,31417.4078587313,0.0
1235,51566.2389011248,24555.2314197313,0.0,28028.0686707313,0.0
1236,74893.6056173917,24555.2314197313,0.0,30389.8632717313,0.0
1237,98220.9256789252,24555.2314197313,0.0,33914.7437047313,0.0
1238,98220.9256789252,0.206780896160605,0.0,9584.59285289616,0.0
1239,98220.9256789252,0.206780896160605,0.0,7908.35822589616,0.0
1240,88058.8129718107,0.0,9653.820452,0.0,0.0
1241,76957.5603068163,0.0,10546.02272,0.0,0.0
1242,60894.2989236479,0.0,15259.9520946454,0.0,6176.20358164537
1243,35046.5651142803,0.0,24555.2314197313,0.0,16644.0540707313
1244,23710.5760422027,0.0,10769.12303,0.0,0.0
1245,12889.4726842085,0.0,10280.00314,0.0,0.0
1246,0.0,0.0,12244.97456,0.0,0.0
1247,0.0,0.0,0.0,11157.71665,0.0
1248,0.0,0.0,0.0,10149.14587,0.0
1249,0.0,0.0,0.0,12791.20131,0.0
1250,0.0,0.0,0.0,8879.895503,0.0
1251,23181.9550218485,24402.0579177352,0.0,37198.7381677352,0.0
1252,23181.9086579384,0.0,0.0,10362.61954,0.0
1253,12035.0243678053,0.0,10589.49603,0.0,0.0
1254,3969.93092933554,0.0,7661.8159,0.0,0.0
1255,0.0,0.0,3771.42684,0.0,0.0
1256,0.0,0.0,0.0,7003.457622,0.0
1257,4911.36550401736,5169.85842528143,0.0,15657.1246052814,0.0
1258,28238.8255300311,24555.2314197313,0.0,35790.4425697313,0.0
1259,51566.2389011248,24555.2314197313,0.0,34258.6352177313,0.0
1260,74893.6056173917,24555.2314197313,0.0,34290.6540647313,0.0
1261,98220.9256789252,24555.2314197313,0.0,33483.8960907313,0.0
1262,98220.9256789252,0.206780896160605,0.0,11078.1851808962,0.0
1263,98220.9256789252,0.206780896160605,0.0,11239.2757608962,0.0
1264,84426.9594370738,0.0,13104.08131,0.0,0.0
1265,68640.2923094708,0.0,14997.17336,0.0,0.0
1266,56203.1158709914,0.0,11815.1872,0.0,0.0
1267,41091.441875286,0.0,14355.98351,0.0,0.0
1268,25587.1730818759,0.0,14728.97728,0.0,0.0
1269,10229.9914548982,0.0,14589.27393,0.0,0.0
1270,0.0,0.0,9718.4724451695,2198.7340648305,0.0
1271,0.0,0.0,0.0,11049.47977,0.0
1272,0.0,0.0,0.0,7751.409736,0.0
1273,0.0,0.0,0.0,5401.800745,0.0
1274,1604.04690171939,1688.47042286252,0.0,3300.79750286252,0.0
1275,24931.5135423703,24555.2314197313,0.0,32442.0205217313,0.0
1276,24931.4636793432,0.0,0.0,5233.495346,0.0
1277,16864.885741679,0.0,7663.201671,0.0,0.0
1278,7415.4274603286,0.0,8976.953324,0.0,0.0
1279,0.0,0.0,7044.641998,0.0,0.0
1280,0.0,0.0,0.0,9222.55519,0.0
1281,4911.36550401736,5169.85842528143,0.0,13802.6172202814,0.0
1282,28238.8255300311,24555.2314197313,0.0,36361.3799197313,0.0
1283,51566.2389011248,24555.2314197313,0.0,37280.3234697313,0.0
1284,74893.6056173917,24555.2314197313,0.0,35784.3698997313,0.0
1285,98220.9256789252,24555.2314197313,0.0,36137.3432097313,0.0
1286,98220.9256789252,0.206780896160605,0.0,17922.9200108962,0.0
1287,98220.9256789252,0.206780896160605,0.0,24340.6553508962,0.0
1288,80974.9445952892,0.0,16383.4954096954,2083.43776030464,0.0
1289,61433.463108558,0.0,18564.25356,0.0,0.0
1290,44376.5685890002,0.0,16203.93307,0.0,0.0
1291,29364.7376148104,0.0,14261.15511,0.0,0.0
1292,14084.7728327036,0.0,14515.91075,0.0,0.0
1293,0.0,0.0,13380.50743,0.0,0.0
1294,0.0,0.0,0.0,12441.96391,0.0
1295,0.0,0.0,0.0,10403.17356,0.0
1296,0.0,0.0,0.0,9500.294335,0.0
1297,0.0,0.0,0.0,8879.124134,0.0
1298,0.0,0.0,0.0,8561.721894,0.0
1299,19094.9762094837,20099.9749573513,0.0,30143.1839973513,0.0
1300,19094.9380195313,0.0,0.0,8794.256847,0.0
1301,10567.0536907079,0.0,8101.453832,0.0,0.0
1302,4223.56341449525,0.0,6026.295685,0.0,0.0
1303,0.0,0.0,4012.377219,0.0,0.0
1304,0.0,0.0,0.0,2524.609142,0.0
1305,4911.36550401736,5169.85842528143,0.0,8852.60702628143,0.0
1306,28238.8255300311,24555.2314197313,0.0,32879.6530627313,0.0
1307,51566.2389011248,24555.2314197313,0.0,31994.3340307313,0.0
1308,74893.6056173917,24555.2314197313,0.0,30758.6150167313,0.0
1309,98220.9256789252,24555.2314197313,0.0,32907.2925297313,0.0
1310,98220.9256789252,0.206780896160605,0.0,9597.04274289616,0.0
1311,98220.9256789252,0.206780896160605,0.0,7958.15781689616,0.0
1312,86161.5321212844,0.0,11456.23726,0.0,0.0
1313,74694.5943350622,0.0,10893.42719,0.0,0.0
1314,56030.4941429049,0.0,17730.7532628202,0.0,8131.16288382023
1315,30182.7700611468,0.0,24555.2314197313,0.0,9763.2339297313
1316,18603.9010956067,0.0,10999.86817,0.0,0.0
1317,7878.63910885716,0.0,10188.96354,0.0,0.0
1318,0.0,0.0,7484.692184,0.0,0.0
1319,0.0,0.0,0.0,8073.354891,0.0
1320,0.0,0.0,0.0,7057.283507,0.0
1321,0.0,0.0,0.0,7376.302707,0.0
1322,0.0,0.0,0.0,6389.485481,0.0
1323,19251.9368245994,20265.196657473,0.0,26385.341613473,0.0
1324,19251.8983207257,0.0,0.0,7765.680591,0.0
1325,12530.6775895607,0.0,6385.123116,0.0,0.0
1326,7277.78695873181,0.0,4990.222291,0.0,0.0
1327,0.0,0.0,6913.883783,0.0,0.0
1328,0.0,0.0,0.0,6842.339368,0.0
1329,4911.36550401736,5169.85842528143,0.0,12497.3292452814,0.0
1330,28238.8255300311,24555.2314197313,0.0,32999.3782987313,0.0
1331,51566.2389011248,24555.2314197313,0.0,33660.6867307313,0.0
1332,74893.6056173917,24555.2314197313,0.0,32527.0625097313,0.0
1333,98220.9256789252,24555.2314197313,0.0,31330.9247037313,0.0
1334,98220.9256789252,0.206780896160605,0.0,8867.26563589616,0.0
1335,98220.9256789252,0.206780896160605,0.0,10755.2772408962,0.0
1336,89354.6263391791,0.0,8422.797753,0.0,0.0
1337,81102.6030362422,0.0,7839.252364,0.0,0.0
1338,67036.1038042961,0.0,13363.020175403,0.0,6672.50433040303
1339,41188.3577113187,0.0,24555.2314197313,0.0,15708.9912157313
1340,28017.646292498,0.0,12512.09759,0.0,0.0
1341,14839.1290361528,0.0,12519.53816,0.0,0.0
1342,0.0,0.0,14097.14439,0.0,0.0
1343,0.0,0.0,0.0,11702.28287,0.0
1344,0.0,0.0,0.0,8558.514023,0.0
1345,0.0,0.0,0.0,6161.989175,0.0
1346,5765.94157021573,6069.41217917446,0.0,14834.7620931745,0.0
1347,29093.3998870773,24555.2314197313,0.0,32019.1520157313,0.0
1348,29093.3417002776,0.0,0.0,11915.16298,0.0
1349,21610.1923272784,0.0,7108.936627,0.0,0.0
1350,11270.2889616306,0.0,9822.867138,0.0,0.0
1351,0.0,0.0,10706.7531,0.0,0.0
1352,0.0,0.0,0.0,11617.7795,0.0
1353,4911.36550401736,5169.85842528143,0.0,15667.7217252814,0.0
1354,28238.8255300311,24555.2314197313,0.0,35406.2801697313,0.0
1355,51566.2389011248,24555.2314197313,0.0,34468.8206537313,0.0
1356,74893.6056173917,24555.2314197313,0.0,35702.4539697313,0.0
1357,98220.9256789252,24555.2314197313,0.0,37862.4336697313,0.0
1358,98220.9256789252,0.206780896160605,0.0,14513.0808408962,0.0
1359,98220.9256789252,0.206780896160605,0.0,12330.8065508962,0.0
1360,86980.5338686528,0.0,10678.1856,0.0,0.0
1361,74208.7654760061,0.0,12133.01471,0.0,0.0
1362,60634.2081637383,0.0,12895.68845,0.0,0.0
1363,44518.9585035687,0.0,15309.3719721656,0.0,1218.25184216565
1364,27472.6839603885,0.0,16193.87623,0.0,0.0
1365,11107.5102887048,0.0,15546.86279,0.0,0.0
1366,0.0,0.0,10552.11367,0.0,0.0
1367,0.0,0.0,0.0,8166.550589,0.0
1368,0.0,0.0,0.0,5202.190098,0.0
1369,0.0,0.0,0.0,4550.540812,0.0
1370,0.0,0.0,0.0,4909.037607,0.0
1371,16158.7522802473,17009.2129265761,0.0,20885.7777305761,0.0
1372,16158.7199627428,0.0,0.0,5089.077595,0.0
1373,12192.4335758292,0.0,3767.941366,0.0,0.0
1374,5975.48100148832,0.0,5906.08178,0.0,0.0
1375,0.0,0.0,5676.695598,0.0,0.0
1376,0.0,0.0,0.0,3877.306909,0.0
1377,4911.36550401736,5169.85842528143,0.0,8951.21733028143,0.0
1378,28238.8255300311,24555.2314197313,0.0,32057.9674807313,0.0
1379,51566.2389011248,24555.2314197313,0.0,31239.7615987313,0.0
1380,74893.6056173917,24555.2314197313,0.0,32121.1351797313,0.0
1381,98220.9256789252,24555.2314197313,0.0,38420.3465497313,0.0
1382,98220.9256789252,0.206780896160605,0.0,14313.9444608962,0.0
1383,98220.9256789252,0.206780896160605,0.0,11008.2427308962,0.0
1384,88200.5233749686,0.0,9519.195569,0.0,0.0
1385,79700.0674465534,0.0,8075.265551,0.0,0.0
1386,67741.1100675397,0.0,11360.8580799349,0.0,3951.52902893491
1387,41893.3625645498,0.0,24555.2314197313,0.0,14473.4113797313
1388,28521.9967041404,0.0,12702.71797,0.0,0.0
1389,12724.8103548839,0.0,15007.27284,0.0,0.0
1390,0.0,0.0,12088.54566,0.0,0.0
1391,0.0,0.0,0.0,11601.20438,0.0
1392,0.0,0.0,0.0,7609.512684,0.0
1393,0.0,0.0,0.0,5639.395673,0.0
1394,0.0,0.0,0.0,3898.001079,0.0
1395,15364.6892463253,16173.357101395,0.0,17903.447423395,0.0
1396,15364.6585169468,0.0,0.0,1923.996972,0.0
1397,9573.33684341924,0.0,5501.726397,0.0,0.0
1398,7311.00435674555,0.0,2149.197673,0.0,0.0
1399,0.0,0.0,6945.440248,0.0,0.0
1400,0.0,0.0,0.0,5346.367683,0.0
1401,4911.36550401736,5169.85842528143,0.0,9363.27285328143,0.0
1402,28238.8255300311,24555.2314197313,0.0,29121.5541987313,0.0
1403,51566.2389011248,24555.2314197313,0.0,29182.0117127313,0.0
1404,74893.6056173917,24555.2314197313,0.0,31461.9114697313,0.0
1405,98220.9256789252,24555.2314197313,0.0,33430.1136867313,0.0
1406,98220.9256789252,0.206780896160605,0.0,11561.8252108962,0.0
1407,98220.7292370738,0.0,0.0,11655.33032,0.0
1408,88339.6044282469,0.0,9386.881949,0.0,0.0
1409,80721.7171774591,0.0,7236.825043,0.0,0.0
1410,54873.943713255,0.0,24555.2314197313,0.0,18245.5691147313
1411,29026.2219445978,0.0,24555.2314197313,0.0,18399.2800067313
1412,23523.6590784697,0.0,5227.379573,0.0,0.0
1413,19596.4674711515,0.0,3730.787332,0.0,0.0
1414,15480.8898613745,0.0,3909.761496,0.0,0.0
1415,11685.9384406474,0.0,3605.174436,0.0,0.0
1416,11685.9150687705,0.0,0.0,0.0,0.0
1417,11685.8916969404,0.0,0.0,0.0,0.0
1418,11685.868325157,0.0,0.0,0.0,0.0
1419,17535.2672997962,6157.28668039566,0.0,6157.28668039566,0.0
1420,17535.2322292616,0.0,0.0,2381.534681,0.0
1421,13049.0934324814,0.0,4261.79854,0.0,0.0
1422,7082.93673218925,0.0,5667.824072,0.0,0.0
1423,0.0,0.0,6728.776438,0.0,0.0
1424,0.0,0.0,0.0,8227.176684,0.0
1425,4911.36550401736,5169.85842528143,0.0,13438.5922352814,0.0
1426,28238.8255300311,24555.2314197313,0.0,31869.3245067313,0.0
1427,51566.2389011248,24555.2314197313,0.0,32008.9507607313,0.0
1428,74893.6056173917,24555.2314197313,0.0,32681.5820147313,0.0
1429,98220.9256789252,24555.2314197313,0.0,32877.4355827313,0.0
1430,98220.9256789252,0.206780896160605,0.0,10407.8340708962,0.0
1431,98220.9256789252,0.206780896160605,0.0,9888.01572989616,0.0
1432,86216.6292160212,0.0,11403.89502,0.0,0.0
1433,72919.0393827628,0.0,12632.54653,0.0,0.0
1434,60491.205976263,0.0,11806.30319,0.0,0.0
1435,36462.8190151684,0.0,22826.8526797485,0.0,9908.20285974852
1436,21202.499479004,0.0,14497.23428,0.0,0.0
1437,8505.94989505769,0.0,12061.68182,0.0,0.0
1438,0.0,0.0,8080.636239,0.0,0.0
1439,0.0,0.0,0.0,5195.502363,0.0
1440,0.0,0.0,0.0,7519.27489,0.0
1441,0.0,0.0,0.0,5321.934844,0.0
1442,0.0,0.0,0.0,5080.358668,0.0
1443,15783.5894187913,16614.3046513593,0.0,20539.8259663593,0.0
1444,15783.5578516125,0.0,0.0,2967.164949,0.0
1445,12535.2209613389,0.0,3085.890057,0.0,0.0
1446,7665.44846773904,0.0,4626.260052,0.0,0.0
1447,0.0,0.0,7282.16148,0.0,0.0
1448,0.0,0.0,0.0,7991.160629,0.0
1449,4911.36550401736,5169.85842528143,0.0,11625.3436792814,0.0
1450,28238.8255300311,24555.2314197313,0.0,31650.9329377313,0.0
1451,51566.2389011248,24555.2314197313,0.0,34815.8505697313,0.0
1452,74893.6056173917,24555.2314197313,0.0,32889.4120227313,0.0
1453,98220.9256789252,24555.2314197313,0.0,34392.6183917313,0.0
1454,98220.9256789252,0.206780896160605,0.0,16579.9392408962,0.0
1455,98220.9256789252,0.206780896160605,0.0,16266.3767608962,0.0
1456,79371.2235528633,0.0,17907.0304,0.0,0.0
1457,62147.5796314688,0.0,16362.31092,0.0,0.0
1458,46069.8746099938,0.0,15273.70169,0.0,0.0
1459,30814.8270281393,0.0,14492.20767,0.0,0.0
1460,17374.369124801,0.0,12768.37646,0.0,0.0
1461,1023.4507129049,0.0,15533.33948,0.0,0.0
1462,0.0,0.0,972.276232703302,10185.6294572967,0.0
1463,0.0,0.0,0.0,9721.33659,0.0
1464,0.0,0.0,0.0,7761.641122,0.0
1465,0.0,0.0,0.0,6986.53224,0.0
1466,0.0,0.0,0.0,4655.005106,0.0
1467,15234.6090424983,16036.4305710509,0.0,20773.7340570509,0.0
1468,15234.5785732803,0.0,0.0,6000.791904,0.0
1469,8874.48680096523,0.0,6042.058238,0.0,0.0
1470,3292.83791725478,0.0,5302.549578,0.0,0.0
1471,0.0,0.0,3128.189765,0.0,0.0
1472,0.0,0.0,0.0,3279.130008,0.0
1473,4911.36550401736,5169.85842528143,0.0,11513.3509752814,0.0
1474,28238.8255300311,24555.2314197313,0.0,31240.9337257313,0.0
1475,51566.2389011248,24555.2314197313,0.0,32456.7332537313,0.0
1476,74893.6056173917,24555.2314197313,0.0,32689.4565217313,0.0
1477,98220.9256789252,24555.2314197313,0.0,34701.9492197313,0.0
1478,98220.9256789252,0.206780896160605,0.0,11336.0915208962,0.0
1479,98220.7292370738,0.0,0.0,7737.319169,0.0
1480,90591.1680514048,0.0,7247.896507,0.0,0.0
1481,83092.944651174,0.0,7123.140107,0.0,0.0
1482,57245.1664445149,0.0,24555.2314197313,0.0,17121.5534087313
1483,31397.4399334123,0.0,24555.2314197313,0.0,18832.9918867313
1484,23656.1968406377,0.0,7354.121283,0.0,0.0
1485,15783.2708745598,0.0,7479.234721,0.0,0.0
1486,7521.13324064961,0.0,7849.000764,0.0,0.0
1487,866.476571014704,0.0,6321.909546,0.0,0.0
1488,0.0,0.0,823.151096158484,5555.92958484152,0.0
1489,0.0,0.0,0.0,4251.415148,0.0
1490,0.0,0.0,0.0,3377.998711,0.0
1491,23224.8391525545,24447.1991079521,0.0,29114.9289919521,0.0
1492,23224.7927028762,0.0,0.0,5963.718875,0.0
1493,14491.0567490803,0.0,8297.005029,0.0,0.0
1494,7012.95706591413,0.0,7104.167166,0.0,0.0
1495,0.0,0.0,6662.295888,0.0,0.0
1496,0.0,0.0,0.0,6165.98072,0.0
1497,4911.36550401736,5169.85842528143,0.0,12987.7737352814,0.0
1498,28238.8255300311,24555.2314197313,0.0,33955.9015967313,0.0
1499,51566.2389011248,24555.2314197313,0.0,33955.7190287313,0.0
1500,74893.6056173917,24555.2314197313,0.0,35521.7614297313,0.0
1501,98220.9256789252,24555.2314197313,0.0,33721.0790407313,0.0
1502,98220.9256789252,0.206780896160605,0.0,11587.3279708962,0.0
1503,98220.9256789252,0.206780896160605,0.0,10037.2801108962,0.0
1504,87498.0441739159,0.0,10186.55081,0.0,0.0
1505,75446.2641883539,0.0,11449.02474,0.0,0.0
1506,52323.8008556658,0.0,21966.1968181517,0.0,11682.0237181517
1507,26476.0841872943,0.0,24555.2314197313,0.0,18742.2990727313
1508,18264.3565730207,0.0,7801.090929,0.0,0.0
1509,9148.99588325492,0.0,8659.557953,0.0,0.0
1510,0.0,0.0,8691.528706,0.0,0.0
1511,0.0,0.0,0.0,9922.892279,0.0
1512,0.0,0.0,0.0,4784.20279,0.0
1513,0.0,0.0,0.0,4099.236254,0.0
1514,0.0,0.0,0.0,2924.287552,0.0
1515,15833.1690578254,16666.4937450794,0.0,20511.7894510794,0.0
1516,15833.1373914873,0.0,0.0,3999.262832,0.0
1517,9966.94952731781,0.0,5572.848388,0.0,0.0
1518,4919.34095868192,0.0,4795.209203,0.0,0.0
1519,0.0,0.0,4673.364564,0.0,0.0
1520,0.0,0.0,0.0,5857.91831,0.0
1521,4911.36550401736,5169.85842528143,0.0,12784.3947162814,0.0
1522,28238.8255300311,24555.2314197313,0.0,32692.7489887313,0.0
1523,51566.2389011248,24555.2314197313,0.0,32855.5126007313,0.0
1524,74893.6056173917,24555.2314197313,0.0,29737.8634297313,0.0
1525,98220.9256789252,24555.2314197313,0.0,33913.6990777313,0.0
1526,98220.9256789252,0.206780896160605,0.0,9200.21918889616,0.0
1527,98220.9256789252,0.206780896160605,0.0,8562.97227689616,0.0
1528,87816.079922337,0.0,9884.416849,0.0,0.0
1529,73695.7823743877,0.0,13414.11582,0.0,0.0
1530,61041.6111902329,0.0,12021.3226029605,0.0,450.654072960528
1531,35193.8770862407,0.0,24555.2314197313,0.0,13183.6454897313
1532,21455.2037090129,0.0,13051.67284,0.0,0.0
1533,11138.7764143949,0.0,9800.565165,0.0,0.0
1534,0.0,0.0,10581.81643,0.0,0.0
1535,0.0,0.0,0.0,11447.02632,0.0
1536,0.0,0.0,0.0,5232.331835,0.0
1537,0.0,0.0,0.0,2120.761445,0.0
1538,0.0,0.0,0.0,3136.345143,0.0
1539,7738.3068983721,8145.58620881273,0.0,11335.4287798127,0.0
1540,7738.2914217583,0.0,0.0,1819.714046,0.0
1541,5327.09018833335,0.0,2290.626469,0.0,0.0
1542,4240.23438257403,0.0,1032.502894,0.0,0.0
1543,0.0,0.0,4028.214607,0.0,0.0
1544,0.0,0.0,0.0,6844.575767,0.0
1545,4911.36550401736,5169.85842528143,0.0,13512.8233572814,0.0
1546,28238.8255300311,24555.2314197313,0.0,34440.5625287313,0.0
1547,51566.2389011248,24555.2314197313,0.0,32702.3899067313,0.0
1548,74893.6056173917,24555.2314197313,0.0,34073.3175057313,0.0
1549,98220.9256789252,24555.2314197313,0.0,34808.3301897313,0.0
1550,98220.9256789252,0.206780896160605,0.0,9725.96952489616,0.0
1551,98220.7292370738,0.0,0.0,8635.984628,0.0
1552,89923.374996668,0.0,7882.299909,0.0,0.0
1553,80750.640358339,0.0,8713.927052,0.0,0.0
1554,54902.8668362886,0.0,24555.2314197313,0.0,13277.6455097313
1555,29055.1450097851,0.0,24555.2314197313,0.0,13810.2416697313
1556,17307.3657205477,0.0,11160.33512,0.0,0.0
1557,9697.72436265838,0.0,7229.126406,0.0,0.0
1558,4373.31472089386,0.0,5058.170734,0.0,0.0
1559,460.799944790738,0.0,3716.880728,0.0,0.0
1560,0.0,0.0,437.759072031306,2423.45718896869,0.0
1561,0.0,0.0,0.0,2059.663437,0.0
1562,0.0,0.0,0.0,1825.928045,0.0
1563,15728.3323067532,16556.1392702665,0.0,16556.1392702665,0.0
1564,15728.3008500886,0.0,0.0,1976.445806,0.0
1565,11512.4844482237,0.0,4004.995698,0.0,0.0
1566,4145.83795062327,0.0,6998.292299,0.0,0.0
1567,0.0,0.0,3938.538176,0.0,0.0
1568,0.0,0.0,0.0,1926.391691,0.0
1569,4911.36550401736,5169.85842528143,0.0,9751.49852328143,0.0
1570,28238.8255300311,24555.2314197313,0.0,27846.8732257313,0.0
1571,51566.2389011248,24555.2314197313,0.0,29410.3643867313,0.0
1572,74893.6056173917,24555.2314197313,0.0,29003.8845747313,0.0
1573,98220.9256789252,24555.2314197313,0.0,31312.3187587313,0.0
1574,98220.9256789252,0.206780896160605,0.0,8962.47411589616,0.0
1575,98220.9256789252,0.206780896160605,0.0,12466.5101508962,0.0
1576,85707.8136581265,0.0,11887.2698,0.0,0.0
1577,72822.7470319728,0.0,12240.65045,0.0,0.0
1578,50404.9458515339,0.0,21296.7727581977,0.0,10870.1536281977
1579,24557.2330208724,0.0,24555.2314197313,0.0,16153.5402407313
1580,16875.8812137748,0.0,7297.237558,0.0,0.0
1581,9891.5324841176,0.0,6635.099229,0.0,0.0
1582,0.0,0.0,9396.937066,0.0,0.0
1583,0.0,0.0,0.0,7225.446827,0.0
1584,0.0,0.0,0.0,4205.685553,0.0
1585,0.0,0.0,0.0,3746.351246,0.0
1586,0.0,0.0,0.0,5437.876403,0.0
1587,14618.6023226047,15388.002444847,0.0,22699.349652847,0.0
1588,14618.5730854,0.0,0.0,7645.80831,0.0
1589,7459.60732825384,0.0,6800.989694,0.0,0.0
1590,3675.57222272339,0.0,3594.819177,0.0,0.0
1591,0.0,0.0,3491.786628,0.0,0.0
1592,0.0,0.0,0.0,6249.607405,0.0
1593,4911.36550401736,5169.85842528143,0.0,12581.9627502814,0.0
1594,28238.8255300311,24555.2314197313,0.0,35468.6546597313,0.0
1595,51566.2389011248,24555.2314197313,0.0,35140.7161897313,0.0
1596,74893.6056173917,24555.2314197313,0.0,34577.8156097313,0.0
1597,98220.9256789252,24555.2314197313,0.0,38298.8722697313,0.0
1598,98220.9256789252,0.206780896160605,0.0,11775.0884408962,0.0
1599,98220.9256789252,0.206780896160605,0.0,11663.1777008962,0.0
1600,84073.8207633896,0.0,13439.56305,0.0,0.0
1601,71791.974678906,0.0,11667.59404,0.0,0.0
1602,47391.3359592421,0.0,23180.4703789288,0.0,12678.3374389288
1603,21543.6291558004,0.0,24555.2314197313,0.0,14696.2448917313
1604,13628.2371464369,0.0,7519.581476,0.0,0.0
1605,6970.24444680468,0.0,6325.067171,0.0,0.0
1606,0.0,0.0,6621.718981,0.0,0.0
1607,0.0,0.0,0.0,7086.696765,0.0
1608,0.0,0.0,0.0,6093.950928,0.0
1609,0.0,0.0,0.0,5980.08463,0.0
1610,0.0,0.0,0.0,4446.254909,0.0
1611,15130.6044183374,15926.9520193025,0.0,19041.0510923025,0.0
1612,15130.5741571285,0.0,0.0,3899.952359,0.0
1613,12228.4255286118,0.0,2757.012449,0.0,0.0
1614,6714.82773597126,0.0,5237.894669,0.0,0.0
1615,0.0,0.0,6379.073591,0.0,0.0
1616,0.0,0.0,0.0,7249.948847,0.0
1617,4911.36550401736,5169.85842528143,0.0,11463.5773482814,0.0
1618,28238.8255300311,24555.2314197313,0.0,31600.9343647313,0.0
1619,51566.2389011248,24555.2314197313,0.0,31584.3222907313,0.0
1620,74893.6056173917,24555.2314197313,0.0,32867.3353337313,0.0
1621,98220.9256789252,24555.2314197313,0.0,34550.1324577313,0.0
1622,98220.9256789252,0.206780896160605,0.0,11582.8534308962,0.0
1623,98220.9256789252,0.206780896160605,0.0,10704.7203508962,0.0
1624,87302.6292791791,0.0,10372.19496,0.0,0.0
1625,77420.6780665521,0.0,9387.687777,0.0,0.0
1626,61841.4657099261,0.0,14800.1046395064,0.0,3866.22924950645
1627,35993.7300062249,0.0,24555.2314197313,0.0,11559.9391197313
1628,23007.1832503438,0.0,12337.15103,0.0,0.0
1629,9660.62022545098,0.0,12679.19116,0.0,0.0
1630,0.0,0.0,9177.570859,0.0,0.0
1631,0.0,0.0,0.0,9356.450638,0.0
1632,0.0,0.0,0.0,9636.964511,0.0
1633,0.0,0.0,0.0,10791.94782,0.0
1634,0.0,0.0,0.0,7315.295523,0.0
1635,15490.5188018095,16305.8092650627,0.0,20427.6719090627,0.0
1636,15490.4878207719,0.0,0.0,3664.046653,0.0
1637,11359.5362955858,0.0,3924.374517,0.0,0.0
1638,7136.1513270395,0.0,4012.194137,0.0,0.0
1639,0.0,0.0,6779.330202,0.0,0.0
1640,0.0,0.0,0.0,8343.836031,0.0
1641,4911.36550401736,5169.85842528143,0.0,9683.57670728143,0.0
1642,28238.8255300311,24555.2314197313,0.0,32620.7477227313,0.0
1643,51566.2389011248,24555.2314197313,0.0,35087.3939697313,0.0
1644,74893.6056173917,24555.2314197313,0.0,31102.2232957313,0.0
1645,98220.9256789252,24555.2314197313,0.0,33792.0110107313,0.0
1646,98220.9256789252,0.206780896160605,0.0,8927.14220789616,0.0
1647,98220.9256789252,0.206780896160605,0.0,10832.2056808962,0.0
1648,85136.8268160212,0.0,12429.7073,0.0,0.0
1649,70373.685058157,0.0,14024.82291,0.0,0.0
1650,55400.2211107869,0.0,14224.65704,0.0,0.0
1651,34504.3066858477,0.0,19851.0134432722,0.0,5284.28744327217
1652,19480.0278140764,0.0,14272.99937,0.0,0.0
1653,10812.7998782313,0.0,8233.829527,0.0,0.0
1654,0.0,0.0,10272.13934,0.0,0.0
1655,0.0,0.0,0.0,10731.72362,0.0
1656,0.0,0.0,0.0,5269.104767,0.0
1657,0.0,0.0,0.0,4573.263972,0.0
1658,0.0,0.0,0.0,5104.57247,0.0
1659,9647.76625831023,10155.5434298002,0.0,14162.8930448002,0.0
1660,9647.74696277771,0.0,0.0,1391.229451,0.0
1661,5880.11475675747,0.0,3579.232265,0.0,0.0
1662,2915.63239968585,0.0,2816.247067,0.0,0.0
1663,0.0,0.0,2769.84524,0.0,0.0
1664,0.0,0.0,0.0,5342.883903,0.0
1665,4911.36550401736,5169.85842528143,0.0,11810.2711572814,0.0
1666,28238.8255300311,24555.2314197313,0.0,32369.8951687313,0.0
1667,51566.2389011248,24555.2314197313,0.0,32535.1243207313,0.0
1668,74893.6056173917,24555.2314197313,0.0,33621.4642217313,0.0
1669,98220.9256789252,24555.2314197313,0.0,32579.9208807313,0.0
1670,98220.9256789252,0.206780896160605,0.0,8031.77373789616,0.0
1671,98220.9256789252,0.206780896160605,0.0,8664.67597789616,0.0
1672,87362.1210897054,0.0,10315.67774,0.0,0.0
1673,74134.945491779,0.0,12565.65083,0.0,0.0
1674,63925.4644755723,0.0,9698.866109,0.0,0.0
1675,39257.648892703,0.0,23434.3033453433,0.0,13102.1163853433
1676,27924.0671774052,0.0,10766.82804,0.0,0.0
1677,14375.1617503235,0.0,12871.4071,0.0,0.0
1678,0.0,0.0,13656.37635,0.0,0.0
1679,0.0,0.0,0.0,14825.81172,0.0
1680,0.0,0.0,0.0,12005.67606,0.0
1681,0.0,0.0,0.0,8758.703592,0.0
1682,0.0,0.0,0.0,5142.141771,0.0
1683,17305.303701983,18216.1091599821,0.0,23805.1811829821,0.0
1684,17305.2690913756,0.0,0.0,6949.672918,0.0
1685,10434.9100618901,0.0,6526.808198,0.0,0.0
1686,4776.03498259628,0.0,5375.911499,0.0,0.0
1687,0.0,0.0,4537.224159,0.0,0.0
1688,0.0,0.0,0.0,6169.03639,0.0
1689,4911.36550401736,5169.85842528143,0.0,8692.57369728143,0.0
1690,28238.8255300311,24555.2314197313,0.0,31500.9783137313,0.0
1691,51566.2389011248,24555.2314197313,0.0,29749.6455537313,0.0
1692,74893.6056173917,24555.2314197313,0.0,29344.5929287313,0.0
1693,98220.9256789252,24555.2314197313,0.0,29914.7607377313,0.0
1694,98220.9256789252,0.206780896160605,0.0,6099.19450789616,0.0
1695,98220.7292370738,0.0,0.0,7268.899733,0.0
1696,92880.9518798259,0.0,5072.60187,0.0,0.0
1697,85636.6724905537,0.0,6881.888946,0.0,0.0
1698,59788.8891964389,0.0,24555.2314197313,0.0,17123.9945537313
1699,33941.1575978908,0.0,24555.2314197313,0.0,15118.1227467313
1700,21055.138494523,0.0,12241.65366,0.0,0.0
1701,11748.4519579302,0.0,8841.312205,0.0,0.0
1702,7454.15023681573,0.0,4079.564313,0.0,0.0
1703,2620.25168956789,0.0,4592.189457,0.0,0.0
1704,59.6997985381963,0.0,2432.519318,0.0,0.0
1705,59.6996791385992,0.0,0.0,2939.57387,0.0
1706,59.699559739241,0.0,0.0,2188.783622,0.0
1707,19836.4269086241,20817.6078613516,0.0,26878.7437113516,0.0
1708,19836.3872357703,0.0,0.0,7314.972222,0.0
1709,14351.9898503643,0.0,5210.139827,0.0,0.0
1710,6607.92912217403,0.0,7356.830423,0.0,0.0
1711,0.0,0.0,6277.520111,0.0,0.0
1712,0.0,0.0,0.0,5704.245493,0.0
1713,4911.36550401736,5169.85842528143,0.0,8013.02087228143,0.0
1714,28238.8255300311,24555.2314197313,0.0,29171.9655057313,0.0
1715,51566.2389011248,24555.2314197313,0.0,32016.6921527313,0.0
1716,74893.6056173917,24555.2314197313,0.0,32812.3446547313,0.0
1717,98220.9256789252,24555.2314197313,0.0,35714.4152597313,0.0
1718,98220.9256789252,0.206780896160605,0.0,11664.9904008962,0.0
1719,98220.9256789252,0.206780896160605,0.0,13305.1965708962,0.0
1720,85043.563310758,0.0,12518.30763,0.0,0.0
1721,73500.3475920525,0.0,10965.89335,0.0,0.0
1722,59739.4060124099,0.0,13072.75485,0.0,0.0
1723,35804.3365127327,0.0,22738.2025198219,0.0,11695.1157698219
1724,23227.1528198492,0.0,11948.25648,0.0,0.0
1725,12488.0349234383,0.0,10202.11787,0.0,0.0
1726,0.0,0.0,11863.60945,0.0,0.0
1727,0.0,0.0,0.0,10558.96562,0.0
1728,0.0,0.0,0.0,8496.037778,0.0
1729,0.0,0.0,0.0,7140.338284,0.0
1730,19056.9934597838,20059.9931155619,0.0,27489.5274245619,0.0
1731,42384.4251945416,24555.2314197313,0.0,31987.9032987313,0.0
1732,42384.3404256912,0.0,0.0,10505.46293,0.0
1733,27180.2686359577,0.0,14443.78767,0.0,0.0
1734,12464.0260122625,0.0,13980.37885,0.0,0.0
1735,0.0,0.0,11840.80103,0.0,0.0
1736,0.0,0.0,0.0,10616.5216,0.0
1737,4911.36550401736,5169.85842528143,0.0,15430.1100352814,0.0
1738,28238.8255300311,24555.2314197313,0.0,34665.6746097313,0.0
1739,51566.2389011248,24555.2314197313,0.0,36663.9476797313,0.0
1740,74893.6056173917,24555.2314197313,0.0,39062.5620597313,0.0
1741,98220.9256789252,24555.2314197313,0.0,37809.5742297313,0.0
1742,98220.9256789252,0.206780896160605,0.0,14626.5908008962,0.0
1743,98220.9256789252,0.206780896160605,0.0,16590.5700708962,0.0
1744,80462.6076686528,0.0,16870.21549,0.0,0.0
1745,65886.3290697532,0.0,13847.31179,0.0,0.0
1746,52803.0264655162,0.0,12429.01229,0.0,0.0
1747,38387.9184841851,0.0,13694.2522565143,0.0,1210.79215651426
1748,23682.7546241376,0.0,13969.83273,0.0,0.0
1749,11345.1036375757,0.0,11720.72344,0.0,0.0
1750,0.0,0.0,10777.8269,0.0,0.0
1751,0.0,0.0,0.0,9402.28134,0.0
1752,0.0,0.0,0.0,9308.4214,0.0
1753,0.0,0.0,0.0,8070.81136,0.0
1754,0.0,0.0,0.0,8223.273598,0.0
1755,16699.283158588,17578.1927985137,0.0,23175.7360155137,0.0
1756,16699.2497600217,0.0,0.0,4689.918019,0.0
1757,11297.6610983643,0.0,5131.4775,0.0,0.0
1758,5034.15261777892,0.0,5950.311591,0.0,0.0
1759,0.0,0.0,4782.435422,0.0,0.0
1760,0.0,0.0,0.0,6220.056472,0.0
1761,4911.36550401736,5169.85842528143,0.0,10690.9705492814,0.0
1762,28238.8255300311,24555.2314197313,0.0,33469.8913017313,0.0
1763,51566.2389011248,24555.2314197313,0.0,37227.0804397313,0.0
1764,74893.6056173917,24555.2314197313,0.0,35095.9462197313,0.0
1765,98220.9256789252,24555.2314197313,0.0,37494.5176397313,0.0
1766,98220.9256789252,0.206780896160605,0.0,11797.9973408962,0.0
1767,98220.9256789252,0.206780896160605,0.0,12614.2563408962,0.0
1768,84229.5460157803,0.0,13291.6240602289,1699.98811977114,0.0
1769,64806.8369251093,0.0,18451.4136,0.0,0.0
1770,47022.6619745934,0.0,16894.84307,0.0,0.0
1771,31122.288350322,0.0,15105.2656,0.0,0.0
1772,13531.8200425875,0.0,16710.88576,0.0,0.0
1773,0.0,0.0,12855.20333,0.0,0.0
1774,0.0,0.0,0.0,12449.81046,0.0
1775,0.0,0.0,0.0,11911.31633,0.0
1776,0.0,0.0,0.0,8066.789666,0.0
1777,0.0,0.0,0.0,4937.168997,0.0
1778,0.0,0.0,0.0,3284.001019,0.0
1779,3220.61163967157,3390.11751544375,0.0,7501.63026144375,0.0
1780,3220.60519844829,0.0,0.0,2070.742033,0.0
1781,2144.31480144842,0.0,1022.469758,0.0,0.0
1782,1432.09361787145,0.0,676.6060502,0.0,0.0
1783,0.0,0.0,1360.486216,0.0,0.0
1784,0.0,0.0,0.0,2314.847031,0.0
1785,4911.36550401736,5169.85842528143,0.0,9077.15046328143,0.0
1786,28238.8255300311,24555.2314197313,0.0,28010.4759407313,0.0
1787,51566.2389011248,24555.2314197313,0.0,31229.8857507313,0.0
1788,74893.6056173917,24555.2314197313,0.0,33151.1732227313,0.0
1789,98220.9256789252,24555.2314197313,0.0,33244.6414967313,0.0
1790,98220.9256789252,0.206780896160605,0.0,7170.80487589616,0.0
1791,98220.9256789252,0.206780896160605,0.0,10959.8654608962,0.0
1792,81679.4424054949,0.0,15714.22249,0.0,0.0
1793,67574.9068466101,0.0,13399.15359,0.0,0.0
1794,55142.5372652174,0.0,11810.62271,0.0,0.0
1795,34976.2658215655,0.0,19157.8531006486,0.0,8163.04513064855
1796,23108.9090164023,0.0,11273.92251,0.0,0.0
1797,11830.8710722685,0.0,10714.09214,0.0,0.0
1798,0.0,0.0,11239.30504,0.0,0.0
1799,0.0,0.0,0.0,15279.93617,0.0
1800,0.0,0.0,0.0,11563.22334,0.0
1801,0.0,0.0,0.0,7851.73202,0.0
1802,0.0,0.0,0.0,8108.499198,0.0
1803,22148.9825196705,23314.7184417584,0.0,29436.0594447584,0.0
1804,22148.9382217055,0.0,0.0,5187.17608,0.0
1805,14953.8419480396,0.0,6835.299377,0.0,0.0
1806,8733.33572877672,0.0,5909.452496,0.0,0.0
1807,0.0,0.0,8296.652349,0.0,0.0
1808,0.0,0.0,0.0,9114.135691,0.0
1809,4911.36550401736,5169.85842528143,0.0,17950.2675752814,0.0
1810,28238.8255300311,24555.2314197313,0.0,36347.7556897313,0.0
1811,51566.2389011248,24555.2314197313,0.0,36459.4995597313,0.0
1812,74893.6056173917,24555.2314197313,0.0,37602.8382497313,0.0
1813,98220.9256789252,24555.2314197313,0.0,35842.7870397313,0.0
1814,98220.9256789252,0.206780896160605,0.0,12709.8529908962,0.0
1815,98220.9256789252,0.206780896160605,0.0,15420.1528908962,0.0
1816,79537.6748265475,0.0,17748.90169,0.0,0.0
1817,60713.6873511979,0.0,17882.63698,0.0,0.0
1818,44559.7795448758,0.0,15346.09706,0.0,0.0
1819,29375.3816779483,0.0,14425.09331,0.0,0.0
1820,16562.1416535007,0.0,12172.52221,0.0,0.0
1821,4314.04369763848,0.0,11635.66159,0.0,0.0
1822,0.0,0.0,4098.33331607353,5849.36439392647,0.0
1823,0.0,0.0,0.0,8561.636584,0.0
1824,0.0,0.0,0.0,8975.09302,0.0
1825,0.0,0.0,0.0,8590.609908,0.0
1826,0.0,0.0,0.0,8104.133598,0.0
1827,11280.4073425831,11874.1129921927,0.0,19831.1681331927,0.0
1828,11280.3847817684,0.0,0.0,2226.425001,0.0
1829,7348.92633784097,0.0,3734.864089,0.0,0.0
1830,4567.36256630408,0.0,2642.47162,0.0,0.0
1831,0.0,0.0,4338.98576,0.0,0.0
1832,0.0,0.0,0.0,4184.52473,0.0
1833,4911.36550401736,5169.85842528143,0.0,11062.9037812814,0.0
1834,28238.8255300311,24555.2314197313,0.0,33116.3298827313,0.0
1835,51566.2389011248,24555.2314197313,0.0,32561.9505797313,0.0
1836,74893.6056173917,24555.2314197313,0.0,32837.7278407313,0.0
1837,98220.9256789252,24555.2314197313,0.0,35088.3427097313,0.0
1838,98220.9256789252,0.206780896160605,0.0,10631.3432108962,0.0
1839,98220.9256789252,0.206780896160605,0.0,11115.0715808962,0.0
1840,86225.9033844423,0.0,11395.08456,0.0,0.0
1841,75320.6497957934,0.0,10359.82708,0.0,0.0
1842,50495.3415211529,0.0,23583.8997516738,0.0,14421.8454156738
1843,24647.6285097001,0.0,24555.2314197313,0.0,15430.1880247313
1844,13539.8996565484,0.0,10552.29558,0.0,0.0
1845,5863.11136306483,0.0,7292.923153,0.0,0.0
1846,0.0,0.0,5569.944655,0.0,0.0
1847,0.0,0.0,0.0,8362.840021,0.0
1848,0.0,0.0,0.0,5992.751828,0.0
1849,0.0,0.0,0.0,5902.318683,0.0
1850,3782.61570616244,3981.70074332888,0.0,10270.3399473289,0.0
1851,27110.0779896758,24555.2314197313,0.0,33013.4895297313,0.0
1852,27110.0237695198,0.0,0.0,9171.257833,0.0
1853,17741.9647052617,0.0,8899.604602,0.0,0.0
1854,7854.87668133231,0.0,9392.699913,0.0,0.0
1855,0.0,0.0,7462.117923,0.0,0.0
1856,0.0,0.0,0.0,9128.832266,0.0
1857,4911.36550401736,5169.85842528143,0.0,16487.7112652814,0.0
1858,28238.8255300311,24555.2314197313,0.0,39263.9174797313,0.0
1859,51566.2389011248,24555.2314197313,0.0,37744.2866497313,0.0
1860,74893.6056173917,24555.2314197313,0.0,34631.3175297313,0.0
1861,98220.9256789252,24555.2314197313,0.0,32666.1654317313,0.0
1862,98220.9256789252,0.206780896160605,0.0,6883.12196189616,0.0
1863,98220.7292370738,0.0,0.0,6578.528715,0.0
1864,91637.2946798259,0.0,6254.07621,0.0,0.0
1865,84654.4502536576,0.0,6633.528094,0.0,0.0
1866,58806.6689239873,0.0,24555.2314197313,0.0,21163.7092667313
1867,32958.9392898797,0.0,24555.2314197313,0.0,16179.9179517313
1868,23833.5230856853,0.0,8669.082772,0.0,0.0
1869,16196.8678481128,0.0,7254.777192,0.0,0.0
1870,8787.52953648241,0.0,7038.840622,0.0,0.0
1871,0.0,0.0,8348.13636335217,266.745309647828,0.0
1872,0.0,0.0,0.0,5662.322896,0.0
1873,0.0,0.0,0.0,1850.452836,0.0
1874,0.0,0.0,0.0,1724.841404,0.0
1875,19379.1986661641,20399.156490699,0.0,24341.860215699,0.0
1876,19379.1599077667,0.0,0.0,5267.972306,0.0
1877,11801.7373094469,0.0,7198.514648,0.0,0.0
1878,6333.51247439337,0.0,5194.79117,0.0,0.0
1879,0.0,0.0,6016.824817,0.0,0.0
1880,0.0,0.0,0.0,6850.477744,0.0
1881,4911.36550401736,5169.85842528143,0.0,10786.9272632814,0.0
1882,28238.8255300311,24555.2314197313,0.0,29981.9006287313,0.0
1883,51566.2389011248,24555.2314197313,0.0,33615.3020047313,0.0
1884,74893.6056173917,24555.2314197313,0.0,38291.9096397313,0.0
1885,98220.9256789252,24555.2314197313,0.0,41000.0168197313,0.0
1886,98220.9256789252,0.206780896160605,0.0,17439.7576008962,0.0
1887,98220.9256789252,0.206780896160605,0.0,16701.0420408962,0.0
1888,82848.2821633896,0.0,14603.82472,0.0,0.0
1889,70363.4419826148,0.0,11860.44076,0.0,0.0
1890,46178.1417994761,0.0,22975.901483442,0.0,12865.969903442
1891,20330.4374224227,0.0,24555.2314197313,0.0,14882.9834227313
1892,13024.2530826005,0.0,6940.836495,0.0,0.0
1893,7524.4155709364,0.0,5224.82089,0.0,0.0
1894,0.0,0.0,7148.180496,0.0,0.0
1895,0.0,0.0,0.0,7907.973712,0.0
1896,0.0,0.0,0.0,5824.192187,0.0
1897,0.0,0.0,0.0,2991.046989,0.0
1898,0.0,0.0,0.0,921.7716209,0.0
1899,13589.0002465841,14304.210785878,0.0,14648.499743078,0.0
1900,13588.9730685836,0.0,0.0,3751.896381,0.0
1901,9128.30304326909,0.0,4237.610705,0.0,0.0
1902,3945.43676350511,0.0,4923.705622,0.0,0.0
1903,0.0,0.0,3748.157429,0.0,0.0
1904,0.0,0.0,0.0,5981.705313,0.0
1905,4911.36550401736,5169.85842528143,0.0,11924.7098972814,0.0
1906,28238.8255300311,24555.2314197313,0.0,34912.9014197313,0.0
1907,51566.2389011248,24555.2314197313,0.0,36177.4937497313,0.0
1908,74893.6056173917,24555.2314197313,0.0,36349.1235497313,0.0
1909,98220.9256789252,24555.2314197313,0.0,38461.2170897313,0.0
1910,98220.9256789252,0.206780896160605,0.0,16905.8752008962,0.0
1911,98220.9256789252,0.206780896160605,0.0,16082.0454508962,0.0
1912,80882.2200581265,0.0,16471.58372,0.0,0.0
1913,64862.8886726337,0.0,15218.21114,0.0,0.0
1914,48791.9706205406,0.0,15267.24891,0.0,0.0
1915,32027.1024526329,0.0,15926.5320547681,0.0,4917.50916476812
1916,20402.1992931649,0.0,11043.59715,0.0,0.0
1917,10023.3305045557,0.0,9859.886585,0.0,0.0
1918,0.0,0.0,9522.144935,0.0,0.0
1919,0.0,0.0,0.0,8208.449061,0.0
1920,0.0,0.0,0.0,8832.829433,0.0
1921,0.0,0.0,0.0,5589.366191,0.0
1922,0.0,0.0,0.0,6676.429312,0.0
1923,17718.4251976163,18650.9738922277,0.0,25953.8469362277,0.0
1924,17718.3897607659,0.0,0.0,7130.060688,0.0
1925,9850.94724609167,0.0,7474.036724,0.0,0.0
1926,4447.36174946034,0.0,5133.387505,0.0,0.0
1927,0.0,0.0,4224.985212,0.0,0.0
1928,0.0,0.0,0.0,727.4153203,0.0
1929,4911.36550401736,5169.85842528143,0.0,6988.96350828143,0.0
1930,28238.8255300311,24555.2314197313,0.0,25479.1377493313,0.0
1931,51566.2389011248,24555.2314197313,0.0,28662.6631697313,0.0
1932,74893.6056173917,24555.2314197313,0.0,28236.2450837313,0.0
1933,98220.9256789252,24555.2314197313,0.0,30543.0974817313,0.0
1934,98220.9256789252,0.206780896160605,0.0,9427.86594689616,0.0
1935,98220.9256789252,0.206780896160605,0.0,10616.3922008962,0.0
1936,86123.6840897054,0.0,11492.19289,0.0,0.0
1937,76232.4929212846,0.0,9396.467975,0.0,0.0
1938,56287.8435925755,0.0,18947.2720205371,0.0,10908.3204465371
1939,30440.1189961185,0.0,24555.2314197313,0.0,18938.7948937313
1940,20777.5922485121,0.0,9179.342574,0.0,0.0
1941,9573.50591438025,0.0,10643.84254,0.0,0.0
1942,0.0,0.0,9094.812429,0.0,0.0
1943,0.0,0.0,0.0,10420.43391,0.0
1944,0.0,0.0,0.0,14553.67634,0.0
1945,0.0,0.0,0.0,10129.50568,0.0
1946,0.0,0.0,0.0,7250.149657,0.0
1947,17380.4489730917,18295.2094453597,0.0,25591.5524363597,0.0
1948,17380.4142121938,0.0,0.0,3605.309683,0.0
1949,11404.3393250496,0.0,5677.23812,0.0,0.0
1950,5551.86968058147,0.0,5559.824494,0.0,0.0
1951,0.0,0.0,5274.265648,0.0,0.0
1952,0.0,0.0,0.0,3971.181129,0.0
1953,4911.36550401736,5169.85842528143,0.0,12595.0864202814,0.0
1954,28238.8255300311,24555.2314197313,0.0,30178.1504757313,0.0
1955,51566.2389011248,24555.2314197313,0.0,34058.7431447313,0.0
1956,74893.6056173917,24555.2314197313,0.0,33833.0657047313,0.0
1957,98220.9256789252,24555.2314197313,0.0,34883.9029597313,0.0
1958,98220.9256789252,0.206780896160605,0.0,11285.3460608962,0.0
1959,98220.9256789252,0.206780896160605,0.0,15796.4243808962,0.0
1960,85676.1410370738,0.0,11917.35879,0.0,0.0
1961,73850.1498742655,0.0,11234.52882,0.0,0.0
1962,62077.9162792289,0.0,11183.4816,0.0,0.0
1963,37558.5014458411,0.0,23293.3261436774,0.0,6889.12365367744
1964,22328.8108130488,0.0,14468.13474,0.0,0.0
1965,11204.0293554271,0.0,10568.49996,0.0,0.0
1966,0.0,0.0,10643.8066,0.0,0.0
1967,0.0,0.0,0.0,8505.601072,0.0
1968,0.0,0.0,0.0,8237.400371,0.0
1969,0.0,0.0,0.0,6826.963841,0.0
1970,5802.48890744764,6107.8830604712,0.0,13652.6655834712,0.0
1971,29129.9471512146,24555.2314197313,0.0,33020.8315767313,0.0
1972,29129.8888913203,0.0,0.0,8685.544356,0.0
1973,20385.301135753,0.0,8307.303021,0.0,0.0
1974,10843.1016862034,0.0,9065.050745,0.0,0.0
1975,0.0,0.0,10300.926,0.0,0.0
1976,0.0,0.0,0.0,8687.286387,0.0
1977,4911.36550401736,5169.85842528143,0.0,15009.8261202814,0.0
1978,28238.8255300311,24555.2314197313,0.0,33845.0777247313,0.0
1979,51566.2389011248,24555.2314197313,0.0,35653.1910197313,0.0
1980,74893.6056173917,24555.2314197313,0.0,36650.1462997313,0.0
1981,98220.9256789252,24555.2314197313,0.0,35868.4019497313,0.0
1982,98220.9256789252,0.206780896160605,0.0,9724.02223489616,0.0
1983,98220.9256789252,0.206780896160605,0.0,10676.1550208962,0.0
1984,85185.0669633896,0.0,12383.87916,0.0,0.0
1985,71703.5174248346,0.0,12807.31021,0.0,0.0
1986,55515.1815455242,0.0,15378.7828486618,0.0,1636.82320866178
1987,29667.4584943914,0.0,24555.2314197313,0.0,12975.8245597313
1988,19127.3310857902,0.0,10013.06467,0.0,0.0
1989,9142.40610375957,0.0,9485.642391,0.0,0.0
1990,0.0,0.0,8685.268428,0.0,0.0
1991,0.0,0.0,0.0,7171.284106,0.0
1992,0.0,0.0,0.0,6939.165216,0.0
1993,0.0,0.0,0.0,3995.30033,0.0
1994,9386.58717555356,9880.61807953006,0.0,16850.9113835301,0.0
1995,32714.0382511239,24555.2314197313,0.0,29239.1959997313,0.0
1996,32713.9728230474,0.0,0.0,6798.501054,0.0
1997,23792.2983308913,0.0,8475.528611,0.0,0.0
1998,12599.463093663,0.0,10633.14827,0.0,0.0
1999,0.0,0.0,11969.466,0.0,0.0
2000,0.0,0.0,0.0,11533.48521,0.0
2001,4911.36550401736,5169.85842528143,0.0,19667.6960852814,0.0
2002,28238.8255300311,24555.2314197313,0.0,40310.4487797313,0.0
2003,51566.2389011248,24555.2314197313,0.0,42169.1862997313,0.0
2004,74893.6056173917,24555.2314197313,0.0,40489.4545697313,0.0
2005,98220.9256789252,24555.2314197313,0.0,37540.7852797313,0.0
2006,98220.9256789252,0.206780896160605,0.0,10764.8666208962,0.0
2007,98220.9256789252,0.206780896160605,0.0,12407.1670508962,0.0
2008,88615.4835497054,0.0,9124.983403,0.0,0.0
2009,79256.1771040015,0.0,8891.172754,0.0,0.0
2010,57045.0875245354,0.0,21100.3845137563,0.0,13286.6941947563
2011,31197.3614135906,0.0,24555.2314197313,0.0,14128.8694797313
2012,20230.5558609731,0.0,10418.406,0.0,0.0
2013,10965.1938251245,0.0,8802.055496,0.0,0.0
2014,0.0,0.0,10416.9133,0.0,0.0
2015,0.0,0.0,0.0,8517.113058,0.0
2016,0.0,0.0,0.0,7295.604936,0.0
2017,0.0,0.0,0.0,5199.48792,0.0
2018,0.0,0.0,0.0,10383.57155,0.0
2019,19858.1156463184,20903.2796277035,0.0,31703.4222577035,0.0
2020,19858.0759300871,0.0,0.0,10100.69393,0.0
2021,14216.9871960405,0.0,5358.996567,0.0,0.0
2022,7566.82251048713,0.0,6317.629439,0.0,0.0
2023,0.0,0.0,7188.467008,0.0,0.0
2024,0.0,0.0,0.0,7777.281578,0.0
2025,4911.36550401736,5169.85842528143,0.0,13027.2625862814,0.0
2026,28238.8255300311,24555.2314197313,0.0,33252.4749137313,0.0
2027,51566.2389011248,24555.2314197313,0.0,31037.6080707313,0.0
2028,74893.6056173917,24555.2314197313,0.0,31595.6858017313,0.0
2029,98220.9256789252,24555.2314197313,0.0,29884.3861307313,0.0
2030,98220.9256789252,0.206780896160605,0.0,7053.04860489616,0.0
2031,98220.9256789252,0.206780896160605,0.0,7929.08363589616,0.0
2032,90998.4920633896,0.0,6861.125315,0.0,0.0
2033,83161.6639843002,0.0,7444.813778,0.0,0.0
2034,60143.1935903278,0.0,21867.3888671122,0.0,12233.1290971122
2035,34295.4612831709,0.0,24555.2314197313,0.0,13204.3289397313
2036,22511.4581869852,0.0,11194.73778,0.0,0.0
2037,11297.8238693319,0.0,10652.90983,0.0,0.0
2038,0.0,0.0,10732.91121,0.0,0.0
2039,0.0,0.0,0.0,11969.87267,0.0
2040,0.0,0.0,0.0,9813.774615,0.0
2041,0.0,0.0,0.0,10917.00894,0.0
2042,2277.63327017872,2397.50870545128,0.0,12120.2295204513,0.0
2043,25605.0985636569,24555.2314197313,0.0,31214.2031407313,0.0
2044,25605.0473534598,0.0,0.0,6554.08373,0.0
2045,18070.4369738914,0.0,7157.831211,0.0,0.0
2046,9076.50872564903,0.0,8544.197502,0.0,0.0
2047,0.0,0.0,8622.666044,0.0,0.0
2048,0.0,0.0,0.0,10329.41403,0.0
2049,4911.36550401736,5169.85842528143,0.0,15081.6182142814,0.0
2050,28238.8255300311,24555.2314197313,0.0,35250.8750097313,0.0
2051,51566.2389011248,24555.2314197313,0.0,36489.7558797313,0.0
2052,74893.6056173917,24555.2314197313,0.0,37058.5505397313,0.0
2053,98220.9256789252,24555.2314197313,0.0,31899.3076697313,0.0
2054,98220.9256789252,0.206780896160605,0.0,7116.04129489616,0.0
2055,98220.7292370738,0.0,0.0,7700.907156,0.0
2056,89390.8049556154,0.0,8388.241448,0.0,0.0
2057,79399.290378216,0.0,9491.769006,0.0,0.0
2058,53551.5195588654,0.0,24555.2314197313,0.0,17267.2799977313
2059,27703.8004350565,0.0,24555.2314197313,0.0,16391.1710327313
2060,22640.3655453504,0.0,4810.210508,0.0,0.0
2061,13971.6317583035,0.0,8235.254081,0.0,0.0
2062,4263.64570872423,0.0,9222.560201,0.0,0.0
2063,0.0,0.0,4050.45532236117,3614.91943063883,0.0
2064,0.0,0.0,0.0,6015.604648,0.0
2065,0.0,0.0,0.0,3469.633547,0.0
2066,0.0,0.0,0.0,4836.73015,0.0
2067,12255.8399535929,12900.8841616767,0.0,16198.3486436767,0.0
2068,12255.8154419129,0.0,0.0,5713.19698,0.0
2069,6828.90435765048,0.0,5155.542244,0.0,0.0
2070,3254.13141142072,0.0,3396.021324,0.0,0.0
2071,0.0,0.0,3091.418658,0.0,0.0
2072,0.0,0.0,0.0,3838.800743,0.0
2073,4911.36550401736,5169.85842528143,0.0,8679.97843128143,0.0
2074,28238.8255300311,24555.2314197313,0.0,28516.3522947313,0.0
2075,51566.2389011248,24555.2314197313,0.0,29790.9581347313,0.0
2076,74893.6056173917,24555.2314197313,0.0,32328.5050587313,0.0
2077,98220.9256789252,24555.2314197313,0.0,32197.1155407313,0.0
2078,98220.9256789252,0.206780896160605,0.0,9311.14948689616,0.0
2079,98220.9256789252,0.206780896160605,0.0,13246.4601608962,0.0
2080,83255.7978897054,0.0,14216.68478,0.0,0.0
2081,67483.2502517939,0.0,14983.76207,0.0,0.0
2082,53336.165106346,0.0,13439.60267,0.0,0.0
2083,37061.8359554508,0.0,15460.5113546367,0.0,13.2491246367117
2084,24539.0465791473,0.0,11896.57949,0.0,0.0
2085,11518.9481431594,0.0,12369.04689,0.0,0.0
2086,0.0,0.0,10942.97885,0.0,0.0
2087,0.0,0.0,0.0,10610.86697,0.0
2088,0.0,0.0,0.0,4682.731988,0.0
2089,0.0,0.0,0.0,2364.392059,0.0
2090,0.0,0.0,0.0,3533.842022,0.0
2091,22500.0460384701,23684.2589878633,0.0,31551.0320478633,0.0
2092,22500.001038378,0.0,0.0,11924.15065,0.0
2093,15268.8936510075,0.0,6869.509268,0.0,0.0
2094,10046.083799536,0.0,4961.640348,0.0,0.0
2095,0.0,0.0,9543.760522,0.0,0.0
2096,0.0,0.0,0.0,10388.06692,0.0
2097,4911.36550401736,5169.85842528143,0.0,13587.1713672814,0.0
2098,28238.8255300311,24555.2314197313,0.0,31776.6516727313,0.0
2099,51566.2389011248,24555.2314197313,0.0,33827.7313367313,0.0
2100,74893.6056173917,24555.2314197313,0.0,33573.5749997313,0.0
2101,98220.9256789252,24555.2314197313,0.0,38307.5773397313,0.0
2102,98220.9256789252,0.206780896160605,0.0,14225.1150208962,0.0
2103,98220.9256789252,0.206780896160605,0.0,11807.3195208962,0.0
2104,85068.1405739159,0.0,12494.95923,0.0,0.0
2105,72837.1849955295,0.0,11619.24617,0.0,0.0
2106,54630.6673802989,0.0,17296.0533438177,0.0,8305.33865281767
2107,28782.9460981943,0.0,24555.2314197313,0.0,17248.5582157313
2108,21718.8859638811,0.0,6710.80244,0.0,0.0
2109,11178.8440418986,0.0,10012.99856,0.0,0.0
2110,0.0,0.0,10619.8806,0.0,0.0
2111,0.0,0.0,0.0,12245.71116,0.0
2112,0.0,0.0,0.0,7308.530472,0.0
2113,0.0,0.0,0.0,10316.60463,0.0
2114,713.934068554939,751.509545847304,0.0,9909.6130478473,0.0
2115,24041.4024894315,24555.2314197313,0.0,33248.1295757313,0.0
2116,24041.3544066266,0.0,0.0,9279.74314,0.0
2117,13956.4244965493,0.0,9580.637736,0.0,0.0
2118,5140.27121948981,0.0,8375.319096,0.0,0.0
2119,0.0,0.0,4883.247892,0.0,0.0
2120,0.0,0.0,0.0,5378.079008,0.0
2121,4911.36550401736,5169.85842528143,0.0,13613.6521192814,0.0
2122,28238.8255300311,24555.2314197313,0.0,33007.8522477313,0.0
2123,51566.2389011248,24555.2314197313,0.0,31237.3837887313,0.0
2124,74893.6056173917,24555.2314197313,0.0,29275.3843757313,0.0
2125,98220.9256789252,24555.2314197313,0.0,34732.8778397313,0.0
2126,98220.9256789252,0.206780896160605,0.0,11621.6150608962,0.0
2127,98220.9256789252,0.206780896160605,0.0,12635.4404008962,0.0
2128,86839.5695949686,0.0,10812.10166,0.0,0.0
2129,71214.7454421452,0.0,14843.41795,0.0,0.0
2130,52610.3221389701,0.0,17674.06683,0.0,0.0
2131,34907.4019393784,0.0,16817.67423,0.0,0.0
2132,17315.8377035219,0.0,16711.9197,0.0,0.0
2133,1097.95935605704,0.0,15406.95153,0.0,0.0
2134,0.0,0.0,1043.05930213141,12438.0331778686,0.0
2135,0.0,0.0,0.0,14922.98056,0.0
2136,0.0,0.0,0.0,12471.79753,0.0
2137,0.0,0.0,0.0,10035.20114,0.0
2138,19542.9275379921,20571.5026715707,0.0,35029.0055415707,0.0
2139,42870.3583008818,24555.2314197313,0.0,38920.2926097313,0.0
2140,42870.2725601652,0.0,0.0,14102.4004,0.0
2141,27422.8891564622,0.0,14674.93278,0.0,0.0
2142,13481.6577317365,0.0,13244.11775,0.0,0.0
2143,0.0,0.0,12807.54923,0.0,0.0
2144,0.0,0.0,0.0,9915.896988,0.0
2145,4911.36550401736,5169.85842528143,0.0,13370.6448922814,0.0
2146,28238.8255300311,24555.2314197313,0.0,34361.5953557313,0.0
2147,51566.2389011248,24555.2314197313,0.0,37707.4183297313,0.0
2148,74893.6056173917,24555.2314197313,0.0,38808.4897097313,0.0
2149,98220.9256789252,24555.2314197313,0.0,37031.4590097313,0.0
2150,98220.9256789252,0.206780896160605,0.0,11559.8245108962,0.0
2151,98220.9256789252,0.206780896160605,0.0,11269.1847508962,0.0
2152,85221.4565002317,0.0,12349.3091,0.0,0.0
2153,72866.1320152135,0.0,11737.39634,0.0,0.0
2154,55843.1704366464,0.0,16171.6750539879,0.0,5959.89302398789
2155,29995.4467295358,0.0,24555.2314197313,0.0,16164.1741437313
2156,21464.2963723265,0.0,8104.535848,0.0,0.0
2157,11290.2879384706,0.0,9665.26723,0.0,0.0
2158,0.0,0.0,10725.75209,0.0,0.0
2159,0.0,0.0,0.0,10223.97766,0.0
2160,0.0,0.0,0.0,8802.046186,0.0
2161,0.0,0.0,0.0,5955.953337,0.0
2162,0.0,0.0,0.0,6577.914318,0.0
2163,16608.7949826851,17482.9420870369,0.0,25613.5362040369,0.0
2164,16608.7617650951,0.0,0.0,5563.206337,0.0
2165,10088.2743928348,0.0,6194.431447,0.0,0.0
2166,3093.40614365439,0.0,6645.105669,0.0,0.0
2167,0.0,0.0,2938.729959,0.0,0.0
2168,0.0,0.0,0.0,7336.856796,0.0
2169,4911.36550401736,5169.85842528143,0.0,17286.3110252814,0.0
2170,28238.8255300311,24555.2314197313,0.0,36184.2478697313,0.0
2171,51566.2389011248,24555.2314197313,0.0,36476.6976697313,0.0
2172,74893.6056173917,24555.2314197313,0.0,36272.1241297313,0.0
2173,98220.9256789252,24555.2314197313,0.0,35732.6775397313,0.0
2174,98220.9256789252,0.206780896160605,0.0,11830.6174308962,0.0
2175,98220.9256789252,0.206780896160605,0.0,11087.7446008962,0.0
2176,84090.7689949686,0.0,13423.46223,0.0,0.0
2177,73520.8739397464,0.0,10041.24053,0.0,0.0
2178,61442.2537085248,0.0,11474.54953,0.0,0.0
2179,40286.9324196971,0.0,20097.4384841043,0.0,8201.51166410428
2180,26998.8888563586,0.0,12623.56484,0.0,0.0
2181,12487.1851743703,0.0,13786.0672,0.0,0.0
2182,0.0,0.0,11862.80219,0.0,0.0
2183,0.0,0.0,0.0,8023.245637,0.0
2184,0.0,0.0,0.0,7588.461274,0.0
2185,0.0,0.0,0.0,7792.915504,0.0
2186,0.0,0.0,0.0,7000.896207,0.0
2187,19104.4360487014,20109.9326828436,0.0,26243.7106278436,0.0
2188,19104.3978398293,0.0,0.0,5894.126646,0.0
2189,11940.7524415599,0.0,6805.42683,0.0,0.0
2190,6187.92225794978,0.0,5465.165987,0.0,0.0
2191,0.0,0.0,5878.514388,0.0,0.0
2192,0.0,0.0,0.0,7763.819198,0.0
2193,4911.36550401736,5169.85842528143,0.0,14656.2638702814,0.0
2194,28238.8255300311,24555.2314197313,0.0,37805.6026997313,0.0
2195,51566.2389011248,24555.2314197313,0.0,39169.6788297313,0.0
2196,74893.6056173917,24555.2314197313,0.0,38051.7732697313,0.0
2197,98220.9256789252,24555.2314197313,0.0,35476.3183797313,0.0
2198,98220.9256789252,0.206780896160605,0.0,12515.1846408962,0.0
2199,98220.7292370738,0.0,0.0,10274.02147,0.0
2200,89630.2923692996,0.0,8160.728405,0.0,0.0
2201,78596.4344771359,0.0,10481.9947,0.0,0.0
2202,52748.6652634972,0.0,24555.2314197313,0.0,12248.7430297313
2203,26900.9477453969,0.0,24555.2314197313,0.0,11588.3645797313
2204,16542.7286456066,0.0,9840.257033,0.0,0.0
2205,8095.84242751775,0.0,8024.510476,0.0,0.0
2206,23.2523000434257,0.0,7668.945239,0.0,0.0
2207,0.0,0.0,22.0896408618844,8655.26485513812,0.0
2208,0.0,0.0,0.0,9102.558208,0.0
2209,0.0,0.0,0.0,4418.745012,0.0
2210,0.0,0.0,0.0,5921.59978,0.0
2211,16030.6387764821,16874.3566068232,0.0,24525.3397588232,0.0
2212,16030.6067152045,0.0,0.0,5968.286761,0.0
2213,9791.45495714896,0.0,5927.163712,0.0,0.0
2214,5958.17215739695,0.0,3641.600056,0.0,0.0
2215,0.0,0.0,5660.252229,0.0,0.0
2216,0.0,0.0,0.0,4975.637186,0.0
2217,4911.36550401736,5169.85842528143,0.0,10056.0483882814,0.0
2218,28238.8255300311,24555.2314197313,0.0,32341.5882267313,0.0
2219,51566.2389011248,24555.2314197313,0.0,30275.3640647313,0.0
2220,74893.6056173917,24555.2314197313,0.0,28689.0458947313,0.0
2221,98220.9256789252,24555.2314197313,0.0,30015.0167367313,0.0
2222,98220.9256789252,0.206780896160605,0.0,9082.06907489616,0.0
2223,98220.9256789252,0.206780896160605,0.0,11122.3514708962,0.0
2224,86967.683142337,0.0,10690.39379,0.0,0.0
2225,74001.7341017076,0.0,12317.48635,0.0,0.0
2226,61008.0227779271,0.0,12343.8851542966,0.0,12.3170242966444
2227,35160.2887411118,0.0,24555.2314197313,0.0,11569.3341497313
2228,20897.0856415869,0.0,13549.97614,0.0,0.0
2229,10664.7604453104,0.0,9720.669232,0.0,0.0
2230,0.0,0.0,10131.50216,0.0,0.0
2231,0.0,0.0,0.0,9787.808218,0.0
2232,0.0,0.0,0.0,8528.758529,0.0
2233,0.0,0.0,0.0,5989.932158,0.0
2234,895.618096888534,942.755891461615,0.0,8824.72397446161,0.0
2235,24223.0861543971,24555.2314197313,0.0,32649.7871787313,0.0
2236,24223.0377082248,0.0,0.0,7592.89586,0.0
2237,14403.0221537283,0.0,9328.968753,0.0,0.0
2238,7708.05252242083,0.0,6360.193784,0.0,0.0
2239,0.0,0.0,7322.635251,0.0,0.0
2240,0.0,0.0,0.0,8797.681436,0.0
2241,4911.36550401736,5169.85842528143,0.0,15809.9738352814,0.0
2242,28238.8255300311,24555.2314197313,0.0,33678.1964777313,0.0
2243,51566.2389011248,24555.2314197313,0.0,35471.5582197313,0.0
2244,74893.6056173917,24555.2314197313,0.0,37002.6433397313,0.0
2245,98220.9256789252,24555.2314197313,0.0,39243.8578697313,0.0
2246,98220.9256789252,0.206780896160605,0.0,13531.3894808962,0.0
2247,98220.9256789252,0.206780896160605,0.0,12330.5004208962,0.0
2248,88008.8637886528,0.0,9701.272176,0.0,0.0
2249,77404.0218130305,0.0,10074.43266,0.0,0.0
2250,61964.3179244776,0.0,14667.5716264838,0.0,5019.98131448379
2251,36116.581975072,0.0,24555.2314197313,0.0,13137.0151797313
2252,24164.8798998028,0.0,11354.04835,0.0,0.0
2253,12537.6530647798,0.0,11045.81958,0.0,0.0
2254,0.0,0.0,11910.74659,0.0,0.0
2255,0.0,0.0,0.0,12449.3306,0.0
2256,0.0,0.0,0.0,10532.04075,0.0
2257,0.0,0.0,0.0,8792.085167,0.0
2258,4098.23692259876,4313.93360273553,0.0,11070.7839077355,0.0
2259,27425.6985748696,24555.2314197313,0.0,31651.3308387313,0.0
2260,27425.6437234725,0.0,0.0,8059.092293,0.0
2261,17947.355923764,0.0,9004.321301,0.0,0.0
2262,8320.84186694689,0.0,9145.154254,0.0,0.0
2263,0.0,0.0,7904.783964,0.0,0.0
2264,0.0,0.0,0.0,5531.906213,0.0
2265,4911.36550401736,5169.85842528143,0.0,15103.9611302814,0.0
2266,28238.8255300311,24555.2314197313,0.0,34544.4008057313,0.0
2267,51566.2389011248,24555.2314197313,0.0,36725.0329197313,0.0
2268,74893.6056173917,24555.2314197313,0.0,39478.5094597313,0.0
2269,98220.9256789252,24555.2314197313,0.0,33095.2931517313,0.0
2270,98220.9256789252,0.206780896160605,0.0,7732.53435889616,0.0
2271,98220.9256789252,0.206780896160605,0.0,7408.22991289616,0.0
2272,90213.8416076001,0.0,7606.543248,0.0,0.0
2273,81990.757788338,0.0,7811.758222,0.0,0.0
2274,58631.5186231864,0.0,22191.1214244542,0.0,14191.9830374542
2275,32783.7893393794,0.0,24555.2314197313,0.0,18966.4538407313
2276,23428.071073906,0.0,8887.870063,0.0,0.0
2277,12229.9345440796,0.0,10638.18519,0.0,0.0
2278,0.0,0.0,11618.41458,0.0,0.0
2279,0.0,0.0,0.0,10836.33899,0.0
2280,0.0,0.0,0.0,10212.3631,0.0
2281,0.0,0.0,0.0,7564.376574,0.0
2282,0.0,0.0,0.0,6130.61791,0.0
2283,6544.7047091795,6889.1628517679,0.0,13121.3300347679,0.0
2284,6544.69161977008,0.0,0.0,4177.875327,0.0
2285,5577.35077238684,0.0,918.9613701,0.0,0.0
2286,2029.36896505372,0.0,3370.57212,0.0,0.0
2287,0.0,0.0,1927.896661,0.0,0.0
2288,0.0,0.0,0.0,6049.09133,0.0
2289,4911.36550401736,5169.85842528143,0.0,10522.9937282814,0.0
2290,28238.8255300311,24555.2314197313,0.0,30593.8354317313,0.0
2291,51566.2389011248,24555.2314197313,0.0,32212.3836147313,0.0
2292,74893.6056173917,24555.2314197313,0.0,33867.9514707313,0.0
2293,98220.9256789252,24555.2314197313,0.0,34928.8515697313,0.0
2294,98220.9256789252,0.206780896160605,0.0,9614.75702789616,0.0
2295,98220.7292370738,0.0,0.0,6560.042281,0.0
2296,90750.8423240364,0.0,7096.205948,0.0,0.0
2297,79734.3221170886,0.0,10465.52177,0.0,0.0
2298,53886.5506276746,0.0,24555.2314197313,0.0,14282.4497097313
2299,28038.8308338036,0.0,24555.2314197313,0.0,12804.4570197313
2300,17794.525004563,0.0,9732.037264,0.0,0.0
2301,9659.65766603927,0.0,7728.090162,0.0,0.0
2302,1356.44499619763,0.0,7888.033683,0.0,0.0
2303,0.0,0.0,1288.62016914225,6578.70191585775,0.0
2304,0.0,0.0,0.0,9450.014423,0.0
2305,0.0,0.0,0.0,8164.383717,0.0
2306,0.0,0.0,0.0,5722.933587,0.0
2307,12315.6705246195,12963.8637101258,0.0,21624.4697861258,0.0
2308,12315.6458932785,0.0,0.0,4920.392955,0.0
2309,9142.08206830246,0.0,3014.862234,0.0,0.0
2310,6155.75337255938,0.0,2836.994891,0.0,0.0
2311,0.0,0.0,5847.954008,0.0,0.0
2312,0.0,0.0,0.0,4426.271219,0.0
2313,4911.36550401736,5169.85842528143,0.0,11079.2436242814,0.0
2314,28238.8255300311,24555.2314197313,0.0,32387.4988247313,0.0
2315,51566.2389011248,24555.2314197313,0.0,32071.8133317313,0.0
2316,74893.6056173917,24555.2314197313,0.0,31186.5157687313,0.0
2317,98220.9256789252,24555.2314197313,0.0,33768.4114987313,0.0
2318,98220.9256789252,0.206780896160605,0.0,9897.73135089616,0.0
2319,98220.7292370738,0.0,0.0,10294.61588,0.0
2320,86948.4641745627,0.0,10708.46519,0.0,0.0
2321,75212.2695197397,0.0,11149.21972,0.0,0.0
2322,49364.5070744308,0.0,24555.2314197313,0.0,13906.4216197313
2323,23516.7963246469,0.0,24555.2314197313,0.0,16485.6804637313
2324,15703.8287721069,0.0,7422.274493,0.0,0.0
2325,7438.58438550197,0.0,7851.95233,0.0,0.0
2326,405.129962017414,0.0,6681.767569,0.0,0.0
2327,0.0,0.0,384.872694169616,8028.79318683038,0.0
2328,0.0,0.0,0.0,5173.428441,0.0
2329,0.0,0.0,0.0,2435.276899,0.0
2330,0.0,0.0,0.0,3367.869498,0.0
2331,10315.2101802158,10858.1159791745,0.0,13326.6241361745,0.0
2332,10315.1895497954,0.0,0.0,3391.600096,0.0
2333,9721.51246646896,0.0,563.9736303,0.0,0.0
2334,6343.82727502297,0.0,3208.782461,0.0,0.0
2335,0.0,0.0,6026.623858,0.0,0.0
2336,0.0,0.0,0.0,8331.712221,0.0
2337,4911.36550401736,5169.85842528143,0.0,17629.0784852814,0.0
2338,28238.8255300311,24555.2314197313,0.0,34010.4745847313,0.0
2339,51566.2389011248,24555.2314197313,0.0,31573.0853627313,0.0
2340,74893.6056173917,24555.2314197313,0.0,34745.7732597313,0.0
2341,98220.9256789252,24555.2314197313,0.0,35873.4176697313,0.0
2342,98220.9256789252,0.206780896160605,0.0,9394.16798789616,0.0
2343,98220.9256789252,0.206780896160605,0.0,12197.4626508962,0.0
2344,87537.8697633896,0.0,10148.7165,0.0,0.0
2345,75649.5155613343,0.0,11293.77017,0.0,0.0
2346,63310.0069414748,0.0,11722.389454787,0.0,544.452764786987
2347,37462.2683006911,0.0,24555.2314197313,0.0,12517.2502997313
2348,25134.1678498387,0.0,11711.62425,0.0,0.0
2349,11601.2778341346,0.0,12856.19776,0.0,0.0
2350,0.0,0.0,11021.1919,0.0,0.0
2351,0.0,0.0,0.0,10696.1282,0.0
2352,0.0,0.0,0.0,9316.548843,0.0
2353,0.0,0.0,0.0,7069.074506,0.0
2354,0.0,0.0,0.0,5344.707225,0.0
2355,7352.3555364854,7739.32161735305,0.0,11828.7853153531,0.0
2356,7352.34083177433,0.0,0.0,3323.359866,0.0
2357,3701.14051235582,0.0,3468.626334,0.0,0.0
2358,2378.72160902217,0.0,1256.290926,0.0,0.0
2359,0.0,0.0,2259.781009,0.0,0.0
2360,0.0,0.0,0.0,3980.855044,0.0
2361,4911.36550401736,5169.85842528143,0.0,11165.7551192814,0.0
2362,28238.8255300311,24555.2314197313,0.0,33890.6108857313,0.0
2363,51566.2389011248,24555.2314197313,0.0,32129.6805437313,0.0
2364,74893.6056173917,24555.2314197313,0.0,33479.9687417313,0.0
2365,98220.9256789252,24555.2314197313,0.0,31077.6378987313,0.0
2366,98220.9256789252,0.206780896160605,0.0,11765.5797208962,0.0
2367,98220.9256789252,0.206780896160605,0.0,11442.4533008962,0.0
2368,87040.4269633896,0.0,10621.28716,0.0,0.0
2369,75635.4809456936,0.0,10834.53334,0.0,0.0
2370,60066.0043829385,0.0,14790.8590272036,0.0,4604.73775720359
2371,34218.2722301599,0.0,24555.2314197313,0.0,16092.8052257313
2372,22922.7852251944,0.0,10730.64764,0.0,0.0
2373,12719.2856596239,0.0,9693.281034,0.0,0.0
2374,0.0,0.0,12083.29721,0.0,0.0
2375,0.0,0.0,0.0,9819.167332,0.0
2376,0.0,0.0,0.0,11530.38327,0.0
2377,0.0,0.0,0.0,12951.9242,0.0
2378,14438.3661239599,15198.2801304841,0.0,31375.9745104841,0.0
2379,37765.8070959724,24555.2314197313,0.0,38456.3773997313,0.0
2380,37765.7315643582,0.0,0.0,15613.6249,0.0
2381,22962.1497381582,0.0,14063.33098,0.0,0.0
2382,10180.0872664903,0.0,12142.91572,0.0,0.0
2383,0.0,0.0,9671.063561,0.0,0.0
2384,0.0,0.0,0.0,6472.155983,0.0
2385,4911.36550401736,5169.85842528143,0.0,12089.0332052814,0.0
2386,28238.8255300311,24555.2314197313,0.0,33079.7669617313,0.0
2387,51566.2389011248,24555.2314197313,0.0,33906.6531667313,0.0
2388,74893.6056173917,24555.2314197313,0.0,36252.1567997313,0.0
2389,98220.9256789252,24555.2314197313,0.0,34721.3101697313,0.0
2390,98220.9256789252,0.206780896160605,0.0,8329.36552189616,0.0
2391,98220.7292370738,0.0,0.0,5917.915322,0.0
2392,92490.1301703522,0.0,5443.882494,0.0,0.0
2393,84522.5867900919,0.0,7568.99048,0.0,0.0
2394,58674.8057241485,0.0,24555.2314197313,0.0,15602.4883107313
2395,32827.0763537673,0.0,24555.2314197313,0.0,13929.2942897313
2396,23452.2632227725,0.0,8906.010103,0.0,0.0
2397,14313.0438824566,0.0,8682.213814,0.0,0.0
2398,6506.513910053,0.0,7416.176279,0.0,0.0
2399,1035.67452649887,0.0,5197.285052,0.0,0.0
2400,0.0,0.0,983.888832392322,3334.07652660768,0.0
2401,0.0,0.0,0.0,3120.099771,0.0
2402,9383.40828839736,9877.27188252353,0.0,15270.9942455235,0.0
2403,32710.8593703255,24555.2314197313,0.0,34352.9159467313,0.0
2404,32710.7939486068,0.0,0.0,10891.25066,0.0
2405,22815.454823861,0.0,9400.510018,0.0,0.0
2406,11917.5282982145,0.0,10352.98685,0.0,0.0
2407,0.0,0.0,11321.62924,0.0,0.0
2408,0.0,0.0,0.0,7874.255989,0.0
2409,4911.36550401736,5169.85842528143,0.0,12569.6718502814,0.0
2410,28238.8255300311,24555.2314197313,0.0,32405.3674227313,0.0
2411,51566.2389011248,24555.2314197313,0.0,32729.9396167313,0.0
2412,74893.6056173917,24555.2314197313,0.0,31981.2848397313,0.0
2413,98220.9256789252,24555.2314197313,0.0,35232.9251897313,0.0
2414,98220.9256789252,0.206780896160605,0.0,11764.3307108962,0.0
2415,98220.9256789252,0.206780896160605,0.0,14226.5474108962,0.0
2416,85779.505942337,0.0,11819.16213,0.0,0.0
2417,74395.5751622725,0.0,10814.57126,0.0,0.0
2418,61361.3719748285,0.0,12382.3516764789,0.0,4205.37174347895
2419,35513.6372313148,0.0,24555.2314197313,0.0,14134.1414197313
2420,23594.6670882509,0.0,11322.95416,0.0,0.0
2421,11507.3530778641,0.0,11482.90348,0.0,0.0
2422,0.0,0.0,10931.96356,0.0,0.0
2423,0.0,0.0,0.0,7507.632101,0.0
2424,0.0,0.0,0.0,4819.543056,0.0
2425,0.0,0.0,0.0,4695.074378,0.0
2426,0.0,0.0,0.0,3119.04263,0.0
2427,14451.6745678621,15212.2890188022,0.0,17710.3869298022,0.0
2428,14451.6456645129,0.0,0.0,2822.639221,0.0
2429,10235.9576812216,0.0,4004.876126,0.0,0.0
2430,5247.28470930626,0.0,4739.219875,0.0,0.0
2431,0.0,0.0,4984.910504,0.0,0.0
2432,0.0,0.0,0.0,3361.057845,0.0
2433,4911.36550401736,5169.85842528143,0.0,9650.61111128143,0.0
2434,28238.8255300311,24555.2314197313,0.0,28271.5582107313,0.0
2435,51566.2389011248,24555.2314197313,0.0,30993.3597737313,0.0
2436,74893.6056173917,24555.2314197313,0.0,26784.6073077313,0.0
2437,98220.9256789252,24555.2314197313,0.0,27169.3472747313,0.0
2438,98220.9256789252,0.206780896160605,0.0,4788.97857489616,0.0
2439,98220.7292370738,0.0,0.0,7832.809586,0.0
2440,92662.7609819311,0.0,5279.883223,0.0,0.0
2441,87532.3257395671,0.0,4873.737421,0.0,0.0
2442,61684.5386541458,0.0,24555.2314197313,0.0,16797.9860797313
2443,35836.8032642987,0.0,24555.2314197313,0.0,15199.9503577313
2444,24525.8509485869,0.0,10745.33661,0.0,0.0
2445,13417.1335705693,0.0,10553.23491,0.0,0.0
2446,5851.26697314422,0.0,7187.547775,0.0,0.0
2447,1018.45090850502,0.0,4591.164144,0.0,0.0
2448,0.0,0.0,967.526428023039,4242.76957197696,0.0
2449,0.0,0.0,0.0,3270.730039,0.0
2450,0.0,0.0,0.0,4326.19326,0.0
2451,14303.5211274854,15056.338028932,0.0,17471.1972819319,0.0
2452,14303.4925204431,0.0,0.0,6104.822487,0.0
2453,10588.685596616,0.0,3529.039401,0.0,0.0
2454,5461.72764450792,0.0,4870.589936,0.0,0.0
2455,0.0,0.0,5188.630885,0.0,0.0
2456,0.0,0.0,0.0,5420.063855,0.0
2457,4911.36550401736,5169.85842528143,0.0,12515.4787612814,0.0
2458,28238.8255300311,24555.2314197313,0.0,33654.9088027313,0.0
2459,51566.2389011248,24555.2314197313,0.0,32626.0941227313,0.0
2460,74893.6056173917,24555.2314197313,0.0,34931.4484397313,0.0
2461,98220.9256789252,24555.2314197313,0.0,34898.3954897313,0.0
2462,98220.9256789252,0.206780896160605,0.0,11449.6177308962,0.0
2463,98220.9256789252,0.206780896160605,0.0,13088.5553708962,0.0
2464,86993.6397528633,0.0,10665.73501,0.0,0.0
2465,74628.3887550575,0.0,11746.82316,0.0,0.0
2466,61566.0312245957,0.0,12409.09786,0.0,0.0
2467,36225.548800317,0.0,24073.3413276055,0.0,11325.4117976055
2468,23572.1360123773,0.0,12020.67332,0.0,0.0
2469,12418.2631417894,0.0,10596.13444,0.0,0.0
2470,0.0,0.0,11797.32639,0.0,0.0
2471,0.0,0.0,0.0,8853.213541,0.0
2472,0.0,0.0,0.0,4658.098048,0.0
2473,0.0,0.0,0.0,11230.72227,0.0
2474,0.0,0.0,0.0,8891.843271,0.0
2475,20111.696804622,21170.20716276,0.0,30202.54746776,0.0
2476,20111.6565812284,0.0,0.0,6792.129573,0.0
2477,14470.3347873889,0.0,5359.217492,0.0,0.0
2478,6306.51755408774,0.0,7755.598878,0.0,0.0
2479,0.0,0.0,5991.179694,0.0,0.0
2480,0.0,0.0,0.0,4184.965672,0.0
2481,4911.36550401736,5169.85842528143,0.0,10528.6887062814,0.0
2482,28238.8255300311,24555.2314197313,0.0,31849.2968697313,0.0
2483,51566.2389011248,24555.2314197313,0.0,32177.7701147313,0.0
2484,74893.6056173917,24555.2314197313,0.0,34690.9785097313,0.0
2485,98220.9256789252,24555.2314197313,0.0,34831.3933397313,0.0
2486,98220.9256789252,0.206780896160605,0.0,12491.7676108962,0.0
2487,98220.9256789252,0.206780896160605,0.0,12636.3638008962,0.0
2488,83226.1294476001,0.0,14244.8698,0.0,0.0
2489,72099.5490795518,0.0,10570.09322,0.0,0.0
2490,46901.7393597179,0.0,23937.7822446989,0.0,14930.2199846989
2491,21054.0335354694,0.0,24555.2314197313,0.0,16107.8021247313
2492,14752.4543421392,0.0,5986.460231,0.0,0.0
2493,8406.50998670418,0.0,6028.619108,0.0,0.0
2494,0.0,0.0,7986.168515,0.0,0.0
2495,0.0,0.0,0.0,6173.023919,0.0
2496,0.0,0.0,0.0,7969.174374,0.0
2497,0.0,0.0,0.0,4049.188041,0.0
2498,8698.04518323092,9155.83703497992,0.0,15171.4733489799,0.0
2499,32025.4976358853,24555.2314197313,0.0,30516.2478847313,0.0
2500,32025.43358489,0.0,0.0,7566.816007,0.0
2501,20680.5628182334,0.0,10777.56638,0.0,0.0
2502,10483.2907139498,0.0,9687.369206,0.0,0.0
2503,0.0,0.0,9959.10626,0.0,0.0
2504,0.0,0.0,0.0,12466.85255,0.0
2505,4911.36550401736,5169.85842528143,0.0,15881.9621852814,0.0
2506,28238.8255300311,24555.2314197313,0.0,37783.7886497313,0.0
2507,51566.2389011248,24555.2314197313,0.0,37158.4988997313,0.0
2508,74893.6056173917,24555.2314197313,0.0,35732.7880997313,0.0
2509,98220.9256789252,24555.2314197313,0.0,34329.2302787313,0.0
2510,98220.9256789252,0.206780896160605,0.0,9877.36257689616,0.0
2511,98220.9256789252,0.206780896160605,0.0,9412.32124089616,0.0
2512,85587.3498686528,0.0,12001.7104,0.0,0.0
2513,74461.1776202688,0.0,10569.70102,0.0,0.0
2514,58191.4568184736,0.0,15456.093285468,0.0,4052.10960546802
2515,32343.7284147902,0.0,24555.2314197313,0.0,13702.6016997313
2516,21693.4919799649,0.0,10117.66316,0.0,0.0
2517,10296.4904771915,0.0,10827.11021,0.0,0.0
2518,0.0,0.0,9781.64639,0.0,0.0
2519,0.0,0.0,0.0,12475.23418,0.0
2520,0.0,0.0,0.0,13582.59846,0.0
2521,0.0,0.0,0.0,10797.7067,0.0
2522,0.0,0.0,0.0,10420.50084,0.0
2523,13453.339764508,14161.4102784295,0.0,20460.6955014295,0.0
2524,13453.3128578285,0.0,0.0,3328.983584,0.0
2525,10352.0747754133,0.0,2946.150617,0.0,0.0
2526,5572.47396810583,0.0,4540.601098,0.0,0.0
2527,0.0,0.0,5293.839682,0.0,0.0
2528,0.0,0.0,0.0,6254.134228,0.0
2529,4911.36550401736,5169.85842528143,0.0,12212.2418122814,0.0
2530,28238.8255300311,24555.2314197313,0.0,32458.6559067313,0.0
2531,51566.2389011248,24555.2314197313,0.0,32653.0700927313,0.0
2532,74893.6056173917,24555.2314197313,0.0,35983.8329397313,0.0
2533,98220.9256789252,24555.2314197313,0.0,37843.3727397313,0.0
2534,98220.9256789252,0.206780896160605,0.0,12183.3448108962,0.0
2535,98220.9256789252,0.206780896160605,0.0,11232.5813608962,0.0
2536,85576.3969739159,0.0,12012.11565,0.0,0.0
2537,72990.7102000694,0.0,11956.23984,0.0,0.0
2538,56617.2325224043,0.0,15554.6651114324,0.0,7438.81161643238
2539,30769.5072671695,0.0,24555.2314197313,0.0,14913.1668007313
2540,22269.8444334182,0.0,8074.62123,0.0,0.0
2541,11911.0751695188,0.0,9840.788488,0.0,0.0
2542,0.0,0.0,11315.49878,0.0,0.0
2543,0.0,0.0,0.0,11795.86595,0.0
2544,0.0,0.0,0.0,8738.317368,0.0
2545,0.0,0.0,0.0,8169.523504,0.0
2546,0.0,0.0,0.0,7866.29433,0.0
2547,21058.4805285026,22166.8216089501,0.0,28486.9474999501,0.0
2548,21058.4384115416,0.0,0.0,5632.2247,0.0
2549,15015.8394715069,0.0,5740.428982,0.0,0.0
2550,7050.96659140687,0.0,7566.600706,0.0,0.0
2551,0.0,0.0,6698.404865,0.0,0.0
2552,0.0,0.0,0.0,7669.921511,0.0
2553,4911.36550401736,5169.85842528143,0.0,13809.6255082814,0.0
2554,28238.8255300311,24555.2314197313,0.0,34536.9744357313,0.0
2555,51566.2389011248,24555.2314197313,0.0,35424.8280597313,0.0
2556,74893.6056173917,24555.2314197313,0.0,34729.9923197313,0.0
2557,98220.9256789252,24555.2314197313,0.0,35909.2867897313,0.0
2558,98220.9256789252,0.206780896160605,0.0,11715.1328608962,0.0
2559,98220.7292370738,0.0,0.0,15024.2645,0.0
2560,86478.621585089,0.0,11154.81565,0.0,0.0
2561,75033.6642910038,0.0,10872.54512,0.0,0.0
2562,49185.9022029054,0.0,24555.2314197313,0.0,13291.3810997313
2563,23338.1918103312,0.0,24555.2314197313,0.0,14962.1330537313
2564,15639.1010876318,0.0,7314.091844,0.0,0.0
2565,8474.10950311386,0.0,6806.712291,0.0,0.0
2566,3172.45639068433,0.0,5036.554356,0.0,0.0
2567,0.0,0.0,3013.82754348298,4644.71122351702,0.0
2568,0.0,0.0,0.0,7554.0967,0.0
2569,0.0,0.0,0.0,6025.772137,0.0
2570,0.0,0.0,0.0,5881.265376,0.0
2571,22827.3586403184,24028.7985687563,0.0,33531.5904647563,0.0
2572,22827.3129856012,0.0,0.0,5895.957428,0.0
2573,18547.352657291,0.0,4065.91894,0.0,0.0
2574,8592.87178784884,0.0,9456.721586,0.0,0.0
2575,0.0,0.0,8163.211872,0.0,0.0
2576,0.0,0.0,0.0,8475.027682,0.0
2577,4911.36550401736,5169.85842528143,0.0,15631.3691852814,0.0
2578,28238.8255300311,24555.2314197313,0.0,33414.5294977313,0.0
2579,51566.2389011248,24555.2314197313,0.0,32813.3929337313,0.0
2580,74893.6056173917,24555.2314197313,0.0,32323.3224577313,0.0
2581,98220.9256789252,24555.2314197313,0.0,31254.6610257313,0.0
2582,98220.9256789252,0.206780896160605,0.0,7493.67753889616,0.0
2583,98220.9256789252,0.206780896160605,0.0,9196.60490489616,0.0
2584,87364.9115002317,0.0,10313.02685,0.0,0.0
2585,78626.3553893561,0.0,8301.462312,0.0,0.0
2586,55605.3964246595,0.0,21869.7616263865,0.0,14580.3877253866
2587,29757.6731930968,0.0,24555.2314197313,0.0,16994.3380917313
2588,20951.0953345926,0.0,8366.192426,0.0,0.0
2589,10813.0430576651,0.0,9631.109856,0.0,0.0
2590,0.0,0.0,10272.37036,0.0,0.0
2591,0.0,0.0,0.0,9677.492561,0.0
2592,0.0,0.0,0.0,9140.311522,0.0
2593,0.0,0.0,0.0,7470.046442,0.0
2594,0.0,0.0,0.0,1717.535179,0.0
2595,21246.1383584498,22364.3561667893,0.0,27119.1483947893,0.0
2596,21246.0958661731,0.0,0.0,4119.842116,0.0
2597,14735.0533245077,0.0,6185.450047,0.0,0.0
2598,6901.41105861159,0.0,7441.932156,0.0,0.0
2599,0.0,0.0,6556.327393,0.0,0.0
2600,0.0,0.0,0.0,6850.026976,0.0
2601,4911.36550401736,5169.85842528143,0.0,12984.1646872814,0.0
2602,28238.8255300311,24555.2314197313,0.0,30858.2433047313,0.0
2603,51566.2389011248,24555.2314197313,0.0,33769.5217287313,0.0
2604,74893.6056173917,24555.2314197313,0.0,38900.1434097313,0.0
2605,98220.9256789252,24555.2314197313,0.0,41646.4634397313,0.0
2606,98220.9256789252,0.206780896160605,0.0,17039.7367308962,0.0
2607,98220.9256789252,0.206780896160605,0.0,18468.0077108962,0.0
2608,82943.9036791791,0.0,14512.98428,0.0,0.0
2609,69553.6257282138,0.0,12720.60646,0.0,0.0
2610,54428.6801367519,0.0,14368.56616,0.0,0.0
2611,39386.5332336184,0.0,14289.9361434846,0.0,743.076593484551
2612,25310.8355552888,0.0,13371.83796,0.0,0.0
2613,13029.9667230913,0.0,11666.7773,0.0,0.0
2614,0.0,0.0,12378.44363,0.0,0.0
2615,0.0,0.0,0.0,12357.10819,0.0
2616,0.0,0.0,0.0,13203.02705,0.0
2617,0.0,0.0,0.0,12354.84355,0.0
2618,11604.3218695749,12215.0756521842,0.0,25543.4502821842,0.0
2619,34931.7685096759,24555.2314197313,0.0,36992.9237797313,0.0
2620,34931.6986461389,0.0,0.0,15122.46724,0.0
2621,22449.9365722153,0.0,11857.6076,0.0,0.0
2622,12393.5395028685,0.0,9553.534561,0.0,0.0
2623,0.0,0.0,11773.83898,0.0,0.0
2624,0.0,0.0,0.0,10296.84686,0.0
2625,4911.36550401736,5169.85842528143,0.0,19211.7625152814,0.0
2626,28238.8255300311,24555.2314197313,0.0,39070.8380497313,0.0
2627,51566.2389011248,24555.2314197313,0.0,38682.7300997313,0.0
2628,74893.6056173917,24555.2314197313,0.0,36325.4864897313,0.0
2629,98220.9256789252,24555.2314197313,0.0,39378.6620297313,0.0
2630,98220.9256789252,0.206780896160605,0.0,13487.2024708962,0.0
2631,98220.9256789252,0.206780896160605,0.0,15209.6479508962,0.0
2632,86310.3212897054,0.0,11314.88755,0.0,0.0
2633,72471.998574326,0.0,13146.24259,0.0,0.0
2634,57670.6575382252,0.0,14061.1362874984,0.0,342.827237498443
2635,31822.9301761404,0.0,24555.2314197313,0.0,14172.2073297313
2636,21879.3657365958,0.0,9446.325754,0.0,0.0
2637,11372.0900599696,0.0,9981.870322,0.0,0.0
2638,0.0,0.0,10803.46395,0.0,0.0
2639,0.0,0.0,0.0,11564.02122,0.0
2640,0.0,0.0,0.0,7907.449158,0.0
2641,0.0,0.0,0.0,4327.392257,0.0
2642,0.0,0.0,0.0,3569.766149,0.0
2643,18502.7779262486,19476.6083434195,0.0,23787.2793374195,0.0
2644,18502.7409206927,0.0,0.0,6457.614527,0.0
2645,13391.2066310003,0.0,4855.92242,0.0,0.0
2646,8545.87248753445,0.0,4603.041993,0.0,0.0
2647,0.0,0.0,8118.562626,0.0,0.0
2648,0.0,0.0,0.0,5956.199605,0.0
2649,4911.36550401736,5169.85842528143,0.0,12006.9722042814,0.0
2650,28238.8255300311,24555.2314197313,0.0,32518.6603367313,0.0
2651,51566.2389011248,24555.2314197313,0.0,31013.7226707313,0.0
2652,74893.6056173917,24555.2314197313,0.0,31649.0518487313,0.0
2653,98220.9256789252,24555.2314197313,0.0,30374.3716007313,0.0
2654,98220.9256789252,0.206780896160605,0.0,6764.56635289616,0.0
2655,98220.9256789252,0.206780896160605,0.0,11983.2407208962,0.0
2656,85332.0733844423,0.0,12244.22306,0.0,0.0
2657,74498.020636085,0.0,10292.18798,0.0,0.0
2658,62091.5041403593,0.0,11786.0491247002,0.0,1723.91392470019
2659,36243.7679365812,0.0,24555.2314197313,0.0,13521.5315797313
2660,22425.6079964138,0.0,13127.18308,0.0,0.0
2661,10572.5988820399,0.0,11260.31605,0.0,0.0
2662,0.0,0.0,10043.94885,0.0,0.0
2663,0.0,0.0,0.0,11697.0544,0.0
2664,0.0,0.0,0.0,5619.429217,0.0
2665,0.0,0.0,0.0,5393.395208,0.0
2666,0.0,0.0,0.0,5862.223261,0.0
2667,11956.0227486131,12585.2871038032,0.0,18415.2649708032,0.0
2668,11955.9988365676,0.0,0.0,5486.30289,0.0
2669,6406.76233404359,0.0,5271.751961,0.0,0.0
2670,3822.36472578208,0.0,2455.165555,0.0,0.0
2671,0.0,0.0,3631.239227,0.0,0.0
2672,0.0,0.0,0.0,5516.545865,0.0
2673,4911.36550401736,5169.85842528143,0.0,11532.2522422814,0.0
2674,28238.8255300311,24555.2314197313,0.0,32446.8590547313,0.0
2675,51566.2389011248,24555.2314197313,0.0,34946.3340997313,0.0
2676,74893.6056173917,24555.2314197313,0.0,35940.3788697313,0.0
2677,98220.9256789252,24555.2314197313,0.0,36580.2595997313,0.0
2678,98220.9256789252,0.206780896160605,0.0,12869.4621308962,0.0
2679,98220.9256789252,0.206780896160605,0.0,12628.9208508962,0.0
2680,88236.5037286528,0.0,9485.014233,0.0,0.0
2681,74817.3657503822,0.0,12748.01343,0.0,0.0
2682,62466.6249367033,0.0,11733.06162,0.0,0.0
2683,47254.506493461,0.0,14451.3938344928,0.0,1527.17162449283
2684,31960.5852897112,0.0,14529.13536,0.0,0.0
2685,16536.9018738037,0.0,14652.43852,0.0,0.0
2686,0.0,0.0,15710.02536,0.0,0.0
2687,0.0,0.0,0.0,14451.08162,0.0
2688,0.0,0.0,0.0,10884.02886,0.0
2689,0.0,0.0,0.0,9041.592808,0.0
2690,0.0,0.0,0.0,4856.070656,0.0
2691,20982.7626513604,22087.1185803793,0.0,27037.1041633793,0.0
2692,20982.7206858351,0.0,0.0,6807.33985,0.0
2693,15712.2702003937,0.0,5006.888094,0.0,0.0
2694,8020.55822532698,0.0,7307.096523,0.0,0.0
2695,0.0,0.0,7619.515075,0.0,0.0
2696,0.0,0.0,0.0,9408.99129,0.0
2697,4911.36550401736,5169.85842528143,0.0,14925.7003452814,0.0
2698,28238.8255300311,24555.2314197313,0.0,34597.2204797313,0.0
2699,51566.2389011248,24555.2314197313,0.0,35824.1143197313,0.0
2700,74893.6056173917,24555.2314197313,0.0,34870.0073097313,0.0
2701,98220.9256789252,24555.2314197313,0.0,34559.9126897313,0.0
2702,98220.9256789252,0.206780896160605,0.0,14282.3493508962,0.0
2703,98220.9256789252,0.206780896160605,0.0,18227.5829808962,0.0
2704,79274.1758160212,0.0,17999.22575,0.0,0.0
2705,61054.8663413538,0.0,17308.19338,0.0,0.0
2706,43006.6644316211,0.0,17145.67581,0.0,0.0
2707,27749.0586077659,0.0,14494.64382,0.0,0.0
2708,14745.3109307013,0.0,12353.50757,0.0,0.0
2709,526.250829553167,0.0,13508.07908,0.0,0.0
2710,0.0,0.0,499.937288198933,11520.4919618011,0.0
2711,0.0,0.0,0.0,10561.9463,0.0
2712,0.0,0.0,0.0,12859.952,0.0
2713,0.0,0.0,0.0,9954.389443,0.0
2714,15753.7481601919,16582.892800202,0.0,26336.432176202,0.0
2715,39081.1865014403,24555.2314197313,0.0,35507.9902497313,0.0
2716,39081.1083390673,0.0,0.0,13408.95408,0.0
2717,26260.6856821138,0.0,12179.32727,0.0,0.0
2718,12954.0554239003,0.0,12641.24885,0.0,0.0
2719,0.0,0.0,12306.32804,0.0,0.0
2720,0.0,0.0,0.0,10255.52266,0.0
2721,4911.36550401736,5169.85842528143,0.0,13700.6082882814,0.0
2722,28238.8255300311,24555.2314197313,0.0,35495.9708197313,0.0
2723,51566.2389011248,24555.2314197313,0.0,35283.8422297313,0.0
2724,74893.6056173917,24555.2314197313,0.0,36890.4044197313,0.0
2725,98220.9256789252,24555.2314197313,0.0,40063.7976497313,0.0
2726,98220.9256789252,0.206780896160605,0.0,15247.9233808962,0.0
2727,98220.9256789252,0.206780896160605,0.0,13628.4372608962,0.0
2728,83814.8124686528,0.0,13685.62093,0.0,0.0
2729,72339.6818495542,0.0,10901.21484,0.0,0.0
2730,54617.8622847884,0.0,16835.591141132,0.0,3961.77874113199
2731,28770.141028294,0.0,24555.2314197313,0.0,13498.1923497313
2732,17620.2049301172,0.0,10592.38463,0.0,0.0
2733,6908.53788970736,0.0,10176.05021,0.0,0.0
2734,0.0,0.0,6563.097869,0.0,0.0
2735,0.0,0.0,0.0,5594.72873,0.0
2736,0.0,0.0,0.0,5621.004771,0.0
2737,0.0,0.0,0.0,3919.617623,0.0
2738,0.0,0.0,0.0,4812.656411,0.0
2739,22525.5358839149,23711.0904041209,0.0,29304.9305081209,0.0
2740,22525.4908328431,0.0,0.0,5258.414194,0.0
2741,15386.4352302825,0.0,6782.060024,0.0,0.0
2742,8708.70600583306,0.0,6343.813529,0.0,0.0
2743,0.0,0.0,8273.254159,0.0,0.0
2744,0.0,0.0,0.0,5887.658393,0.0
2745,4911.36550401736,5169.85842528143,0.0,11367.1922682814,0.0
2746,28238.8255300311,24555.2314197313,0.0,34381.1838117313,0.0
2747,51566.2389011248,24555.2314197313,0.0,35057.4503697313,0.0
2748,74893.6056173917,24555.2314197313,0.0,38249.8664497313,0.0
2749,98220.9256789252,24555.2314197313,0.0,36245.7412497313,0.0
2750,98220.9256789252,0.206780896160605,0.0,8431.23923389616,0.0
2751,98220.9256789252,0.206780896160605,0.0,13796.3336208962,0.0
2752,83690.017942337,0.0,13804.17573,0.0,0.0
2753,69975.8213517748,0.0,13028.32775,0.0,0.0
2754,54905.7664001321,0.0,14316.41925,0.0,0.0
2755,31681.0790458585,0.0,22063.3486656037,0.0,9454.88935560375
2756,20642.3297889636,0.0,10486.7516,0.0,0.0
2757,11960.5730474619,0.0,8247.629684,0.0,0.0
2758,0.0,0.0,11362.52167,0.0,0.0
2759,0.0,0.0,0.0,12640.59635,0.0
2760,0.0,0.0,0.0,10479.93918,0.0
2761,0.0,0.0,0.0,8773.885478,0.0
2762,0.0,0.0,0.0,9012.134589,0.0
2763,20527.9079740432,21608.3241832033,0.0,33304.3008232033,0.0
2764,20527.8669182272,0.0,0.0,10636.64343,0.0
2765,14609.0418382829,0.0,5622.844823,0.0,0.0
2766,6761.15222651498,0.0,7455.467374,0.0,0.0
2767,0.0,0.0,6423.081769,0.0,0.0
2768,0.0,0.0,0.0,9240.036347,0.0
2769,4911.36550401736,5169.85842528143,0.0,16816.9854652814,0.0
2770,28238.8255300311,24555.2314197313,0.0,38136.8829497313,0.0
2771,51566.2389011248,24555.2314197313,0.0,37701.3318197313,0.0
2772,74893.6056173917,24555.2314197313,0.0,36972.0161297313,0.0
2773,98220.9256789252,24555.2314197313,0.0,37106.9515897313,0.0
2774,98220.9256789252,0.206780896160605,0.0,12048.7462008962,0.0
2775,98220.9256789252,0.206780896160605,0.0,13843.9966708962,0.0
2776,84882.4667212843,0.0,12671.34939,0.0,0.0
2777,70214.3155774035,0.0,13934.58231,0.0,0.0
2778,55735.6912645619,0.0,13754.55969,0.0,0.0
2779,41603.9077931794,0.0,13425.0884,0.0,0.0
2780,26704.3373327322,0.0,14154.51289,0.0,0.0
2781,11920.8149345838,0.0,14044.29554,0.0,0.0
2782,0.0,0.0,11324.7515383063,314.761001693725,0.0
2783,0.0,0.0,0.0,11464.19124,0.0
2784,0.0,0.0,0.0,12320.20767,0.0
2785,0.0,0.0,0.0,10286.29332,0.0
2786,3385.61326827839,3563.80344029304,0.0,9913.27445229304,0.0
2787,26713.0763457966,24555.2314197313,0.0,32062.4601347313,0.0
2788,26713.0229196439,0.0,0.0,6835.042802,0.0
2789,18903.5236988612,0.0,7418.973505,0.0,0.0
2790,9634.85427812961,0.0,8805.200033,0.0,0.0
2791,0.0,0.0,9153.093258,0.0,0.0
2792,0.0,0.0,0.0,9179.560289,0.0
2793,4911.36550401736,5169.85842528143,0.0,14298.6838922814,0.0
2794,28238.8255300311,24555.2314197313,0.0,36307.5327097313,0.0
2795,51566.2389011248,24555.2314197313,0.0,32828.7385887313,0.0
2796,74893.6056173917,24555.2314197313,0.0,32887.8085217313,0.0
2797,98220.9256789252,24555.2314197313,0.0,36453.9189797313,0.0
2798,98220.9256789252,0.206780896160605,0.0,13044.3885408962,0.0
2799,98220.9256789252,0.206780896160605,0.0,11799.6353908962,0.0
2800,80831.4174160212,0.0,16519.84623,0.0,0.0
2801,61931.5205847653,0.0,17954.74841,0.0,0.0
2802,44619.9714059347,0.0,16445.85405,0.0,0.0
2803,29684.0821238866,0.0,14189.01004,0.0,0.0
2804,18045.3426715118,0.0,11056.74608,0.0,0.0
2805,4865.2838545107,0.0,12521.02159,0.0,0.0
2806,0.0,0.0,4622.01041774584,2949.57249525416,0.0
2807,0.0,0.0,0.0,9601.734033,0.0
2808,0.0,0.0,0.0,9612.644863,0.0
2809,0.0,0.0,0.0,9213.229237,0.0
2810,2449.39885995259,2578.31458942378,0.0,10485.0446304238,0.0
2811,25776.8638098996,24555.2314197313,0.0,32724.5540087313,0.0
2812,25776.812256172,0.0,0.0,8427.228524,0.0
2813,18244.1111257054,0.0,7156.017098,0.0,0.0
2814,8136.63629432522,0.0,9602.066426,0.0,0.0
2815,0.0,0.0,7729.78902,0.0,0.0
2816,0.0,0.0,0.0,9021.450364,0.0
2817,4911.36550401736,5169.85842528143,0.0,18242.2739852814,0.0
2818,28238.8255300311,24555.2314197313,0.0,38622.5039497313,0.0
2819,51566.2389011248,24555.2314197313,0.0,37779.3598897313,0.0
2820,74893.6056173917,24555.2314197313,0.0,37731.2797297313,0.0
2821,98220.9256789252,24555.2314197313,0.0,37034.1011897313,0.0
2822,98220.9256789252,0.206780896160605,0.0,12425.8710508962,0.0
2823,98220.9256789252,0.206780896160605,0.0,11392.9333408962,0.0
2824,84665.452110758,0.0,12877.51327,0.0,0.0
2825,72446.4746640643,0.0,11607.86771,0.0,0.0
2826,60007.9800150989,0.0,11816.4322682153,0.0,1446.0370282153
2827,34160.2479783691,0.0,24555.2314197313,0.0,12729.3024797313
2828,20822.6871315574,0.0,12670.6179,0.0,0.0
2829,9915.72312828836,0.0,10361.57624,0.0,0.0
2830,0.0,0.0,9419.918132,0.0,0.0
2831,0.0,0.0,0.0,10874.1234,0.0
2832,0.0,0.0,0.0,11128.88173,0.0
2833,0.0,0.0,0.0,8554.796828,0.0
2834,0.0,0.0,0.0,8136.376987,0.0
2835,23225.9939264931,24448.4146594665,0.0,30155.8240014665,0.0
2836,23225.9474745053,0.0,0.0,3171.611753,0.0
2837,16214.334303663,0.0,6660.988383,0.0,0.0
2838,8174.86560446805,0.0,7637.464457,0.0,0.0
2839,0.0,0.0,7766.106792,0.0,0.0
2840,0.0,0.0,0.0,7804.875137,0.0
2841,4911.36550401736,5169.85842528143,0.0,13959.1878412814,0.0
2842,28238.8255300311,24555.2314197313,0.0,36831.8068397313,0.0
2843,51566.2389011248,24555.2314197313,0.0,34789.3396497313,0.0
2844,74893.6056173917,24555.2314197313,0.0,32610.9054697313,0.0
2845,98220.9256789252,24555.2314197313,0.0,30957.8162297313,0.0
2846,98220.9256789252,0.206780896160605,0.0,4589.10201189616,0.0
2847,98220.7292370738,0.0,0.0,6731.40352,0.0
2848,89694.1011314048,0.0,8100.110081,0.0,0.0
2849,82949.833750571,0.0,6406.883593,0.0,0.0
2850,57102.0558301337,0.0,24555.2314197313,0.0,13035.2572397313
2851,31254.3296052523,0.0,24555.2314197313,0.0,17139.5498567313
2852,22890.5082165931,0.0,7945.570936,0.0,0.0
2853,17416.2897755766,0.0,5200.464027,0.0,0.0
2854,9865.40848194446,0.0,7173.304138,0.0,0.0
2855,3119.28808902223,0.0,6408.795629,0.0,0.0
2856,0.0,0.0,2963.31775792375,3345.44168207625,0.0
2857,0.0,0.0,0.0,3215.523733,0.0
2858,0.0,0.0,0.0,0.0,0.0
2859,16656.7126544724,17533.3817415498,0.0,18310.1936523498,0.0
2860,16656.679341047,0.0,0.0,2095.769005,0.0
2861,11918.983148741,0.0,4500.779735,0.0,0.0
2862,5578.0189276168,0.0,6023.893364,0.0,0.0
2863,0.0,0.0,5299.107383,0.0,0.0
2864,0.0,0.0,0.0,6837.713941,0.0
2865,4911.36550401736,5169.85842528143,0.0,11757.4885712814,0.0
2866,28238.8255300311,24555.2314197313,0.0,34228.4656227313,0.0
2867,51566.2389011248,24555.2314197313,0.0,31422.5563127313,0.0
2868,74893.6056173917,24555.2314197313,0.0,32485.8800967313,0.0
2869,98220.9256789252,24555.2314197313,0.0,30867.9407147313,0.0
2870,98220.9256789252,0.206780896160605,0.0,6831.07603189616,0.0
2871,98220.9256789252,0.206780896160605,0.0,9714.26252989616,0.0
2872,84918.8182581265,0.0,12636.81543,0.0,0.0
2873,71487.9226941742,0.0,12759.18944,0.0,0.0
2874,57400.3856651009,0.0,13383.0243505665,0.0,905.476500566492
2875,31552.6588435598,0.0,24555.2314197313,0.0,10525.3393797313
2876,19210.5394645579,0.0,11724.95346,0.0,0.0
2877,10370.6868476895,0.0,8397.823486,0.0,0.0
2878,0.0,0.0,9852.132801,0.0,0.0
2879,0.0,0.0,0.0,10105.12232,0.0
2880,0.0,0.0,0.0,13850.89153,0.0
2881,0.0,0.0,0.0,10717.04791,0.0
2882,0.0,0.0,0.0,8641.751813,0.0
2883,6494.33003428864,6836.13687819857,0.0,15174.7609081986,0.0
2884,6494.31704562857,0.0,0.0,7028.961638,0.0
2885,3942.29222225764,0.0,2424.411243,0.0,0.0
2886,3824.62607135741,0.0,111.775353,0.0,0.0
2887,0.0,0.0,3633.387501,0.0,0.0
2888,0.0,0.0,0.0,1065.190325,0.0
2889,4911.36550401736,5169.85842528143,0.0,5480.93405518143,0.0
2890,28238.8255300311,24555.2314197313,0.0,28667.4399647313,0.0
2891,51566.2389011248,24555.2314197313,0.0,27415.1413467313,0.0
2892,74893.6056173917,24555.2314197313,0.0,33463.7646017313,0.0
2893,98220.9256789252,24555.2314197313,0.0,32601.6384987313,0.0
2894,98220.9256789252,0.206780896160605,0.0,8439.31643989616,0.0
2895,98220.9256789252,0.206780896160605,0.0,10504.4368108962,0.0
2896,88200.7774391791,0.0,9518.954208,0.0,0.0
2897,77476.9520060453,0.0,10187.46658,0.0,0.0
2898,66720.066810036,0.0,10218.89373,0.0,0.0
2899,49876.1246397282,0.0,16001.6182936655,0.0,4002.47790366552
2900,34283.0910348473,0.0,14813.28716,0.0,0.0
2901,17418.5431423494,0.0,16021.25536,0.0,0.0
2902,0.0,0.0,16547.58289,0.0,0.0
2903,0.0,0.0,0.0,15676.61219,0.0
2904,0.0,0.0,0.0,11834.88853,0.0
2905,0.0,0.0,0.0,7228.074565,0.0
2906,0.0,0.0,0.0,7247.799917,0.0
2907,19637.1747122111,20670.7102233801,0.0,30758.5294733801,0.0
2908,19637.1354378617,0.0,0.0,8013.120795,0.0
2909,11988.6014046434,0.0,7266.070021,0.0,0.0
2910,5011.08874112485,0.0,6628.614252,0.0,0.0
2911,0.0,0.0,4760.524783,0.0,0.0
2912,0.0,0.0,0.0,6684.625732,0.0
2913,4911.36550401736,5169.85842528143,0.0,11414.9508412814,0.0
2914,28238.8255300311,24555.2314197313,0.0,28705.9811767313,0.0
2915,51566.2389011248,24555.2314197313,0.0,29567.2137407313,0.0
2916,74893.6056173917,24555.2314197313,0.0,32424.4077587313,0.0
2917,98220.9256789252,24555.2314197313,0.0,34833.4761097313,0.0
2918,98220.9256789252,0.206780896160605,0.0,11033.6011708962,0.0
2919,98220.9256789252,0.206780896160605,0.0,14100.5420008962,0.0
2920,98220.9256789252,0.206780896160605,0.0,17291.2021208962,0.0
2921,79820.6758476001,0.0,17480.05072,0.0,0.0
2922,59550.7227009853,0.0,19256.30383,0.0,0.0
2923,40689.8259995399,0.0,17917.73872,0.0,0.0
2924,19030.3307988353,0.0,20576.44313,0.0,0.0
2925,0.0,0.0,18078.778101265,3027.79427873502,0.0
2926,0.0,0.0,0.0,17622.33039,0.0
2927,0.0,0.0,0.0,15978.46938,0.0
2928,0.0,0.0,0.0,10838.50403,0.0
2929,0.0,0.0,0.0,6950.526267,0.0
2930,0.0,0.0,0.0,6766.70442,0.0
2931,16994.1125910101,17888.5395694844,0.0,24211.0013364844,0.0
2932,16994.078602785,0.0,0.0,6308.633342,0.0
2933,9950.8344093646,0.0,6691.049695,0.0,0.0
2934,4457.53210348526,0.0,5218.618284,0.0,0.0
2935,0.0,0.0,4234.647029,0.0,0.0
2936,0.0,0.0,0.0,5613.289903,0.0
2937,4911.36550401736,5169.85842528143,0.0,12651.8673602814,0.0
2938,28238.8255300311,24555.2314197313,0.0,34438.7727907313,0.0
2939,51566.2389011248,24555.2314197313,0.0,32514.7144947313,0.0
2940,74893.6056173917,24555.2314197313,0.0,34590.0901397313,0.0
2941,98220.9256789252,24555.2314197313,0.0,31543.4124957313,0.0
2942,98220.9256789252,0.206780896160605,0.0,8872.77870089616,0.0
2943,98220.9256789252,0.206780896160605,0.0,7390.78856089616,0.0
2944,86767.4560581265,0.0,10880.60952,0.0,0.0
2945,72449.9604284775,0.0,13601.45599,0.0,0.0
2946,51734.1899087287,0.0,19679.8443388366,0.0,9312.5381788366
2947,25886.4744195791,0.0,24555.2314197313,0.0,13405.6505997313
2948,15623.681244525,0.0,9749.604332,0.0,0.0
2949,7605.94966032037,0.0,7616.81532,0.0,0.0
2950,0.0,0.0,7225.637726,0.0,0.0
2951,0.0,0.0,0.0,13511.17481,0.0
2952,0.0,0.0,0.0,8855.633474,0.0
2953,0.0,0.0,0.0,4241.167593,0.0
2954,0.0,0.0,0.0,7713.105288,0.0
2955,10000.8696581468,10527.2312191019,0.0,16876.4566481019,0.0
2956,10000.8496564075,0.0,0.0,6990.309572,0.0
2957,6481.06573997132,0.0,3343.775719,0.0,0.0
2958,3281.5514967872,0.0,3039.526217,0.0,0.0
2959,0.0,0.0,3117.467687,0.0,0.0
2960,0.0,0.0,0.0,7736.069871,0.0
2961,4911.36550401736,5169.85842528143,0.0,15455.4051752814,0.0
2962,28238.8255300311,24555.2314197313,0.0,33335.9435177313,0.0
2963,51566.2389011248,24555.2314197313,0.0,36071.4338497313,0.0
2964,74893.6056173917,24555.2314197313,0.0,35081.6983497313,0.0
2965,98220.9256789252,24555.2314197313,0.0,34646.7876897313,0.0
2966,98220.9256789252,0.206780896160605,0.0,7989.06332389616,0.0
2967,98220.9256789252,0.206780896160605,0.0,7286.09398789616,0.0
2968,83708.1098370738,0.0,13786.98843,0.0,0.0
2969,70597.4040103278,0.0,12455.01149,0.0,0.0
2970,57296.083920783,0.0,12636.11995,0.0,0.0
2971,35869.2714933656,0.0,20355.362943487,0.0,6043.92744348703
2972,22962.3932600858,0.0,12261.46617,0.0,0.0
2973,12959.7549089835,0.0,9502.462805,0.0,0.0
2974,0.0,0.0,12311.74254,0.0,0.0
2975,0.0,0.0,0.0,11943.8591,0.0
2976,0.0,0.0,0.0,9697.063788,0.0
2977,0.0,0.0,0.0,10417.50311,0.0
2978,18895.1471937343,19889.6286249834,0.0,30441.2172549834,0.0
2979,42222.5792521846,24555.2314197313,0.0,37539.5626297313,0.0
2980,42222.4948070261,0.0,0.0,12781.6939,0.0
2981,30550.4208567733,0.0,11088.39003,0.0,0.0
2982,14777.9658190895,0.0,14983.77424,0.0,0.0
2983,0.0,0.0,14039.03945,0.0,0.0
2984,0.0,0.0,0.0,12883.00309,0.0
2985,4911.36550401736,5169.85842528143,0.0,19321.5202252814,0.0
2986,28238.8255300311,24555.2314197313,0.0,38693.0219997313,0.0
2987,51566.2389011248,24555.2314197313,0.0,37237.1471297313,0.0
2988,74893.6056173917,24555.2314197313,0.0,40269.9844597313,0.0
2989,98220.9256789252,24555.2314197313,0.0,43304.6635897313,0.0
2990,98220.9256789252,0.206780896160605,0.0,19084.2331308962,0.0
2991,98220.9256789252,0.206780896160605,0.0,16999.7122508962,0.0
2992,82915.0876054949,0.0,14540.35955,0.0,0.0
2993,66802.5945332144,0.0,15306.71088,0.0,0.0
2994,53131.6580332885,0.0,12987.26275,0.0,0.0
2995,37016.4925804988,0.0,15309.30623,0.0,0.0
2996,23246.8639685662,0.0,13081.07685,0.0,0.0
2997,9369.32673799619,0.0,13183.6162,0.0,0.0
2998,0.0,0.0,8900.84259937558,5107.11933062442,0.0
2999,0.0,0.0,0.0,10012.80291,0.0
3000,0.0,0.0,0.0,9774.762184,0.0
3001,0.0,0.0,0.0,8850.381376,0.0
3002,11574.8483221574,12184.0508654288,0.0,23856.6695054288,0.0
3003,34902.2950212054,24555.2314197313,0.0,35589.6129297313,0.0
3004,34902.2252166154,0.0,0.0,12582.51365,0.0
3005,21390.0351490071,0.0,12836.51425,0.0,0.0
3006,10700.2578636736,0.0,10155.24778,0.0,0.0
3007,0.0,0.0,10165.22464,0.0,0.0
3008,0.0,0.0,0.0,8739.934024,0.0
3009,4911.36550401736,5169.85842528143,0.0,13531.6769262814,0.0
3010,28238.8255300311,24555.2314197313,0.0,33699.9079077313,0.0
3011,51566.2389011248,24555.2314197313,0.0,32679.2035117313,0.0
3012,74893.6056173917,24555.2314197313,0.0,35224.4063197313,0.0
3013,98220.9256789252,24555.2314197313,0.0,37033.7309497313,0.0
3014,98220.9256789252,0.206780896160605,0.0,11620.5414408962,0.0
3015,98220.9256789252,0.206780896160605,0.0,12543.6094108962,0.0
3016,81459.7197739159,0.0,15922.95899,0.0,0.0
3017,65975.4193386869,0.0,14709.93064,0.0,0.0
3018,54735.704514164,0.0,10677.60373,0.0,0.0
3019,36042.5197797411,0.0,17758.4214998632,0.0,2850.83562986316
3020,23454.71504207,0.0,11958.34602,0.0,0.0
3021,11445.2673326399,0.0,11408.93076,0.0,0.0
3022,0.0,0.0,10872.98222,0.0,0.0
3023,0.0,0.0,0.0,9650.054035,0.0
3024,0.0,0.0,0.0,10864.68021,0.0
3025,0.0,0.0,0.0,8149.585723,0.0
3026,10674.9327715644,11236.7713384889,0.0,22503.8134484889,0.0
3027,34002.3812704436,24555.2314197313,0.0,34209.5776127313,0.0
3028,34002.3132656811,0.0,0.0,9756.837325,0.0
3029,23105.7132715809,0.0,10351.70539,0.0,0.0
3030,11003.7613864701,0.0,11496.81039,0.0,0.0
3031,0.0,0.0,10453.55241,0.0,0.0
3032,0.0,0.0,0.0,9950.748032,0.0
3033,4911.36550401736,5169.85842528143,0.0,16202.0041852814,0.0
3034,28238.8255300311,24555.2314197313,0.0,35813.8048197313,0.0
3035,51566.2389011248,24555.2314197313,0.0,37484.0370197313,0.0
3036,74893.6056173917,24555.2314197313,0.0,35910.4498397313,0.0
3037,98220.9256789252,24555.2314197313,0.0,34902.4927497313,0.0
3038,98220.9256789252,0.206780896160605,0.0,8808.09210189616,0.0
3039,98220.9256789252,0.206780896160605,0.0,10449.9852608962,0.0
3040,79294.7704581265,0.0,17979.66084,0.0,0.0
3041,64492.1403738487,0.0,14062.34792,0.0,0.0
3042,52279.0692527259,0.0,11602.29503,0.0,0.0
3043,36213.95571564,0.0,15261.75853,0.0,0.0
3044,19389.1930982549,0.0,15983.45568,0.0,0.0
3045,4365.84976197395,0.0,14272.13933,0.0,0.0
3046,0.0,0.0,4147.5489787607,9284.6155112393,0.0
3047,0.0,0.0,0.0,10672.21782,0.0
3048,0.0,0.0,0.0,10291.85238,0.0
3049,0.0,0.0,0.0,9861.666867,0.0
3050,0.0,0.0,0.0,9590.839882,0.0
3051,22559.3865361051,23746.7226695843,0.0,34772.3559595843,0.0
3052,22559.341417332,0.0,0.0,9065.946087,0.0
3053,17063.1991028597,0.0,5221.292336,0.0,0.0
3054,7752.44128804047,0.0,8845.187504,0.0,0.0
3055,0.0,0.0,7364.804494,0.0,0.0
3056,0.0,0.0,0.0,9955.573832,0.0
3057,4911.36550401736,5169.85842528143,0.0,17002.0319252814,0.0
3058,28238.8255300311,24555.2314197313,0.0,36738.6266097313,0.0
3059,51566.2389011248,24555.2314197313,0.0,36136.0410297313,0.0
3060,74893.6056173917,24555.2314197313,0.0,37966.7453397313,0.0
3061,98220.9256789252,24555.2314197313,0.0,37208.1767097313,0.0
3062,98220.9256789252,0.206780896160605,0.0,13419.2460008962,0.0
3063,98220.9256789252,0.206780896160605,0.0,13781.0959908962,0.0
3064,85760.7664686528,0.0,11836.96463,0.0,0.0
3065,76971.1759344883,0.0,8349.948062,0.0,0.0
3066,55932.1000486909,0.0,19986.9758462732,0.0,9905.56297627319
3067,30084.376163721,0.0,24555.2314197313,0.0,15171.5522287313
3068,22727.0518686529,0.0,6989.40092,0.0,0.0
3069,12557.2745987597,0.0,9661.245225,0.0,0.0
3070,0.0,0.0,11929.38701,0.0,0.0
3071,0.0,0.0,0.0,6749.306547,0.0
3072,0.0,0.0,0.0,4661.086239,0.0
3073,0.0,0.0,0.0,1900.755742,0.0
3074,0.0,0.0,0.0,4720.441362,0.0
3075,14007.2311682753,14744.4538613424,0.0,19111.2198363424,0.0
3076,14007.203153813,0.0,0.0,2306.898007,0.0
3077,9508.1717804593,0.0,4274.053191,0.0,0.0
3078,6001.00523990522,0.0,3331.790148,0.0,0.0
3079,0.0,0.0,5700.943576,0.0,0.0
3080,0.0,0.0,0.0,5420.485791,0.0
3081,4911.36550401736,5169.85842528143,0.0,13089.5742762814,0.0
3082,28238.8255300311,24555.2314197313,0.0,34031.8262897313,0.0
3083,51566.2389011248,24555.2314197313,0.0,36126.3032397313,0.0
3084,74893.6056173917,24555.2314197313,0.0,37504.1889997313,0.0
3085,98220.9256789252,24555.2314197313,0.0,36035.0131897313,0.0
3086,98220.9256789252,0.206780896160605,0.0,8412.33187289616,0.0
3087,98220.9256789252,0.206780896160605,0.0,12253.8147408962,0.0
3088,83911.4883739159,0.0,13593.77882,0.0,0.0
3089,70446.5494667287,0.0,12791.53253,0.0,0.0
3090,55032.1210999455,0.0,14643.5731,0.0,0.0
3091,38704.0853725454,0.0,15511.52938,0.0,0.0
3092,22558.2793643747,0.0,15338.44217,0.0,0.0
3093,6043.80876360544,0.0,15688.70421,0.0,0.0
3094,0.0,0.0,5741.60684218852,11158.0747178115,0.0
3095,0.0,0.0,0.0,14586.16822,0.0
3096,0.0,0.0,0.0,13200.78113,0.0
3097,0.0,0.0,0.0,11140.58037,0.0
3098,0.0,0.0,0.0,8408.295773,0.0
3099,12414.3277923542,13067.713465636,0.0,17036.221097636,0.0
3100,12414.3029636986,0.0,0.0,5776.634465,0.0
3101,7703.52936982952,0.0,4475.211327,0.0,0.0
3102,4030.85907645499,0.0,3489.022142,0.0,0.0
3103,0.0,0.0,3829.308464,0.0,0.0
3104,0.0,0.0,0.0,555.9178799,0.0
3105,4911.36550401736,5169.85842528143,0.0,7231.58910928143,0.0
3106,28238.8255300311,24555.2314197313,0.0,27719.1555777313,0.0
3107,51566.2389011248,24555.2314197313,0.0,30544.4310747313,0.0
3108,74893.6056173917,24555.2314197313,0.0,31615.9652067313,0.0
3109,98220.9256789252,24555.2314197313,0.0,30814.5096157313,0.0
3110,98220.9256789252,0.206780896160605,0.0,6621.74446089616,0.0
3111,98220.9256789252,0.206780896160605,0.0,8160.06462489616,0.0
3112,87776.6273476002,0.0,9921.896795,0.0,0.0
3113,78376.0000090823,0.0,8930.429196,0.0,0.0
3114,65616.4876044507,0.0,12121.38787,0.0,0.0
3115,47703.4638706881,0.0,17017.247875748,0.0,5808.06874574799
3116,33661.8363900762,0.0,13339.45547,0.0,0.0
3117,17154.2543400876,0.0,15682.13899,0.0,0.0
3118,0.0,0.0,16296.50903,0.0,0.0
3119,0.0,0.0,0.0,14916.46682,0.0
3120,0.0,0.0,0.0,10960.13609,0.0
3121,0.0,0.0,0.0,8697.318576,0.0
3122,0.0,0.0,0.0,4493.013699,0.0
3123,15191.8158193918,15991.385073044,0.0,20315.397377044,0.0
3124,15191.7854357601,0.0,0.0,6440.997362,0.0
3125,8793.01957639978,0.0,6078.798702,0.0,0.0
3126,5371.49610509747,0.0,3250.430591,0.0,0.0
3127,0.0,0.0,5102.911094,0.0,0.0
3128,0.0,0.0,0.0,4723.247147,0.0
3129,4911.36550401736,5169.85842528143,0.0,12996.3522772814,0.0
3130,28238.8255300311,24555.2314197313,0.0,32279.1452587313,0.0
3131,51566.2389011248,24555.2314197313,0.0,33061.6697967313,0.0
3132,74893.6056173917,24555.2314197313,0.0,30840.7328767313,0.0
3133,98220.9256789252,24555.2314197313,0.0,30235.7603517313,0.0
3134,98220.9256789252,0.206780896160605,0.0,6795.67750389616,0.0
3135,98220.9256789252,0.206780896160605,0.0,3912.57962389616,0.0
3136,94473.8126812844,0.0,3559.570728,0.0,0.0
3137,87432.6310168169,0.0,6688.943081,0.0,0.0
3138,67128.2757513632,0.0,19288.9713801821,0.0,9904.25517718207
3139,41280.5294740419,0.0,24555.2314197313,0.0,14796.3343097313
3140,26496.9875550883,0.0,14044.28639,0.0,0.0
3141,14059.5039400605,0.0,11815.55909,0.0,0.0
3142,0.0,0.0,13356.50203,0.0,0.0
3143,0.0,0.0,0.0,14825.71015,0.0
3144,0.0,0.0,0.0,11997.18619,0.0
3145,0.0,0.0,0.0,10654.9619,0.0
3146,6325.45294162196,6658.3715174968,0.0,20992.7494874968,0.0
3147,29652.9101394608,24555.2314197313,0.0,39033.9129297313,0.0
3148,29652.8508336405,0.0,0.0,13306.71036,0.0
3149,17568.6938963599,0.0,11479.89275,0.0,0.0
3150,10378.9597463405,0.0,6830.214062,0.0,0.0
3151,0.0,0.0,9859.992039,0.0,0.0
3152,0.0,0.0,0.0,11168.5636,0.0
3153,4911.36550401736,5169.85842528143,0.0,19301.4591752814,0.0
3154,28238.8255300311,24555.2314197313,0.0,39816.9998697313,0.0
3155,51566.2389011248,24555.2314197313,0.0,39466.6674697313,0.0
3156,74893.6056173917,24555.2314197313,0.0,41857.2852097313,0.0
3157,98220.9256789252,24555.2314197313,0.0,39429.5439797313,0.0
3158,98220.9256789252,0.206780896160605,0.0,14233.0019008962,0.0
3159,98220.9256789252,0.206780896160605,0.0,13294.9856508962,0.0
3160,84856.6237318107,0.0,12695.90023,0.0,0.0
3161,69665.7739869843,0.0,14431.14603,0.0,0.0
3162,54411.6574764889,0.0,14491.27832,0.0,0.0
3163,37370.2687682601,0.0,16189.2158906682,0.0,689.568670668232
3164,23519.5692171962,0.0,13158.09357,0.0,0.0
3165,10904.8183570051,0.0,11983.96863,0.0,0.0
3166,0.0,0.0,10359.55672,0.0,0.0
3167,0.0,0.0,0.0,10362.72755,0.0
3168,0.0,0.0,0.0,6107.726975,0.0
3169,0.0,0.0,0.0,1814.4389,0.0
3170,14683.4407932223,15456.2534665498,0.0,19838.2348685498,0.0
3171,38010.8812750855,24555.2314197313,0.0,32036.3440367313,0.0
3172,38010.8052533229,0.0,0.0,7750.132371,0.0
3173,26595.6650948703,0.0,10844.31093,0.0,0.0
3174,12778.0858509085,0.0,13126.64975,0.0,0.0
3175,0.0,0.0,12139.15728,0.0,0.0
3176,0.0,0.0,0.0,13986.40377,0.0
3177,4911.36550401736,5169.85842528143,0.0,16892.6201952814,0.0
3178,28238.8255300311,24555.2314197313,0.0,36859.3495797313,0.0
3179,51566.2389011248,24555.2314197313,0.0,36384.5958597313,0.0
3180,74893.6056173917,24555.2314197313,0.0,40901.1401897313,0.0
3181,98220.9256789252,24555.2314197313,0.0,41042.9343597313,0.0
3182,98220.9256789252,0.206780896160605,0.0,15804.3040808962,0.0
3183,98220.9256789252,0.206780896160605,0.0,19946.3081008962,0.0
3184,80326.9626791791,0.0,16999.07823,0.0,0.0
3185,64321.9465305169,0.0,15204.61272,0.0,0.0
3186,48347.5931497817,0.0,15175.5135,0.0,0.0
3187,34109.8008967007,0.0,13525.81078,0.0,0.0
3188,20487.3203297305,0.0,12941.29173,0.0,0.0
3189,6392.02422877405,0.0,13390.49237,0.0,0.0
3190,0.0,0.0,6072.41087248931,5409.58051751069,0.0
3191,0.0,0.0,0.0,11172.06551,0.0
3192,0.0,0.0,0.0,7022.310253,0.0
3193,0.0,0.0,0.0,4138.913041,0.0
3194,2414.71588075777,2541.80619027133,0.0,6458.05126527133,0.0
3195,25742.1809000707,24555.2314197313,0.0,29761.6634507313,0.0
3196,25742.1294157089,0.0,0.0,4879.519502,0.0
3197,19003.2344040817,0.0,6401.901351,0.0,0.0
3198,8795.12222813919,0.0,9697.670461,0.0,0.0
3199,0.0,0.0,8355.349406,0.0,0.0
3200,0.0,0.0,0.0,8873.552999,0.0
3201,4911.36550401736,5169.85842528143,0.0,14966.7878792814,0.0
3202,28238.8255300311,24555.2314197313,0.0,36707.9686497313,0.0
3203,51566.2389011248,24555.2314197313,0.0,43230.9026697313,0.0
3204,74893.6056173917,24555.2314197313,0.0,45392.1214297313,0.0
3205,98220.9256789252,24555.2314197313,0.0,42685.7694397313,0.0
3206,98220.9256789252,0.206780896160605,0.0,13363.7908308962,0.0
3207,98220.9256789252,0.206780896160605,0.0,12932.8511208962,0.0
3208,87894.7518876001,0.0,9809.678482,0.0,0.0
3209,76787.1933612543,0.0,10552.0136,0.0,0.0
3210,57887.6753935852,0.0,17954.3961736183,0.0,7298.11195361825
3211,32039.9475974646,0.0,24555.2314197313,0.0,11035.9996497313
3212,20941.3328649378,0.0,10543.62312,0.0,0.0
3213,8929.03079279842,0.0,11411.64718,0.0,0.0
3214,0.0,0.0,8482.562288,0.0,0.0
3215,0.0,0.0,0.0,8522.635689,0.0
3216,0.0,0.0,0.0,8744.007645,0.0
3217,0.0,0.0,0.0,7201.811088,0.0
3218,0.0,0.0,0.0,6509.112383,0.0
3219,12665.359977584,13331.957871141,0.0,18375.014051141,0.0
3220,12665.334646864,0.0,0.0,7409.156514,0.0
3221,5143.06276777366,0.0,7146.134221,0.0,0.0
3222,2942.92932480602,0.0,2090.116999,0.0,0.0
3223,0.0,0.0,2795.777267,0.0,0.0
3224,0.0,0.0,0.0,4781.148093,0.0
3225,4911.36550401736,5169.85842528143,0.0,12733.1580962814,0.0
3226,28238.8255300311,24555.2314197313,0.0,33635.5271217313,0.0
3227,51566.2389011248,24555.2314197313,0.0,36193.1685697313,0.0
3228,74893.6056173917,24555.2314197313,0.0,33941.2165267313,0.0
3229,98220.9256789252,24555.2314197313,0.0,34149.2801457313,0.0
3230,98220.9256789252,0.206780896160605,0.0,9642.04355289616,0.0
3231,98220.9256789252,0.206780896160605,0.0,9744.84092189616,0.0
3232,87830.0232549686,0.0,9871.170683,0.0,0.0
3233,76012.5551738694,0.0,11226.4278,0.0,0.0
3234,65425.7249066538,0.0,10057.34433,0.0,0.0
3235,52344.2307657096,0.0,12427.2951250197,0.0,1537.86841501972
3236,35467.1510456691,0.0,16033.12628,0.0,0.0
3237,18208.3150903144,0.0,16395.82677,0.0,0.0
3238,0.0,0.0,17297.86474,0.0,0.0
3239,0.0,0.0,0.0,15997.88767,0.0
3240,0.0,0.0,0.0,12349.2099,0.0
3241,0.0,0.0,0.0,7469.45444,0.0
3242,2226.76062446799,2343.95855207156,0.0,6561.01738707156,0.0
3243,25554.2260196915,24555.2314197313,0.0,29740.1543797313,0.0
3244,25554.1749112394,0.0,0.0,7863.874787,0.0
3245,17786.191601837,0.0,7379.535591,0.0,0.0
3246,9243.14794313799,0.0,8115.857682,0.0,0.0
3247,0.0,0.0,8780.972984,0.0,0.0
3248,0.0,0.0,0.0,11365.15272,0.0
3249,4911.36550401736,5169.85842528143,0.0,14641.1340892814,0.0
3250,28238.8255300311,24555.2314197313,0.0,32507.3298457313,0.0
3251,51566.2389011248,24555.2314197313,0.0,37399.0807197313,0.0
3252,74893.6056173917,24555.2314197313,0.0,36236.6346797313,0.0
3253,98220.9256789252,24555.2314197313,0.0,36627.6761797313,0.0
3254,98220.9256789252,0.206780896160605,0.0,10878.9014408962,0.0
3255,98220.9256789252,0.206780896160605,0.0,10507.2523808962,0.0
3256,84228.6793633896,0.0,13292.44738,0.0,0.0
3257,71701.8118007677,0.0,11900.36415,0.0,0.0
3258,55343.2966762338,0.0,15540.4531348648,0.0,5783.36456886477
3259,29495.5739688707,0.0,24555.2314197313,0.0,16999.5786707313
3260,24687.6615471965,0.0,4567.460759,0.0,0.0
3261,12585.9366876628,0.0,11496.59171,0.0,0.0
3262,0.0,0.0,11956.61594,0.0,0.0
3263,0.0,0.0,0.0,11448.44205,0.0
3264,0.0,0.0,0.0,9599.590471,0.0
3265,0.0,0.0,0.0,7130.26462,0.0
3266,0.0,0.0,0.0,8326.176026,0.0
3267,12988.864545503,13672.4889952663,0.0,19365.6298582663,0.0
3268,12988.8385677739,0.0,0.0,5866.587111,0.0
3269,10236.4317427284,0.0,2614.761805,0.0,0.0
3270,5027.56402565437,0.0,4948.404882,0.0,0.0
3271,0.0,0.0,4776.176272,0.0,0.0
3272,0.0,0.0,0.0,9260.430829,0.0
3273,4911.36550401736,5169.85842528143,0.0,18466.7691952814,0.0
3274,28238.8255300311,24555.2314197313,0.0,36046.0095797313,0.0
3275,51566.2389011248,24555.2314197313,0.0,38516.6626997313,0.0
3276,74893.6056173917,24555.2314197313,0.0,40677.8095797313,0.0
3277,98220.9256789252,24555.2314197313,0.0,40980.9573597313,0.0
3278,98220.9256789252,0.206780896160605,0.0,15886.9515308962,0.0
3279,98220.7292370738,0.0,0.0,16017.09805,0.0
3280,84467.5322798259,0.0,13065.35049,0.0,0.0
3281,73428.9977026561,0.0,10486.44736,0.0,0.0
3282,47581.2388238909,0.0,24555.2314197313,0.0,16836.5411587313
3283,21733.5316406435,0.0,24555.2314197313,0.0,18154.2076677313
3284,18450.8138135802,0.0,3118.540642,0.0,0.0
3285,12952.5585319526,0.0,5223.307461,0.0,0.0
3286,11116.4076152565,0.0,1744.318761,0.0,0.0
3287,7334.21768980974,0.0,3593.059308,0.0,0.0
3288,0.0,0.0,6967.49287030564,380.135493694359,0.0
3289,0.0,0.0,0.0,7747.802379,0.0
3290,0.0,0.0,0.0,5219.266345,0.0
3291,15908.9424759185,16746.255237809,0.0,22161.985441809,0.0
3292,15908.9106580336,0.0,0.0,4513.39601,0.0
3293,11223.7008612649,0.0,4450.91908,0.0,0.0
3294,4683.24738544214,0.0,6213.409477,0.0,0.0
3295,0.0,0.0,4449.076118,0.0,0.0
3296,0.0,0.0,0.0,4394.102625,0.0
3297,4911.36550401736,5169.85842528143,0.0,11037.4839242814,0.0
3298,28238.8255300311,24555.2314197313,0.0,33935.6410227313,0.0
3299,51566.2389011248,24555.2314197313,0.0,43414.6444897313,0.0
3300,74893.6056173917,24555.2314197313,0.0,45564.2631197313,0.0
3301,98220.9256789252,24555.2314197313,0.0,45133.2485897313,0.0
3302,98220.9256789252,0.206780896160605,0.0,17475.6095908962,0.0
3303,98220.9256789252,0.206780896160605,0.0,17530.8010908962,0.0
3304,96065.2763463273,0.0,2047.68024620923,18644.5875237908,0.0
3305,72019.0060368272,0.0,22843.77427,0.0,0.0
3306,54083.777093552,0.0,17038.33066,0.0,0.0
3307,36117.9372944189,0.0,17067.44505,0.0,0.0
3308,17292.4300374916,0.0,17884.16327,0.0,0.0
3309,0.0,0.0,16427.77568,0.0,0.0
3310,0.0,0.0,0.0,17569.57604,0.0
3311,0.0,0.0,0.0,18144.32777,0.0
3312,0.0,0.0,0.0,14210.28331,0.0
3313,0.0,0.0,0.0,10189.40521,0.0
3314,0.0,0.0,0.0,12093.30531,0.0
3315,13156.2375669277,13848.6711230818,0.0,21343.3799960818,0.0
3316,13156.2112544526,0.0,0.0,9745.076073,0.0
3317,8164.62041781955,0.0,4741.986298,0.0,0.0
3318,3786.39461910503,0.0,4159.298996,0.0,0.0
3319,0.0,0.0,3597.067694,0.0,0.0
3320,0.0,0.0,0.0,1960.271623,0.0
3321,4911.36550401736,5169.85842528143,0.0,12126.5727762814,0.0
3322,28238.8255300311,24555.2314197313,0.0,32731.9577497313,0.0
3323,51566.2389011248,24555.2314197313,0.0,32130.9050127313,0.0
3324,74893.6056173917,24555.2314197313,0.0,32124.0199427313,0.0
3325,98220.9256789252,24555.2314197313,0.0,30989.6468437313,0.0
3326,98220.9256789252,0.206780896160605,0.0,7608.31823289616,0.0
3327,98220.7292370738,0.0,0.0,10167.87389,0.0
3328,88207.0975261417,0.0,9512.763506,0.0,0.0
3329,79157.9981119466,0.0,8596.47685,0.0,0.0
3330,53310.2277751806,0.0,24555.2314197313,0.0,18271.3899517313
3331,27462.5091339553,0.0,24555.2314197313,0.0,18692.7770237313
3332,21796.0008952528,0.0,5383.130648,0.0,0.0
3333,12367.276723251,0.0,8957.246551,0.0,0.0
3334,4349.80916027655,0.0,7616.570687,0.0,0.0
3335,0.0,0.0,4132.31043762531,8878.44303237469,0.0
3336,0.0,0.0,0.0,9822.700977,0.0
3337,0.0,0.0,0.0,10019.87097,0.0
3338,8323.96925895668,8762.07290416493,0.0,24881.3772841649,0.0
3339,31651.4224597629,24555.2314197313,0.0,42315.6543597313,0.0
3340,31651.359156918,0.0,0.0,10653.33467,0.0
3341,21624.0206836733,0.0,9525.911412,0.0,0.0
3342,11954.1317819478,0.0,9186.353371,0.0,0.0
3343,0.0,0.0,11356.40248,0.0,0.0
3344,0.0,0.0,0.0,8919.815706,0.0
3345,4911.36550401736,5169.85842528143,0.0,15993.9154952814,0.0
3346,28238.8255300311,24555.2314197313,0.0,37372.3516297313,0.0
3347,51566.2389011248,24555.2314197313,0.0,36022.5443497313,0.0
3348,74893.6056173917,24555.2314197313,0.0,34041.6528887313,0.0
3349,98220.9256789252,24555.2314197313,0.0,36808.8689197313,0.0
3350,98220.9256789252,0.206780896160605,0.0,13739.8075508962,0.0
3351,98220.9256789252,0.206780896160605,0.0,9811.60903489616,0.0
3352,86592.7489212844,0.0,11046.5813,0.0,0.0
3353,74279.5686621023,0.0,11697.35672,0.0,0.0
3354,59457.4009538532,0.0,14080.9181916562,0.0,3448.33686165623
3355,33609.6700182815,0.0,24555.2314197313,0.0,14670.4428547313
3356,21997.1494410467,0.0,11031.83069,0.0,0.0
3357,11772.3212814847,0.0,9713.544957,0.0,0.0
3358,0.0,0.0,11183.68285,0.0,0.0
3359,0.0,0.0,0.0,4894.192677,0.0
3360,0.0,0.0,0.0,4781.86507,0.0
3361,0.0,0.0,0.0,2465.663293,0.0
3362,0.0,0.0,0.0,2972.364983,0.0
3363,8719.96753319874,9178.91319284078,0.0,14015.7923028408,0.0
3364,8719.95009326367,0.0,0.0,7276.978352,0.0
3365,2456.15542810033,0.0,5950.588364,0.0,0.0
3366,0.0,0.0,2333.34299,0.0,0.0
3367,0.0,0.0,0.0,0.0,0.0
3368,0.0,0.0,0.0,4503.122622,0.0
3369,4911.36550401736,5169.85842528143,0.0,11354.8611722814,0.0
3370,28238.8255300311,24555.2314197313,0.0,34107.3767677313,0.0
3371,51566.2389011248,24555.2314197313,0.0,32418.2198627313,0.0
3372,74893.6056173917,24555.2314197313,0.0,35945.2171997313,0.0
3373,98220.9256789252,24555.2314197313,0.0,33538.5546707313,0.0
3374,98220.9256789252,0.206780896160605,0.0,11312.8892608962,0.0
3375,98220.9256789252,0.206780896160605,0.0,13811.8101308962,0.0
3376,79786.5236686528,0.0,17512.49529,0.0,0.0
3377,62759.0682640265,0.0,16175.93104,0.0,0.0
3378,45421.1219248373,0.0,16470.92978,0.0,0.0
3379,27291.3000825342,0.0,17223.2444500563,0.0,5470.60572005629
3380,15162.1239104604,0.0,11522.66551,0.0,0.0
3381,7801.52734410732,0.0,6992.53793,0.0,0.0
3382,0.0,0.0,7411.436154,0.0,0.0
3383,0.0,0.0,0.0,7048.589979,0.0
3384,0.0,0.0,0.0,7436.816191,0.0
3385,0.0,0.0,0.0,6066.272291,0.0
3386,6794.80264836694,7152.42384038625,0.0,16296.8712373863,0.0
3387,30122.2589075064,24555.2314197313,0.0,37672.7442797313,0.0
3388,30122.1986629886,0.0,0.0,13754.65327,0.0
3389,19071.5022185912,0.0,10498.10439,0.0,0.0
3390,8393.5828755868,0.0,10143.98714,0.0,0.0
3391,0.0,0.0,7973.887784,0.0,0.0
3392,0.0,0.0,0.0,11347.72346,0.0
3393,4911.36550401736,5169.85842528143,0.0,22123.6630852814,0.0
3394,28238.8255300311,24555.2314197313,0.0,40703.6989297313,0.0
3395,51566.2389011248,24555.2314197313,0.0,40885.7424497313,0.0
3396,74893.6056173917,24555.2314197313,0.0,39516.7331397313,0.0
3397,98220.9256789252,24555.2314197313,0.0,39553.5146497313,0.0
3398,98220.9256789252,0.206780896160605,0.0,15700.2955308962,0.0
3399,98220.9256789252,0.206780896160605,0.0,11284.1478608962,0.0
3400,85229.5931002317,0.0,12341.57933,0.0,0.0
3401,69651.5685884139,0.0,14798.96135,0.0,0.0
3402,53090.0799484347,0.0,15733.28187,0.0,0.0
3403,37528.2635472222,0.0,14783.62471,0.0,0.0
3404,23383.6292170108,0.0,13437.33131,0.0,0.0
3405,9716.79586027873,0.0,12983.44726,0.0,0.0
3406,0.0,0.0,9230.93760535266,8444.79553464734,0.0
3407,0.0,0.0,0.0,17450.70358,0.0
3408,0.0,0.0,0.0,17340.56393,0.0
3409,0.0,0.0,0.0,11194.06917,0.0
3410,0.0,0.0,0.0,6711.235467,0.0
3411,18597.4820210785,19576.2968642931,0.0,27420.9026262931,0.0
3412,18597.4448261144,0.0,0.0,6407.218713,0.0
3413,8897.77084701427,0.0,9214.654945,0.0,0.0
3414,2662.052078841,0.0,5923.915924,0.0,0.0
3415,0.0,0.0,2528.944417,0.0,0.0
3416,0.0,0.0,0.0,5546.565451,0.0
3417,4911.36550401736,5169.85842528143,0.0,16606.6481152814,0.0
3418,28238.8255300311,24555.2314197313,0.0,29051.9143667313,0.0
3419,51566.2389011248,24555.2314197313,0.0,33781.9837027313,0.0
3420,74893.6056173917,24555.2314197313,0.0,32449.6821227313,0.0
3421,98220.9256789252,24555.2314197313,0.0,35327.7653697313,0.0
3422,98220.9256789252,0.206780896160605,0.0,14979.0175308962,0.0
3423,98220.9256789252,0.206780896160605,0.0,12233.9417708962,0.0
3424,86478.1738370738,0.0,11155.42763,0.0,0.0
3425,70443.759007042,0.0,15232.52978,0.0,0.0
3426,56841.599687945,0.0,12921.91751,0.0,0.0
3427,39824.156554539,0.0,16166.4629776963,0.0,4392.61333769632
3428,26348.3326851732,0.0,12801.95701,0.0,0.0
3429,12110.0434095605,0.0,13526.32475,0.0,0.0
3430,0.0,0.0,11504.51823,0.0,0.0
3431,0.0,0.0,0.0,8521.96578,0.0
3432,0.0,0.0,0.0,7607.916683,0.0
3433,0.0,0.0,0.0,5196.014241,0.0
3434,0.0,0.0,0.0,196.8379319,0.0
3435,19611.4915103946,20643.6752740996,0.0,22699.4934130996,0.0
3436,19611.4522874116,0.0,0.0,0.0,0.0
3437,14640.7785002965,0.0,4722.102836,0.0,0.0
3438,8058.31712400267,0.0,6253.31049,0.0,0.0
3439,0.0,0.0,7655.385957,0.0,0.0
3440,0.0,0.0,0.0,8661.867612,0.0
3441,4911.36550401736,5169.85842528143,0.0,13458.4361262814,0.0
3442,28238.8255300311,24555.2314197313,0.0,33309.5593477313,0.0
3443,51566.2389011248,24555.2314197313,0.0,32243.8480927313,0.0
3444,74893.6056173917,24555.2314197313,0.0,28768.6130997313,0.0
3445,98220.9256789252,24555.2314197313,0.0,33867.1101627313,0.0
3446,98220.9256789252,0.206780896160605,0.0,9020.62096689616,0.0
3447,98220.9256789252,0.206780896160605,0.0,14185.5274208962,0.0
3448,82450.6147528633,0.0,14981.60876,0.0,0.0
3449,68117.1303884759,0.0,13616.65349,0.0,0.0
3450,53055.4848594783,0.0,14308.43383,0.0,0.0
3451,29625.9837088914,0.0,22257.9252876364,0.0,11002.2551776364
3452,18992.023393766,0.0,10102.20601,0.0,0.0
3453,7988.01752550874,0.0,10453.76949,0.0,0.0
3454,0.0,0.0,7588.601472,0.0,0.0
3455,0.0,0.0,0.0,7704.331186,0.0
3456,0.0,0.0,0.0,9886.493248,0.0
3457,0.0,0.0,0.0,8185.113751,0.0
3458,0.0,0.0,0.0,6857.181257,0.0
3459,14843.972150456,15625.2338425853,0.0,22232.2195855853,0.0
3460,14843.9424625117,0.0,0.0,5649.563159,0.0
3461,11029.4484577847,0.0,3623.741101,0.0,0.0
3462,7286.81229678249,0.0,3555.483397,0.0,0.0
3463,0.0,0.0,6922.457837,0.0,0.0
3464,0.0,0.0,0.0,5954.125751,0.0
3465,4911.36550401736,5169.85842528143,0.0,9020.14896828143,0.0
3466,28238.8255300311,24555.2314197313,0.0,29329.5515777313,0.0
3467,51566.2389011248,24555.2314197313,0.0,32570.9513437313,0.0
3468,74893.6056173917,24555.2314197313,0.0,30091.3117687313,0.0
3469,98220.9256789252,24555.2314197313,0.0,31959.9723897313,0.0
3470,98220.9256789252,0.206780896160605,0.0,10466.5449308962,0.0
3471,98220.9256789252,0.206780896160605,0.0,11646.7943708962,0.0
3472,96132.3036429394,0.0,1984.00431442769,12541.2402755723,0.0
3473,78655.4240520163,0.0,16602.85296,0.0,0.0
3474,59623.0690359051,0.0,18080.58782,0.0,0.0
3475,40351.9367055565,0.0,18307.46243,0.0,0.0
3476,19116.6310227357,0.0,20173.46373,0.0,0.0
3477,0.0,0.0,18160.76315,0.0,0.0
3478,0.0,0.0,0.0,19020.23581,0.0
3479,0.0,0.0,0.0,14805.97723,0.0
3480,0.0,0.0,0.0,10284.78566,0.0
3481,0.0,0.0,0.0,10618.51816,0.0
3482,1513.93322413185,1593.61392013879,0.0,10858.5052691388,0.0
3483,24841.4000450101,24555.2314197313,0.0,35259.4341597313,0.0
3484,24841.35036221,0.0,0.0,10670.78349,0.0
3485,14734.0020531935,0.0,9601.933695,0.0,0.0
3486,7673.64734413679,0.0,6707.308979,0.0,0.0
3487,0.0,0.0,7289.950397,0.0,0.0
3488,0.0,0.0,0.0,7698.236943,0.0
3489,4911.36550401736,5169.85842528143,0.0,11788.6487422814,0.0
3490,28238.8255300311,24555.2314197313,0.0,33023.9935187313,0.0
3491,51566.2389011248,24555.2314197313,0.0,35858.7084197313,0.0
3492,74893.6056173917,24555.2314197313,0.0,31932.0479277313,0.0
3493,98220.9256789252,24555.2314197313,0.0,31118.1735297313,0.0
3494,98220.9256789252,0.206780896160605,0.0,6983.80664189616,0.0
3495,98220.9256789252,0.206780896160605,0.0,9431.49061689616,0.0
3496,86408.4520476001,0.0,11221.66333,0.0,0.0
3497,73655.1567991171,0.0,12115.46631,0.0,0.0
3498,58534.8793098562,0.0,14364.12367,0.0,0.0
3499,36063.0526056694,0.0,21348.1241527067,0.0,8358.12140270673
3500,21840.0512269326,0.0,13511.78279,0.0,0.0
3501,10322.3624520933,0.0,10941.76284,0.0,0.0
3502,0.0,0.0,9806.224717,0.0,0.0
3503,0.0,0.0,0.0,11688.97767,0.0
3504,0.0,0.0,0.0,8738.26367,0.0
3505,0.0,0.0,0.0,7601.938223,0.0
3506,8677.70962602777,9134.43118529239,0.0,16867.8267032924,0.0
3507,32005.1621193532,24555.2314197313,0.0,32989.4296407313,0.0
3508,32005.098109029,0.0,0.0,10771.10467,0.0
3509,22110.757884096,0.0,9399.562404,0.0,0.0
3510,9733.39535731703,0.0,11758.45239,0.0,0.0
3511,0.0,0.0,9246.707096,0.0,0.0
3512,0.0,0.0,0.0,4902.679612,0.0
3513,4911.36550401736,5169.85842528143,0.0,15431.1394652814,0.0
3514,28238.8255300311,24555.2314197313,0.0,37711.7524597313,0.0
3515,51566.2389011248,24555.2314197313,0.0,34671.0266297313,0.0
3516,74893.6056173917,24555.2314197313,0.0,43605.9730297313,0.0
3517,98220.9256789252,24555.2314197313,0.0,43388.4083997313,0.0
3518,98220.9256789252,0.206780896160605,0.0,20195.2620508962,0.0
3519,98220.9256789252,0.206780896160605,0.0,15573.2428108962,0.0
3520,84502.5641212844,0.0,13032.25686,0.0,0.0
3521,71928.8370319456,0.0,11944.88018,0.0,0.0
3522,57315.54752164,0.0,13882.48837,0.0,0.0
3523,41362.3777747554,0.0,15155.40236,0.0,0.0
3524,22633.9300289473,0.0,17791.94677,0.0,0.0
3525,4850.94381371879,0.0,16893.7939,0.0,0.0
3526,0.0,0.0,4608.38740623961,10493.1026437604,0.0
3527,0.0,0.0,0.0,12521.25868,0.0
3528,0.0,0.0,0.0,9963.586147,0.0
3529,0.0,0.0,0.0,8433.7918,0.0
3530,4204.73166353281,4426.03333003454,0.0,9561.22142103454,0.0
3531,27532.1931028142,24555.2314197313,0.0,29553.2053007313,0.0
3532,27532.138038428,0.0,0.0,7233.910234,0.0
3533,16789.1543215204,0.0,10205.78222,0.0,0.0
3534,6853.18480742225,0.0,9439.139139,0.0,0.0
3535,0.0,0.0,6510.512546,0.0,0.0
3536,0.0,0.0,0.0,5082.784927,0.0
3537,4911.36550401736,5169.85842528143,0.0,13143.4665202814,0.0
3538,28238.8255300311,24555.2314197313,0.0,32687.4897097313,0.0
3539,51566.2389011248,24555.2314197313,0.0,27227.1250147313,0.0
3540,74893.6056173917,24555.2314197313,0.0,29012.6533567313,0.0
3541,98220.9256789252,24555.2314197313,0.0,28619.3146957313,0.0
3542,98220.9256789252,0.206780896160605,0.0,2503.08250489616,0.0
3543,98220.7292370738,0.0,0.0,2062.320458,0.0
3544,98220.5327956154,0.0,0.0,0.0,0.0
3545,98220.3363545498,0.0,0.0,0.0,0.0
3546,72372.5278931073,0.0,24555.2314197313,0.0,19273.5447947313
3547,46524.7711272817,0.0,24555.2314197313,0.0,20727.9369437313
3548,40335.7421061605,0.0,5879.489173,0.0,0.0
3549,32004.63188415,0.0,7914.478073,0.0,0.0
3550,22572.1670822547,0.0,8960.780753,0.0,0.0
3551,14881.8171326573,0.0,7305.789565,0.0,0.0
3552,6295.27892375992,0.0,8157.183023,0.0,0.0
3553,6295.26633320207,0.0,0.0,10083.97392,0.0
3554,6295.25374266941,0.0,0.0,9409.025188,0.0
3555,28206.1775693635,23064.1435970542,0.0,32004.1203820542,0.0
3556,28206.1211570083,0.0,0.0,6065.526178,0.0
3557,18971.3716584502,0.0,8772.958432,0.0,0.0
3558,9784.69555675954,0.0,8727.306251,0.0,0.0
3559,0.0,0.0,9295.442188,0.0,0.0
3560,0.0,0.0,0.0,9518.633784,0.0
3561,4911.36550401736,5169.85842528143,0.0,14828.2662502814,0.0
3562,28238.8255300311,24555.2314197313,0.0,32002.7751747313,0.0
3563,51566.2389011248,24555.2314197313,0.0,36288.5162697313,0.0
3564,74893.6056173917,24555.2314197313,0.0,38000.9159697313,0.0
3565,98220.9256789252,24555.2314197313,0.0,35328.9369097313,0.0
3566,98220.9256789252,0.206780896160605,0.0,15205.3967308962,0.0
3567,98220.9256789252,0.206780896160605,0.0,13216.5826708962,0.0
3568,88577.857742337,0.0,9160.72792,0.0,0.0
3569,81902.2325350426,0.0,6341.675649,0.0,0.0
3570,57167.986884491,0.0,23497.3777537822,0.0,15223.5474647822
3571,31320.2605277474,0.0,24555.2314197313,0.0,12488.6860597313
3572,20429.7398661738,0.0,10345.93512,0.0,0.0
3573,12182.8207024835,0.0,7834.534389,0.0,0.0
3574,0.0,0.0,11573.65652,0.0,0.0
3575,0.0,0.0,0.0,9346.078615,0.0
3576,0.0,0.0,0.0,7986.954937,0.0
3577,5123.51667246002,5393.17544469476,0.0,15759.1283346948,0.0
3578,28450.9762741714,24555.2314197313,0.0,34780.5491197313,0.0
3579,51778.3892209636,24555.2314197313,0.0,38279.5638497313,0.0
3580,51778.2856641852,0.0,0.0,12177.44458,0.0
3581,34601.709381298,0.0,16317.64909,0.0,0.0
3582,16309.9922726161,0.0,17377.06551,0.0,0.0
3583,0.0,0.0,15494.46167,0.0,0.0
3584,0.0,0.0,0.0,12893.75594,0.0
3585,4911.36550401736,5169.85842528143,0.0,22821.5028852814,0.0
3586,28238.8255300311,24555.2314197313,0.0,39756.1505597313,0.0
3587,51566.2389011248,24555.2314197313,0.0,41039.1339197313,0.0
3588,74893.6056173917,24555.2314197313,0.0,42883.5766997313,0.0
3589,98220.9256789252,24555.2314197313,0.0,39790.7788697313,0.0
3590,98220.9256789252,0.206780896160605,0.0,17091.3542508962,0.0
3591,98220.9256789252,0.206780896160605,0.0,16221.7720908962,0.0
3592,98220.9256789252,0.206780896160605,0.0,19972.5693408962,0.0
3593,78363.9759844423,0.0,18863.91559,0.0,0.0
3594,56273.1675722798,0.0,20986.1191,0.0,0.0
3595,31106.1152575236,0.0,23908.59278,0.0,0.0
3596,8312.12422424042,0.0,21654.23238,0.0,0.0
3597,0.0,0.0,7896.50221999238,13408.0382300076,0.0
3598,0.0,0.0,0.0,19972.92834,0.0
3599,0.0,0.0,0.0,17488.6911,0.0
3600,0.0,0.0,0.0,13541.30406,0.0
3601,0.0,0.0,0.0,11984.70597,0.0
3602,4372.07203536783,4602.18108986088,0.0,15730.3878098609,0.0
3603,27699.5331399685,24555.2314197313,0.0,33073.4622447313,0.0
3604,27699.4777409022,0.0,0.0,11940.83466,0.0
3605,16441.7204472099,0.0,10694.8168,0.0,0.0
3606,4543.46344797953,0.0,11303.31291,0.0,0.0
3607,0.0,0.0,4316.281643,0.0,0.0
3608,0.0,0.0,0.0,7569.475187,0.0
3609,4911.36550401736,5169.85842528143,0.0,16393.7320252814,0.0
3610,28238.8255300311,24555.2314197313,0.0,34744.2460897313,0.0
3611,51566.2389011248,24555.2314197313,0.0,35125.2284797313,0.0
3612,74893.6056173917,24555.2314197313,0.0,35496.2888697313,0.0
3613,98220.9256789252,24555.2314197313,0.0,37437.9385997313,0.0
3614,98220.9256789252,0.206780896160605,0.0,17248.0874908962,0.0
3615,98220.9256789252,0.206780896160605,0.0,18319.5117108962,0.0
3616,83365.7070476001,0.0,14112.27108,0.0,0.0
3617,67606.1438109229,0.0,14971.42668,0.0,0.0
3618,48912.4873775826,0.0,17758.84516,0.0,0.0
3619,31745.4592578711,0.0,16308.58378,0.0,0.0
3620,14125.4894616894,0.0,16738.91099,0.0,0.0
3621,1690.78413702625,0.0,11812.94322,0.0,0.0
3622,0.0,0.0,1606.24171768508,7858.44704231492,0.0
3623,0.0,0.0,0.0,7753.745986,0.0
3624,0.0,0.0,0.0,8187.429787,0.0
3625,0.0,0.0,0.0,6862.781799,0.0
3626,0.0,0.0,0.0,8963.108588,0.0
3627,22052.2199746302,23212.8631311897,0.0,31457.5238191897,0.0
3628,22052.1758701903,0.0,0.0,8120.023129,0.0
3629,14555.5038795228,0.0,7121.796492,0.0,0.0
3630,8214.78381798869,0.0,6023.656403,0.0,0.0
3631,0.0,0.0,7804.029019,0.0,0.0
3632,0.0,0.0,0.0,8010.594621,0.0
3633,4911.36550401736,5169.85842528143,0.0,17097.5153152814,0.0
3634,28238.8255300311,24555.2314197313,0.0,39992.7821097313,0.0
3635,51566.2389011248,24555.2314197313,0.0,41257.6247597313,0.0
3636,74893.6056173917,24555.2314197313,0.0,43248.8044197313,0.0
3637,98220.9256789252,24555.2314197313,0.0,41123.8115397313,0.0
3638,98220.9256789252,0.206780896160605,0.0,15722.3446608962,0.0
3639,98220.9256789252,0.206780896160605,0.0,12759.8865708962,0.0
3640,88892.1853318107,0.0,8862.11671,0.0,0.0
3641,79134.3358642821,0.0,9269.788099,0.0,0.0
3642,61940.1200765024,0.0,16334.3546431526,0.0,7145.58325615262
3643,36092.3841754924,0.0,24555.2314197313,0.0,13310.9145697313
3644,22748.7169170399,0.0,12676.41532,0.0,0.0
3645,10374.0135459218,0.0,11755.92498,0.0,0.0
3646,0.0,0.0,9855.293158,0.0,0.0
3647,0.0,0.0,0.0,9567.816725,0.0
3648,0.0,0.0,0.0,7509.445738,0.0
3649,0.0,0.0,0.0,9740.792178,0.0
3650,6026.19497630057,6343.36313294797,0.0,13902.152408948,0.0
3651,29353.6527726553,24555.2314197313,0.0,32861.8089857313,0.0
3652,29353.5940653498,0.0,0.0,8994.075345,0.0
3653,20761.7340981617,0.0,8162.211197,0.0,0.0
3654,10643.1362125882,0.0,9612.628544,0.0,0.0
3655,0.0,0.0,10110.95918,0.0,0.0
3656,0.0,0.0,0.0,12288.20214,0.0
3657,4911.36550401736,5169.85842528143,0.0,21272.2269752814,0.0
3658,28238.8255300311,24555.2314197313,0.0,40466.3626897313,0.0
3659,51566.2389011248,24555.2314197313,0.0,42581.5348197313,0.0
3660,74893.6056173917,24555.2314197313,0.0,44890.1483497313,0.0
3661,98220.9256789252,24555.2314197313,0.0,44381.9413297313,0.0
3662,98220.9256789252,0.206780896160605,0.0,15401.3662708962,0.0
3663,98220.9256789252,0.206780896160605,0.0,13346.1123708962,0.0
3664,80772.1383002317,0.0,16576.16139,0.0,0.0
3665,66973.834050692,0.0,13108.23557,0.0,0.0
3666,54269.2245135502,0.0,12069.25181,0.0,0.0
3667,30003.3960615619,0.0,23052.4339178623,0.0,12096.7459878623
3668,17225.9708337172,0.0,12138.49696,0.0,0.0
3669,7696.67721756496,0.0,9052.796206,0.0,0.0
3670,0.0,0.0,7311.828733,0.0,0.0
3671,0.0,0.0,0.0,9547.849769,0.0
3672,0.0,0.0,0.0,7060.315742,0.0
3673,0.0,0.0,0.0,6795.627071,0.0
3674,0.0,0.0,0.0,5346.501629,0.0
3675,22621.5097694159,23812.1155467536,0.0,26819.5465417536,0.0
3676,22621.4645263964,0.0,0.0,4444.655016,0.0
3677,17734.1986234674,0.0,4642.859627,0.0,0.0
3678,9623.32453191222,0.0,7705.296692,0.0,0.0
3679,0.0,0.0,9142.140021,0.0,0.0
3680,0.0,0.0,0.0,9530.026202,0.0
3681,4911.36550401736,5169.85842528143,0.0,15462.7057252814,0.0
3682,28238.8255300311,24555.2314197313,0.0,36375.5373097313,0.0
3683,51566.2389011248,24555.2314197313,0.0,35141.2993397313,0.0
3684,74893.6056173917,24555.2314197313,0.0,36515.6608397313,0.0
3685,98220.9256789252,24555.2314197313,0.0,40752.4569097313,0.0
3686,98220.9256789252,0.206780896160605,0.0,17807.4111608962,0.0
3687,98220.9256789252,0.206780896160605,0.0,17730.1526608962,0.0
3688,85086.6678265475,0.0,12477.35834,0.0,0.0
3689,69435.962358475,0.0,14868.00853,0.0,0.0
3690,55738.6773918135,0.0,13012.28879,0.0,0.0
3691,36646.7311324659,0.0,18137.2430428932,0.0,5653.95615289318
3692,24628.0789547931,0.0,11417.64994,0.0,0.0
3693,11980.8965407404,0.0,12014.7765,0.0,0.0
3694,0.0,0.0,11381.82895,0.0,0.0
3695,0.0,0.0,0.0,12638.14291,0.0
3696,0.0,0.0,0.0,11530.88452,0.0
3697,0.0,0.0,0.0,10902.12952,0.0
3698,0.0,0.0,0.0,8537.869852,0.0
3699,22269.0382511767,23441.0928959755,0.0,31542.2460989755,0.0
3700,22268.9937131002,0.0,0.0,7135.717867,0.0
3701,11691.6361645865,0.0,10048.44736,0.0,0.0
3702,4266.44655289311,0.0,7053.907917,0.0,0.0
3703,0.0,0.0,4053.116119,0.0,0.0
3704,0.0,0.0,0.0,5216.207824,0.0
3705,4911.36550401736,5169.85842528143,0.0,11940.4504472814,0.0
3706,28238.8255300311,24555.2314197313,0.0,31572.5674227313,0.0
3707,51566.2389011248,24555.2314197313,0.0,29872.1578687313,0.0
3708,74893.6056173917,24555.2314197313,0.0,30625.5684067313,0.0
3709,98220.9256789252,24555.2314197313,0.0,32649.6826857313,0.0
3710,98220.9256789252,0.206780896160605,0.0,6076.62466289616,0.0
3711,98220.9256789252,0.206780896160605,0.0,14237.6305908962,0.0
3712,82743.6956581265,0.0,14703.1819,0.0,0.0
3713,70048.1636549457,0.0,12060.59819,0.0,0.0
3714,60031.1904628289,0.0,9515.991441,0.0,0.0
3715,45703.2834951848,0.0,13611.39756,0.0,0.0
3716,30582.6168465126,0.0,14364.54648,0.0,0.0
3717,12336.2387654894,0.0,17334.00107,0.0,0.0
3718,0.0,0.0,11719.4033883613,5694.57014163871,0.0
3719,0.0,0.0,0.0,13970.84814,0.0
3720,0.0,0.0,0.0,8948.790996,0.0
3721,0.0,0.0,0.0,6950.008566,0.0
3722,0.0,0.0,0.0,6481.139509,0.0
3723,18449.1923296698,19420.202452284,0.0,27585.962332284,0.0
3724,18449.1554312851,0.0,0.0,6256.637045,0.0
3725,13335.3301045532,0.0,4858.099007,0.0,0.0
3726,6923.26229494564,0.0,6091.439082,0.0,0.0
3727,0.0,0.0,6577.086026,0.0,0.0
3728,0.0,0.0,0.0,9690.032834,0.0
3729,4911.36550401736,5169.85842528143,0.0,17193.7464852814,0.0
3730,28238.8255300311,24555.2314197313,0.0,34890.1530697313,0.0
3731,51566.2389011248,24555.2314197313,0.0,34397.7476297313,0.0
3732,74893.6056173917,24555.2314197313,0.0,35356.9410297313,0.0
3733,98220.9256789252,24555.2314197313,0.0,37438.0367997313,0.0
3734,98220.9256789252,0.206780896160605,0.0,9809.09271389616,0.0
3735,98220.9256789252,0.206780896160605,0.0,12609.4282008962,0.0
3736,83795.4717212844,0.0,13703.99464,0.0,0.0
3737,72810.7945829725,0.0,10435.28407,0.0,0.0
3738,59145.523950857,0.0,12981.86876,0.0,0.0
3739,43951.4806196146,0.0,14434.2287881848,0.0,1547.13523818481
3740,29273.7872008639,0.0,13943.72524,0.0,0.0
3741,13805.5921059211,0.0,14694.72972,0.0,0.0
3742,0.0,0.0,13115.28627,0.0,0.0
3743,0.0,0.0,0.0,11881.69358,0.0
3744,0.0,0.0,0.0,12636.21716,0.0
3745,0.0,0.0,0.0,10788.98832,0.0
3746,0.0,0.0,0.0,9199.232987,0.0
3747,18608.8151437615,19588.2264671174,0.0,22521.3473081174,0.0
3748,18608.7779261313,0.0,0.0,4741.560292,0.0
3749,13150.8971780491,0.0,5184.951354,0.0,0.0
3750,6538.65368678106,0.0,6281.60633,0.0,0.0
3751,0.0,0.0,6211.708579,0.0,0.0
3752,0.0,0.0,0.0,3172.017582,0.0
3753,4911.36550401736,5169.85842528143,0.0,8154.44724028143,0.0
3754,28238.8255300311,24555.2314197313,0.0,28925.8081287313,0.0
3755,51566.2389011248,24555.2314197313,0.0,32546.3298787313,0.0
3756,74893.6056173917,24555.2314197313,0.0,35606.9275497313,0.0
3757,98220.9256789252,24555.2314197313,0.0,37101.7802497313,0.0
3758,98220.9256789252,0.206780896160605,0.0,15255.6510308962,0.0
3759,98220.9256789252,0.206780896160605,0.0,18422.6143708962,0.0
3760,84812.5139247677,0.0,12737.8045466908,2922.14226330916,0.0
3761,68183.8476892135,0.0,15797.07178,0.0,0.0
3762,48202.7270899392,0.0,18981.93502,0.0,0.0
3763,29338.0534002745,0.0,17921.34842,0.0,0.0
3764,12451.557534694,0.0,16042.11533,0.0,0.0
3765,0.0,0.0,11828.956,0.0,0.0
3766,0.0,0.0,0.0,11697.19343,0.0
3767,0.0,0.0,0.0,15359.88035,0.0
3768,0.0,0.0,0.0,15756.213,0.0
3769,0.0,0.0,0.0,16099.74233,0.0
3770,12436.1342385651,13090.6676195422,0.0,27436.1080395422,0.0
3771,35763.5792150414,24555.2314197313,0.0,39537.7775497313,0.0
3772,35763.507687883,0.0,0.0,14082.32278,0.0
3773,23154.9115924465,0.0,11978.09834,0.0,0.0
3774,13114.4695657812,0.0,9538.375931,0.0,0.0
3775,0.0,0.0,12458.72117,0.0,0.0
3776,0.0,0.0,0.0,12030.54688,0.0
3777,4911.36550401736,5169.85842528143,0.0,17870.8366852814,0.0
3778,28238.8255300311,24555.2314197313,0.0,39518.4309597313,0.0
3779,51566.2389011248,24555.2314197313,0.0,37839.6344697313,0.0
3780,74893.6056173917,24555.2314197313,0.0,36285.6033297313,0.0
3781,98220.9256789252,24555.2314197313,0.0,35032.8538297313,0.0
3782,98220.9256789252,0.206780896160605,0.0,9105.39513389616,0.0
3783,98220.9256789252,0.206780896160626,0.0,9556.33449089616,0.0
3784,90123.9471465475,0.0,7691.942986,0.0,0.0
3785,80662.479936548,0.0,8988.222614,0.0,0.0
3786,54906.6144547025,0.0,24467.9189490413,0.0,14937.0882130413
3787,29058.8926207038,0.0,24555.2314197313,0.0,16802.0404957313
3788,20924.9121208133,0.0,7727.226263,0.0,0.0
3789,12733.9155836206,0.0,7781.406953,0.0,0.0
3790,0.0,0.0,12097.19561,0.0,0.0
3791,0.0,0.0,0.0,11552.18885,0.0
3792,0.0,0.0,0.0,10753.36383,0.0
3793,0.0,0.0,0.0,4321.439813,0.0
3794,243.660658206145,256.484903374889,0.0,9114.23498237489,0.0
3795,23571.1300196296,24555.2314197313,0.0,31640.6390557313,0.0
3796,23571.0828773695,0.0,0.0,7351.814749,0.0
3797,16925.4742467827,0.0,6313.283414,0.0,0.0
3798,8622.65395372896,0.0,7887.64712,0.0,0.0
3799,0.0,0.0,8191.504873,0.0,0.0
3800,0.0,0.0,0.0,7783.489656,0.0
3801,4911.36550401736,5169.85842528143,0.0,15184.6070352814,0.0
3802,28238.8255300311,24555.2314197313,0.0,32703.9102067313,0.0
3803,51566.2389011248,24555.2314197313,0.0,30731.1621597313,0.0
3804,74893.6056173917,24555.2314197313,0.0,31563.9953467313,0.0
3805,98220.9256789252,24555.2314197313,0.0,30991.5468387313,0.0
3806,98220.9256789252,0.206780896160605,0.0,4329.93857889616,0.0
3807,98220.9256789252,0.206780896160605,0.0,3354.23801189616,0.0
3808,91185.3082181265,0.0,6683.649968,0.0,0.0
3809,82380.0241285627,0.0,8364.846633,0.0,0.0
3810,69641.8293685144,0.0,12101.1285,0.0,0.0
3811,51737.2939795925,0.0,17009.1763,0.0,0.0
3812,31885.4872313204,0.0,18859.11811,0.0,0.0
3813,11021.6946498196,0.0,19820.54237,0.0,0.0
3814,0.0,0.0,10470.5889761088,6907.31091389123,0.0
3815,0.0,0.0,0.0,15350.64911,0.0
3816,0.0,0.0,0.0,13966.59133,0.0
3817,0.0,0.0,0.0,13071.44845,0.0
3818,15814.9697558117,16647.336585065,0.0,29517.035825065,0.0
3819,39142.4079746169,24555.2314197313,0.0,32751.9248867313,0.0
3820,39142.329689801,0.0,0.0,8507.796795,0.0
3821,26286.2235419837,0.0,12213.22647,0.0,0.0
3822,13032.1367379577,0.0,12591.33252,0.0,0.0
3823,0.0,0.0,12380.50514,0.0,0.0
3824,0.0,0.0,0.0,10365.55066,0.0
3825,4911.36550401736,5169.85842528143,0.0,17756.4279252814,0.0
3826,28238.8255300311,24555.2314197313,0.0,36945.4075597313,0.0
3827,51566.2389011248,24555.2314197313,0.0,41696.8980997313,0.0
3828,74893.6056173917,24555.2314197313,0.0,39882.4064897313,0.0
3829,98220.9256789252,24555.2314197313,0.0,40099.3295697313,0.0
3830,98220.9256789252,0.206780896160605,0.0,15326.1542408962,0.0
3831,98220.9256789252,0.206780896160605,0.0,15816.7061208962,0.0
3832,83988.7604370738,0.0,13520.37036,0.0,0.0
3833,70891.1044069214,0.0,12442.61365,0.0,0.0
3834,55865.5938457652,0.0,14274.10034,0.0,0.0
3835,31052.3936685131,0.0,23572.4340237612,0.0,11903.1575637612
3836,17909.4221847784,0.0,12485.76391,0.0,0.0
3837,7713.49331751295,0.0,9686.098396,0.0,0.0
3838,0.0,0.0,7327.803996,0.0,0.0
3839,0.0,0.0,0.0,8943.072157,0.0
3840,0.0,0.0,0.0,7406.916654,0.0
3841,0.0,0.0,0.0,6254.504956,0.0
3842,5731.53977989803,6033.19976831372,0.0,8717.30739731372,0.0
3843,29058.9981655632,24555.2314197313,0.0,34187.3473307313,0.0
3844,29058.9400475669,0.0,0.0,9257.148657,0.0
3845,18544.3986560026,0.0,9988.75911,0.0,0.0
3846,8947.81315562631,0.0,9116.720991,0.0,0.0
3847,0.0,0.0,8500.405497,0.0,0.0
3848,0.0,0.0,0.0,6419.480283,0.0
3849,4911.36550401736,5169.85842528143,0.0,13037.4359982814,0.0
3850,28238.8255300311,24555.2314197313,0.0,34956.6502797313,0.0
3851,51566.2389011248,24555.2314197313,0.0,37160.6712797313,0.0
3852,74893.6056173917,24555.2314197313,0.0,36184.0570697313,0.0
3853,98220.9256789252,24555.2314197313,0.0,40515.0961897313,0.0
3854,98220.9256789252,0.206780896160605,0.0,14907.5180008962,0.0
3855,98220.9256789252,0.206780896160605,0.0,15729.6568908962,0.0
3856,82330.2067844423,0.0,15095.99633,0.0,0.0
3857,64609.7863029761,0.0,16834.24303,0.0,0.0
3858,46754.3383570877,0.0,16962.55279,0.0,0.0
3859,32370.0510905162,0.0,13664.98407,0.0,0.0
3860,20143.9463188351,0.0,11614.73803,0.0,0.0
3861,7798.38562041614,0.0,11728.24439,0.0,0.0
3862,0.0,0.0,7408.45152246266,1274.28640553734,0.0
3863,0.0,0.0,0.0,8318.846289,0.0
3864,0.0,0.0,0.0,8067.375509,0.0
3865,0.0,0.0,0.0,7986.888163,0.0
3866,0.0,0.0,0.0,5074.470393,0.0
3867,22750.1522077678,23947.5286397555,0.0,31244.7722997555,0.0
3868,22750.1067074633,0.0,0.0,6586.880343,0.0
3869,14504.2262988289,0.0,7833.543163,0.0,0.0
3870,6490.97761142891,0.0,7612.558695,0.0,0.0
3871,0.0,0.0,6166.416398,0.0,0.0
3872,0.0,0.0,0.0,10755.21885,0.0
3873,4911.36550401736,5169.85842528143,0.0,20383.0565652814,0.0
3874,28238.8255300311,24555.2314197313,0.0,39774.8907497313,0.0
3875,51566.2389011248,24555.2314197313,0.0,39509.8328497313,0.0
3876,74893.6056173917,24555.2314197313,0.0,35405.0621197313,0.0
3877,98220.9256789252,24555.2314197313,0.0,35153.7516297313,0.0
3878,98220.9256789252,0.206780896160605,0.0,14499.7621708962,0.0
3879,98220.9256789252,0.206780896160605,0.0,16360.5233508962,0.0
3880,84803.4302581265,0.0,12746.43403,0.0,0.0
3881,71558.866451266,0.0,12582.17449,0.0,0.0
3882,57399.2217019541,0.0,13451.52655,0.0,0.0
3883,34382.553488656,0.0,21865.725744112,0.0,12025.015188112
3884,21663.1702077595,0.0,12083.34879,0.0,0.0
3885,9529.65692352437,0.0,11526.79646,0.0,0.0
3886,0.0,0.0,9053.155971,0.0,0.0
3887,0.0,0.0,0.0,8971.509053,0.0
3888,0.0,0.0,0.0,8645.18916,0.0
3889,0.0,0.0,0.0,9216.340495,0.0
3890,22597.2376412341,23786.5659381412,0.0,32560.6177071412,0.0
3891,45924.6622955035,24555.2314197313,0.0,35929.3211397313,0.0
3892,45924.570446179,0.0,0.0,13391.17882,0.0
3893,30830.7341023012,0.0,14339.05727,0.0,0.0
3894,13694.1007250436,0.0,16279.74313,0.0,0.0
3895,0.0,0.0,13009.36967,0.0,0.0
3896,0.0,0.0,0.0,7664.627684,0.0
3897,4911.36550401736,5169.85842528143,0.0,11167.2545412814,0.0
3898,28238.8255300311,24555.2314197313,0.0,31208.8377317313,0.0
3899,51566.2389011248,24555.2314197313,0.0,30123.2212847313,0.0
3900,74893.6056173917,24555.2314197313,0.0,32644.1720867313,0.0
3901,98220.9256789252,24555.2314197313,0.0,37891.8789897313,0.0
3902,98220.9256789252,0.206780896160605,0.0,13756.6034808962,0.0
3903,98220.9256789252,0.206780896160605,0.0,12667.6701208962,0.0
3904,87658.7880791791,0.0,10033.8441,0.0,0.0
3905,77056.9886879187,0.0,10071.54287,0.0,0.0
3906,57573.4665827678,0.0,18509.1995916149,0.0,5901.86270161485
3907,31725.7394150649,0.0,24555.2314197313,0.0,10778.1648497313
3908,20950.8374267439,0.0,10236.09661,0.0,0.0
3909,10378.8503355954,0.0,10043.34793,0.0,0.0
3910,0.0,0.0,9859.888099,0.0,0.0
3911,0.0,0.0,0.0,11074.88889,0.0
3912,0.0,0.0,0.0,7517.133323,0.0
3913,0.0,0.0,0.0,3336.636782,0.0
3914,0.0,0.0,0.0,3506.400007,0.0
3915,23049.4945412792,24262.6258329255,0.0,25698.3889019255,0.0
3916,23049.4484422902,0.0,0.0,2086.064559,0.0
3917,14473.1949654985,0.0,8147.397009,0.0,0.0
3918,7307.44904542441,0.0,6807.431125,0.0,0.0
3919,0.0,0.0,6942.062709,0.0,0.0
3920,0.0,0.0,0.0,7261.194238,0.0
3921,4911.36550401736,5169.85842528143,0.0,14485.6998172814,0.0
3922,28238.8255300311,24555.2314197313,0.0,33451.8948877313,0.0
3923,51566.2389011248,24555.2314197313,0.0,32268.3881427313,0.0
3924,74893.6056173917,24555.2314197313,0.0,30397.1865227313,0.0
3925,98220.9256789252,24555.2314197313,0.0,31038.4804727313,0.0
3926,98220.9256789252,0.206780896160605,0.0,12795.8906108962,0.0
3927,98220.9256789252,0.206780896160605,0.0,11358.4239408962,0.0
3928,86757.802910758,0.0,10889.78001,0.0,0.0
3929,71943.4270267312,0.0,14073.49225,0.0,0.0
3930,55106.4397383921,0.0,15995.0012314108,0.0,4160.61518141081
3931,29258.7175047428,0.0,24555.2314197313,0.0,12734.0557597313
3932,18252.6966188867,0.0,10455.66425,0.0,0.0
3933,8813.58885559876,0.0,8967.117695,0.0,0.0
3934,0.0,0.0,8372.892667,0.0,0.0
3935,0.0,0.0,0.0,7956.757344,0.0
3936,0.0,0.0,0.0,7830.179692,0.0
3937,0.0,0.0,0.0,5859.521182,0.0
3938,0.0,0.0,0.0,3510.521913,0.0
3939,8464.69883644992,8910.20930152623,0.0,12064.6481615262,0.0
3940,8464.68190705225,0.0,0.0,71.97834263,0.0
3941,6234.42684926738,0.0,2118.726222,0.0,0.0
3942,2915.47000146632,0.0,3152.99716,0.0,0.0
3943,0.0,0.0,2769.690962,0.0,0.0
3944,0.0,0.0,0.0,3955.035212,0.0
3945,4911.36550401736,5169.85842528143,0.0,11243.2493652814,0.0
3946,28238.8255300311,24555.2314197313,0.0,35097.6448097313,0.0
3947,51566.2389011248,24555.2314197313,0.0,35436.7675097313,0.0
3948,74893.6056173917,24555.2314197313,0.0,42211.9143797313,0.0
3949,98220.9256789252,24555.2314197313,0.0,41869.3281897313,0.0
3950,98220.9256789252,0.206780896160605,0.0,18307.9389708962,0.0
3951,98220.9256789252,0.206780896160605,0.0,19389.3992808962,0.0
3952,82528.7914638587,0.0,14907.3408845543,2539.34852544565,0.0
3953,66502.5544168021,0.0,15224.76839,0.0,0.0
3954,49693.6420432722,0.0,15968.3404,0.0,0.0
3955,32594.5870770408,0.0,16244.0078,0.0,0.0
3956,16880.7754247087,0.0,14928.05914,0.0,0.0
3957,0.0,0.0,16036.70458,0.0,0.0
3958,0.0,0.0,0.0,16548.16084,0.0
3959,0.0,0.0,0.0,16310.98134,0.0
3960,0.0,0.0,0.0,15084.91531,0.0
3961,0.0,0.0,0.0,14503.14531,0.0
3962,0.0,0.0,0.0,8601.880278,0.0
3963,16412.7435014335,17276.5721067721,0.0,25023.0381237721,0.0
3964,16412.7106759465,0.0,0.0,7668.339086,0.0
3965,8841.38109052518,0.0,7192.731922,0.0,0.0
3966,3060.72360671037,0.0,5491.607811,0.0,0.0
3967,0.0,0.0,2907.681611,0.0,0.0
3968,0.0,0.0,0.0,3206.884146,0.0
3969,4911.36550401736,5169.85842528143,0.0,7761.03147228143,0.0
3970,28238.8255300311,24555.2314197313,0.0,28352.7657917313,0.0
3971,51566.2389011248,24555.2314197313,0.0,34176.4713437313,0.0
3972,74893.6056173917,24555.2314197313,0.0,39207.2077897313,0.0
3973,98220.9256789252,24555.2314197313,0.0,39762.5168897313,0.0
3974,98220.9256789252,0.206780896160605,0.0,17459.8634308962,0.0
3975,98220.9256789252,0.206780896160605,0.0,15290.0921308962,0.0
3976,82434.8623318107,0.0,14996.57356,0.0,0.0
3977,67431.4637147176,0.0,14253.07206,0.0,0.0
3978,57363.9986644217,0.0,9563.963678,0.0,0.0
3979,31730.9864056229,0.0,24351.2526542615,0.0,16157.9244662615
3980,21337.1976341764,0.0,9874.039044,0.0,0.0
3981,11194.101082939,0.0,9635.901183,0.0,0.0
3982,0.0,0.0,10634.37476,0.0,0.0
3983,0.0,0.0,0.0,10806.2568,0.0
3984,0.0,0.0,0.0,8884.93733,0.0
3985,0.0,0.0,0.0,4265.944932,0.0
3986,8512.69785349483,8960.73458262614,0.0,13703.3886806261,0.0
3987,31840.1506768439,24555.2314197313,0.0,29928.6799317313,0.0
3988,31840.0869965425,0.0,0.0,5576.246257,0.0
3989,22581.7279647896,0.0,8795.380584,0.0,0.0
3990,13078.035240281,0.0,9028.465183,0.0,0.0
3991,0.0,0.0,12424.10863,0.0,0.0
3992,0.0,0.0,0.0,11043.63158,0.0
3993,4911.36550401736,5169.85842528143,0.0,18013.5038252814,0.0
3994,28238.8255300311,24555.2314197313,0.0,39750.6528797313,0.0
3995,51566.2389011248,24555.2314197313,0.0,39612.2544897313,0.0
3996,74893.6056173917,24555.2314197313,0.0,40245.0170997313,0.0
3997,98220.9256789252,24555.2314197313,0.0,43433.6246697313,0.0
3998,98220.9256789252,0.206780896160605,0.0,16064.8676108962,0.0
3999,98220.9256789252,0.206780896160605,0.0,14030.0164108962,0.0
4000,79860.289942337,0.0,17442.41733,0.0,0.0
4001,61852.052516494,0.0,17107.67382,0.0,0.0
4002,43440.1837387047,0.0,17491.15782,0.0,0.0
4003,27160.4336040054,0.0,15465.6800916152,0.0,2740.65396161523
4004,17171.9288557698,0.0,9489.027906,0.0,0.0
4005,10635.4297340174,0.0,6209.641539,0.0,0.0
4006,0.0,0.0,10103.63804,0.0,0.0
4007,0.0,0.0,0.0,9816.28101,0.0
4008,0.0,0.0,0.0,10075.31824,0.0
4009,0.0,0.0,0.0,6268.989483,0.0
4010,0.0,0.0,0.0,11929.83726,0.0
4011,17356.3272678037,18269.8181766355,0.0,27375.4875246355,0.0
4012,17356.2925551492,0.0,0.0,6437.965839,0.0
4013,11650.5780899325,0.0,5420.395765,0.0,0.0
4014,6534.38816667107,0.0,4860.358291,0.0,0.0
4015,0.0,0.0,6207.656343,0.0,0.0
4016,0.0,0.0,0.0,5189.980154,0.0
4017,4911.36550401736,5169.85842528143,0.0,13008.7755952814,0.0
4018,28238.8255300311,24555.2314197313,0.0,29317.4282887313,0.0
4019,51566.2389011248,24555.2314197313,0.0,28366.6227117313,0.0
4020,74893.6056173917,24555.2314197313,0.0,31192.4467527313,0.0
4021,98220.9256789252,24555.2314197313,0.0,32030.0063907313,0.0
4022,98220.9256789252,0.206780896160605,0.0,7528.95924089616,0.0
4023,98220.9256789252,0.206780896160605,0.0,9478.59851089616,0.0
4024,88322.8926498351,0.0,9402.94475787676,1364.50885212324,0.0
4025,72670.1660777341,0.0,14869.92243,0.0,0.0
4026,57309.0871374019,0.0,14592.88692,0.0,0.0
4027,39623.2013508066,0.0,16801.48261,0.0,0.0
4028,18799.5703675618,0.0,19782.37415,0.0,0.0
4029,0.0,0.0,17859.55613,0.0,0.0
4030,0.0,0.0,0.0,17039.26059,0.0
4031,0.0,0.0,0.0,16969.56971,0.0
4032,0.0,0.0,0.0,14185.80434,0.0
4033,0.0,0.0,0.0,10588.27476,0.0
4034,9328.63399672751,9819.61473339738,0.0,18763.4878093974,0.0
4035,32656.0851882042,24555.2314197313,0.0,33009.0023387313,0.0
4036,32656.0198760339,0.0,0.0,10174.93359,0.0
4037,21810.8924797836,0.0,10302.80898,0.0,0.0
4038,11486.8940579986,0.0,9807.75706,0.0,0.0
4039,0.0,0.0,10912.52753,0.0,0.0
4040,0.0,0.0,0.0,8976.423912,0.0
4041,4911.36550401736,5169.85842528143,0.0,18097.0519252814,0.0
4042,28238.8255300311,24555.2314197313,0.0,39441.9185197313,0.0
4043,51566.2389011248,24555.2314197313,0.0,37930.4412997313,0.0
4044,74893.6056173917,24555.2314197313,0.0,36590.1014197313,0.0
4045,98220.9256789252,24555.2314197313,0.0,39410.1641197313,0.0
4046,98220.9256789252,0.206780896160605,0.0,16067.8536008962,0.0
4047,98220.9256789252,0.206780896160605,0.0,13944.2411708962,0.0
4048,84107.8572370738,0.0,13407.2284,0.0,0.0
4049,70632.7078529383,0.0,12801.23211,0.0,0.0
4050,58625.4895454173,0.0,11406.72319,0.0,0.0
4051,43769.9438628593,0.0,14112.65701,0.0,0.0
4052,26183.9944492874,0.0,16706.56878,0.0,0.0
4053,8822.402165509,0.0,16493.46292,0.0,0.0
4054,0.0,0.0,8381.26529466944,6124.06917533056,0.0
4055,0.0,0.0,0.0,11644.88248,0.0
4056,0.0,0.0,0.0,8473.032302,0.0
4057,0.0,0.0,0.0,7106.898387,0.0
4058,6328.64392128088,6661.73044345356,0.0,10600.5027964536,0.0
4059,29656.1011127378,24555.2314197313,0.0,29694.8612947313,0.0
4060,29656.0418005355,0.0,0.0,7835.927914,0.0
4061,19921.7076916098,0.0,9247.561057,0.0,0.0
4062,8698.30775345761,0.0,10662.19209,0.0,0.0
4063,0.0,0.0,8263.375839,0.0,0.0
4064,0.0,0.0,0.0,9854.309496,0.0
4065,4911.36550401736,5169.85842528143,0.0,18205.4969452814,0.0
4066,28238.8255300311,24555.2314197313,0.0,35464.2803597313,0.0
4067,51566.2389011248,24555.2314197313,0.0,33023.6803267313,0.0
4068,74893.6056173917,24555.2314197313,0.0,35417.0210997313,0.0
4069,98220.9256789252,24555.2314197313,0.0,36773.0325597313,0.0
4070,98220.9256789252,0.206780896160605,0.0,13333.8972708962,0.0
4071,98220.9256789252,0.206780896160605,0.0,16047.6737908962,0.0
4072,92344.2862892803,0.0,5582.62080040382,9774.06735959618,0.0
4073,72757.0165796551,0.0,18607.73077,0.0,0.0
4074,49859.4056235167,0.0,21752.59217,0.0,0.0
4075,32549.911220495,0.0,16443.92495,0.0,0.0
4076,15623.4941522515,0.0,16080.03437,0.0,0.0
4077,0.0,0.0,14842.28976,0.0,0.0
4078,0.0,0.0,0.0,14246.45328,0.0
4079,0.0,0.0,0.0,13929.77859,0.0
4080,0.0,0.0,0.0,12820.17908,0.0
4081,0.0,0.0,0.0,9169.879582,0.0
4082,3121.24320488855,3285.51916304058,0.0,14159.5730130406,0.0
4083,26448.7068111469,24555.2314197313,0.0,35572.7051397313,0.0
4084,26448.6539137333,0.0,0.0,12703.19489,0.0
4085,18560.8664553728,0.0,7493.347833,0.0,0.0
4086,7349.45152311357,0.0,10650.80892,0.0,0.0
4087,0.0,0.0,6981.964983,0.0,0.0
4088,0.0,0.0,0.0,7583.671648,0.0
4089,4911.36550401736,5169.85842528143,0.0,13776.0663092814,0.0
4090,28238.8255300311,24555.2314197313,0.0,33692.0825757313,0.0
4091,51566.2389011248,24555.2314197313,0.0,33444.4000417313,0.0
4092,74893.6056173917,24555.2314197313,0.0,37463.3497797313,0.0
4093,98220.9256789252,24555.2314197313,0.0,33788.1636817313,0.0
4094,98220.9256789252,0.206780896160605,0.0,12401.0964708962,0.0
4095,98220.9256789252,0.206780896160605,0.0,10673.9997508962,0.0
4096,98220.9256789252,0.206780896160605,0.0,13419.8968708962,0.0
4097,81099.7657002317,0.0,16264.91536,0.0,0.0
4098,61058.7275954372,0.0,19038.83211,0.0,0.0
4099,38537.4515727188,0.0,21395.09621,0.0,0.0
4100,15824.4635188683,0.0,21577.26543,0.0,0.0
4101,0.0,0.0,15033.2102764442,4291.57808355577,0.0
4102,0.0,0.0,0.0,18209.36598,0.0
4103,0.0,0.0,0.0,17730.51608,0.0
4104,0.0,0.0,0.0,15544.45977,0.0
4105,0.0,0.0,0.0,14156.54322,0.0
4106,22329.9103237704,23505.1687618636,0.0,39164.5647418636,0.0
4107,45657.3355126945,24555.2314197313,0.0,39442.8926397313,0.0
4108,45657.2441980235,0.0,0.0,13806.63097,0.0
4109,29076.4435887983,0.0,15751.67383,0.0,0.0
4110,14586.3765938058,0.0,13765.5084,0.0,0.0
4111,0.0,0.0,13857.03005,0.0,0.0
4112,0.0,0.0,0.0,11246.00856,0.0
4113,4911.36550401736,5169.85842528143,0.0,19151.2909752814,0.0
4114,28238.8255300311,24555.2314197313,0.0,38218.0981897313,0.0
4115,51566.2389011248,24555.2314197313,0.0,39316.7753497313,0.0
4116,74893.6056173917,24555.2314197313,0.0,37139.6736497313,0.0
4117,98220.9256789252,24555.2314197313,0.0,38766.3540197313,0.0
4118,98220.9256789252,0.206780896160605,0.0,16172.4890708962,0.0
4119,98220.9256789252,0.206780896160605,0.0,14286.3662208962,0.0
4120,83197.4101212844,0.0,14272.15316,0.0,0.0
4121,69401.1208317273,0.0,13106.31675,0.0,0.0
4122,51509.9193282452,0.0,16996.5095661784,0.0,4785.8369861784
4123,25662.2042876368,0.0,24555.2314197313,0.0,18492.0555057313
4124,16537.8878505966,0.0,8668.051857,0.0,0.0
4125,7306.35782218933,0.0,8769.922105,0.0,0.0
4126,0.0,0.0,6941.026049,0.0,0.0
4127,0.0,0.0,0.0,11639.50194,0.0
4128,0.0,0.0,0.0,10094.04876,0.0
4129,7900.11133852592,8315.90667213255,0.0,17456.8512871326,0.0
4130,31227.565387048,24555.2314197313,0.0,30275.2628527313,0.0
4131,54554.9727806619,24555.2314197313,0.0,30407.3402967313,0.0
4132,54554.8636707164,0.0,0.0,13018.9861,0.0
4133,37389.8884873048,0.0,16306.62277,0.0,0.0
4134,18490.6060338436,0.0,17954.24729,0.0,0.0
4135,0.0,0.0,17566.0406,0.0,0.0
4136,0.0,0.0,0.0,13691.00722,0.0
4137,4911.36550401736,5169.85842528143,0.0,21762.2584152814,0.0
4138,28238.8255300311,24555.2314197313,0.0,40955.5099097313,0.0
4139,51566.2389011248,24555.2314197313,0.0,35927.9453297313,0.0
4140,74893.6056173917,24555.2314197313,0.0,35268.1395297313,0.0
4141,98220.9256789252,24555.2314197313,0.0,35284.2160597313,0.0
4142,98220.9256789252,0.206780896160605,0.0,10785.6983108962,0.0
4143,98220.9256789252,0.206780896160605,0.0,9500.09299389616,0.0
4144,88830.9561065475,0.0,8920.284474,0.0,0.0
4145,73656.5975077932,0.0,14415.47189,0.0,0.0
4146,59802.688689335,0.0,13161.07343,0.0,0.0
4147,42357.6098477089,0.0,16572.7112744363,0.0,2704.6411844363
4148,29034.7407430155,0.0,12656.64517,0.0,0.0
4149,13836.7670209025,0.0,14438.01987,0.0,0.0
4150,0.0,0.0,13144.90238,0.0,0.0
4151,0.0,0.0,0.0,12161.50776,0.0
4152,0.0,0.0,0.0,13170.73777,0.0
4153,0.0,0.0,0.0,9965.743336,0.0
4154,13789.3375645831,14515.0921732454,0.0,25248.9409632454,0.0
4155,37116.7798346527,24555.2314197313,0.0,37869.3702997313,0.0
4156,37116.705601093,0.0,0.0,16390.90163,0.0
4157,23963.1572308397,0.0,12495.80043,0.0,0.0
4158,10512.2626308411,0.0,12778.30434,0.0,0.0
4159,0.0,0.0,9986.629526,0.0,0.0
4160,0.0,0.0,0.0,8910.604562,0.0
4161,4911.36550401736,5169.85842528143,0.0,16939.4639452814,0.0
4162,28238.8255300311,24555.2314197313,0.0,34733.1616497313,0.0
4163,51566.2389011248,24555.2314197313,0.0,37389.1735597313,0.0
4164,74893.6056173917,24555.2314197313,0.0,39106.4145897313,0.0
4165,98220.9256789252,24555.2314197313,0.0,43576.8141797313,0.0
4166,98220.9256789252,0.206780896160605,0.0,19353.2494608962,0.0
4167,98220.9256789252,0.206780896160605,0.0,16009.5571808962,0.0
4168,98220.9256789252,0.206780896160605,0.0,19290.6755208962,0.0
4169,77331.2064370738,0.0,19845.04666,0.0,0.0
4170,60848.3327957136,0.0,15658.58303,0.0,0.0
4171,41686.2179622059,0.0,18203.89348,0.0,0.0
4172,18681.0612950331,0.0,21854.81963,0.0,0.0
4173,0.0,0.0,17746.972736265,1715.05505373498,0.0
4174,0.0,0.0,0.0,18531.95065,0.0
4175,0.0,0.0,0.0,16202.78101,0.0
4176,0.0,0.0,0.0,15025.38994,0.0
4177,0.0,0.0,0.0,16303.8561,0.0
4178,0.0,0.0,0.0,14222.95982,0.0
4179,20845.7904016179,21942.937264861,0.0,32558.457384861,0.0
4180,20845.7487100371,0.0,0.0,9300.162496,0.0
4181,12763.0441080134,0.0,7678.529765,0.0,0.0
4182,6494.12048824098,0.0,5955.453189,0.0,0.0
4183,0.0,0.0,6169.402125,0.0,0.0
4184,0.0,0.0,0.0,9514.396848,0.0
4185,4911.36550401736,5169.85842528143,0.0,13525.0668002814,0.0
4186,28238.8255300311,24555.2314197313,0.0,33851.1241927313,0.0
4187,51566.2389011248,24555.2314197313,0.0,33230.8492777313,0.0
4188,74893.6056173917,24555.2314197313,0.0,32206.6567527313,0.0
4189,98220.9256789252,24555.2314197313,0.0,36357.8440097313,0.0
4190,98220.9256789252,0.206780896160605,0.0,13895.0662508962,0.0
4191,98220.9256789252,0.206780896160605,0.0,14854.3247108962,0.0
4192,83986.985910758,0.0,13522.05616,0.0,0.0
4193,71754.0983683652,0.0,11621.08359,0.0,0.0
4194,53043.5459700892,0.0,17774.8884455753,0.0,4611.74187557527
4195,27195.8278622275,0.0,24555.2314197313,0.0,13519.5416197313
4196,19357.0175832033,0.0,7446.818093,0.0,0.0
4197,9944.05777232607,0.0,8942.275042,0.0,0.0
4198,0.0,0.0,9446.83599,0.0,0.0
4199,0.0,0.0,0.0,8000.218978,0.0
4200,0.0,0.0,0.0,14404.83403,0.0
4201,0.0,0.0,0.0,12946.70696,0.0
4202,22005.5613813873,23163.748822513,0.0,38697.853372513,0.0
4203,45332.9872190093,24555.2314197313,0.0,40029.1063597313,0.0
4204,45332.8965530348,0.0,0.0,17921.55124,0.0
4205,27654.9883082944,0.0,16793.9267,0.0,0.0
4206,13057.0536088441,0.0,13867.98542,0.0,0.0
4207,0.0,0.0,12404.17612,0.0,0.0
4208,0.0,0.0,0.0,7822.539664,0.0
4209,4911.36550401736,5169.85842528143,0.0,15163.9518162814,0.0
4210,28238.8255300311,24555.2314197313,0.0,35882.3189297313,0.0
4211,51566.2389011248,24555.2314197313,0.0,37523.5466997313,0.0
4212,74893.6056173917,24555.2314197313,0.0,36851.2976497313,0.0
4213,98220.9256789252,24555.2314197313,0.0,34411.5452777313,0.0
4214,98220.9256789252,0.206780896160605,0.0,10312.6512808962,0.0
4215,98220.7292370738,0.0,0.0,10671.45692,0.0
4216,89595.7541145627,0.0,8193.539747,0.0,0.0
4217,83399.1082167387,0.0,5886.643371,0.0,0.0
4218,57551.3293977525,0.0,24555.2314197313,0.0,19453.9298777313
4219,31703.6022743239,0.0,24555.2314197313,0.0,20805.1751667313
4220,25224.6643250141,0.0,6154.930815,0.0,0.0
4221,18530.4311862118,0.0,6359.473555,0.0,0.0
4222,10568.2742832442,0.0,7564.01385,0.0,0.0
4223,0.0,0.0,10039.8404893608,634.98999063918,0.0
4224,0.0,0.0,0.0,12489.9144,0.0
4225,0.0,0.0,0.0,10092.39899,0.0
4226,0.0,0.0,0.0,9126.079113,0.0
4227,13872.6585040006,14602.7984252638,0.0,18948.5959532638,0.0
4228,13872.6307586836,0.0,0.0,2733.360712,0.0
4229,10056.4622334221,0.0,3625.333741,0.0,0.0
4230,4760.24881418184,0.0,5031.383641,0.0,0.0
4231,0.0,0.0,4522.227329,0.0,0.0
4232,0.0,0.0,0.0,5916.348903,0.0
4233,4911.36550401736,5169.85842528143,0.0,17683.8528752814,0.0
4234,28238.8255300311,24555.2314197313,0.0,39244.1877497313,0.0
4235,51566.2389011248,24555.2314197313,0.0,39648.4480597313,0.0
4236,74893.6056173917,24555.2314197313,0.0,42964.4823697313,0.0
4237,98220.9256789252,24555.2314197313,0.0,36329.5917497313,0.0
4238,98220.9256789252,0.206780896160605,0.0,13258.3316008962,0.0
4239,98220.9256789252,0.206780896160605,0.0,12026.7969308962,0.0
4240,88769.1587159898,0.0,8978.9919950298,2986.5807149702,0.0
4241,74490.0676513566,0.0,13564.96785,0.0,0.0
4242,54992.5581028003,0.0,18522.49254,0.0,0.0
4243,34547.4011176841,0.0,19422.79465,0.0,0.0
4244,14358.8093386713,0.0,19179.09655,0.0,0.0
4245,0.0,0.0,13640.84159,0.0,0.0
4246,0.0,0.0,0.0,13203.83593,0.0
4247,0.0,0.0,0.0,12322.04335,0.0
4248,0.0,0.0,0.0,10888.72476,0.0
4249,0.0,0.0,0.0,5903.295629,0.0
4250,0.0,0.0,0.0,7833.929314,0.0
4251,17334.5714967498,18246.9173649997,0.0,23224.2468589997,0.0
4252,17334.5368276068,0.0,0.0,3130.054129,0.0
4253,11876.2251448489,0.0,5185.363163,0.0,0.0
4254,5300.40983345124,0.0,6247.001981,0.0,0.0
4255,0.0,0.0,5035.379271,0.0,0.0
4256,0.0,0.0,0.0,7746.250431,0.0
4257,4911.36550401736,5169.85842528143,0.0,16384.2395652814,0.0
4258,28238.8255300311,24555.2314197313,0.0,31695.2949867313,0.0
4259,51566.2389011248,24555.2314197313,0.0,34641.8260597313,0.0
4260,74893.6056173917,24555.2314197313,0.0,30492.0643467313,0.0
4261,98220.9256789252,24555.2314197313,0.0,30179.0305177313,0.0
4262,98220.9256789252,0.206780896160605,0.0,9403.23264189616,0.0
4263,98220.9256789252,0.206780896160605,0.0,12333.0171808962,0.0
4264,85977.6937528633,0.0,11630.88371,0.0,0.0
4265,70555.1511869495,0.0,14651.25208,0.0,0.0
4266,56105.7397819103,0.0,13726.80678,0.0,0.0
4267,37631.8371968372,0.0,17550.1008549138,0.0,3207.36400491382
4268,23891.8165226365,0.0,13052.94814,0.0,0.0
4269,10383.1859495298,0.0,12833.15365,0.0,0.0
4270,0.0,0.0,9864.006924,0.0,0.0
4271,0.0,0.0,0.0,8982.386571,0.0
4272,0.0,0.0,0.0,9562.598822,0.0
4273,0.0,0.0,0.0,6454.136218,0.0
4274,0.0,0.0,0.0,5551.777393,0.0
4275,20831.5324111279,21927.9288538189,0.0,28345.3422298189,0.0
4276,20831.4907480631,0.0,0.0,7290.866503,0.0
4277,13981.4888187658,0.0,6507.462253,0.0,0.0
4278,6849.99935263028,0.0,6774.888428,0.0,0.0
4279,0.0,0.0,6507.48637,0.0,0.0
4280,0.0,0.0,0.0,3878.177131,0.0
4281,4911.36550401736,5169.85842528143,0.0,14130.9753672814,0.0
4282,28238.8255300311,24555.2314197313,0.0,34872.2359697313,0.0
4283,51566.2389011248,24555.2314197313,0.0,34159.4790807313,0.0
4284,74893.6056173917,24555.2314197313,0.0,36770.4902897313,0.0
4285,98220.9256789252,24555.2314197313,0.0,37921.7420197313,0.0
4286,98220.9256789252,0.206780896160605,0.0,12650.9624708962,0.0
4287,98220.9256789252,0.206780896160605,0.0,16641.6526908962,0.0
4288,86246.7367052318,0.0,11375.29290525,3795.40179475003,0.0
4289,70365.8356222847,0.0,15086.69216,0.0,0.0
4290,54890.2062906134,0.0,14701.71417,0.0,0.0
4291,37179.0936365166,0.0,16825.45273,0.0,0.0
4292,18012.848899382,0.0,18207.86186,0.0,0.0
4293,0.0,0.0,17112.17223,0.0,0.0
4294,0.0,0.0,0.0,16480.95025,0.0
4295,0.0,0.0,0.0,15570.02063,0.0
4296,0.0,0.0,0.0,16007.20241,0.0
4297,0.0,0.0,0.0,10171.63056,0.0
4298,0.0,0.0,0.0,10253.5707,0.0
4299,21100.849215253,22211.4202265821,0.0,34833.2204565821,0.0
4300,21100.8070135546,0.0,0.0,9529.296741,0.0
4301,11644.6428498353,0.0,8983.315864,0.0,0.0
4302,6026.06427739171,0.0,5337.627519,0.0,0.0
4303,0.0,0.0,5724.749614,0.0,0.0
4304,0.0,0.0,0.0,3792.977606,0.0
4305,4911.36550401736,5169.85842528143,0.0,11413.2198452814,0.0
4306,28238.8255300311,24555.2314197313,0.0,28837.9921407313,0.0
4307,51566.2389011248,24555.2314197313,0.0,29596.3429257313,0.0
4308,74893.6056173917,24555.2314197313,0.0,33655.4562127313,0.0
4309,98220.9256789252,24555.2314197313,0.0,37496.9783397313,0.0
4310,98220.9256789252,0.206780896160605,0.0,15357.2790308962,0.0
4311,98220.9256789252,0.206780896160605,0.0,15686.9611508962,0.0
4312,90832.6664837972,0.0,7018.6596156128,11932.1866443872,0.0
4313,73944.3440500432,0.0,16043.73373,0.0,0.0
4314,52708.162024513,0.0,20174.23243,0.0,0.0
4315,33209.0547029258,0.0,18524.05181,0.0,0.0
4316,16784.5134532374,0.0,15603.25109,0.0,0.0
4317,0.0,0.0,15945.25589,0.0,0.0
4318,0.0,0.0,0.0,12142.93134,0.0
4319,0.0,0.0,0.0,8065.698969,0.0
4320,0.0,0.0,0.0,11475.83093,0.0
4321,0.0,0.0,0.0,5882.145225,0.0
4322,0.0,0.0,0.0,6941.886066,0.0
4323,19706.5191483463,20743.7043666803,0.0,24664.7078126803,0.0
4324,19706.479735308,0.0,0.0,2194.455551,0.0
4325,14664.3184191906,0.0,4790.015808,0.0,0.0
4326,7030.54005371169,0.0,7252.061585,0.0,0.0
4327,0.0,0.0,6678.999693,0.0,0.0
4328,0.0,0.0,0.0,7109.802999,0.0
4329,4911.36550401736,5169.85842528143,0.0,12961.9247962814,0.0
4330,28238.8255300311,24555.2314197313,0.0,33543.6925737313,0.0
4331,51566.2389011248,24555.2314197313,0.0,35386.5301097313,0.0
4332,74893.6056173917,24555.2314197313,0.0,33762.8165977313,0.0
4333,98220.9256789252,24555.2314197313,0.0,39166.9122897313,0.0
4334,98220.9256789252,0.206780896160605,0.0,12582.1199308962,0.0
4335,98220.7292370738,0.0,0.0,10280.93201,0.0
4336,89108.4838503522,0.0,8656.446498,0.0,0.0
4337,78830.8167439108,0.0,9763.614445,0.0,0.0
4338,52983.0470615076,0.0,24555.2314197313,0.0,13495.3736197313
4339,27135.3290746437,0.0,24555.2314197313,0.0,15357.1584737313
4340,18385.5189503013,0.0,8312.268061,0.0,0.0
4341,10968.5248413687,0.0,7046.109471,0.0,0.0
4342,2175.13457905583,0.0,8353.699909,0.0,0.0
4343,0.0,0.0,2066.37371734734,4453.41366465266,0.0
4344,0.0,0.0,0.0,7736.412278,0.0
4345,0.0,0.0,0.0,5383.691093,0.0
4346,0.0,0.0,0.0,5321.361061,0.0
4347,15579.7091163527,16399.693806687,0.0,22523.262383687,0.0
4348,15579.6779569344,0.0,0.0,3046.07619,0.0
4349,9792.35730810485,0.0,5497.925015,0.0,0.0
4350,4802.22143496918,0.0,4740.610474,0.0,0.0
4351,0.0,0.0,4562.101239,0.0,0.0
4352,0.0,0.0,0.0,9340.300219,0.0
4353,4911.36550401736,5169.85842528143,0.0,12422.0744702814,0.0
4354,28238.8255300311,24555.2314197313,0.0,32195.3015357313,0.0
4355,51566.2389011248,24555.2314197313,0.0,36804.3826197313,0.0
4356,74893.6056173917,24555.2314197313,0.0,35828.3906797313,0.0
4357,98220.9256789252,24555.2314197313,0.0,36269.3448597313,0.0
4358,98220.9256789252,0.206780896160605,0.0,13429.8309608962,0.0
4359,98220.9256789252,0.206780896160605,0.0,11940.1159108962,0.0
4360,85649.234542337,0.0,11942.91996,0.0,0.0
4361,66830.4988859732,0.0,17877.63614,0.0,0.0
4362,52128.6048144491,0.0,13966.67239,0.0,0.0
4363,28729.8348494101,0.0,22228.7324224379,0.0,13091.8682814379
4364,17741.8752844773,0.0,10438.507,0.0,0.0
4365,9999.31072283197,0.0,7355.402624,0.0,0.0
4366,0.0,0.0,9499.326188,0.0,0.0
4367,0.0,0.0,0.0,8951.136177,0.0
4368,0.0,0.0,0.0,11020.48714,0.0
4369,0.0,0.0,0.0,10962.37835,0.0
4370,13858.6328788168,14588.0346092808,0.0,22708.5628592808,0.0
4371,37186.0750102957,24555.2314197313,0.0,29317.2445397313,0.0
4372,37186.0006381457,0.0,0.0,5210.086859,0.0
4373,26682.5264850918,0.0,9978.229792,0.0,0.0
4374,13970.5457410915,0.0,12076.33101,0.0,0.0
4375,0.0,0.0,13271.99191,0.0,0.0
4376,0.0,0.0,0.0,15224.92472,0.0
4377,4911.36550401736,5169.85842528143,0.0,21295.7439652814,0.0
4378,28238.8255300311,24555.2314197313,0.0,39828.6603197313,0.0
4379,51566.2389011248,24555.2314197313,0.0,34426.9558277313,0.0
4380,74893.6056173917,24555.2314197313,0.0,31227.0942047313,0.0
4381,98220.9256789252,24555.2314197313,0.0,30502.0919837313,0.0
4382,98220.9256789252,0.206780896160605,0.0,10473.5947908962,0.0
4383,98220.9256789252,0.206780896160605,0.0,13722.2453108962,0.0
4384,80126.2220476002,0.0,17189.78183,0.0,0.0
4385,64758.1931319982,0.0,14599.47523,0.0,0.0
4386,48490.9925103487,0.0,15453.71755,0.0,0.0
4387,35408.38233889,0.0,12428.38753,0.0,0.0
4388,21954.2192063359,0.0,12781.3877,0.0,0.0
4389,6317.70314000275,0.0,14854.64855,0.0,0.0
4390,0.0,0.0,6001.80597936665,9671.53593063335,0.0
4391,0.0,0.0,0.0,15019.56708,0.0
4392,0.0,0.0,0.0,14548.36148,0.0
4393,0.0,0.0,0.0,8860.779277,0.0
4394,0.0,0.0,0.0,8513.390678,0.0
4395,21435.7930527133,22563.9926870666,0.0,29929.0727730666,0.0
4396,21435.7501811272,0.0,0.0,9126.511684,0.0
4397,15274.2682412057,0.0,5853.367115,0.0,0.0
4398,5420.01884109031,0.0,9361.507909,0.0,0.0
4399,0.0,0.0,5149.007601,0.0,0.0
4400,0.0,0.0,0.0,5104.011593,0.0
4401,4911.36550401736,5169.85842528143,0.0,16072.0449052814,0.0
4402,28238.8255300311,24555.2314197313,0.0,35993.7405097313,0.0
4403,51566.2389011248,24555.2314197313,0.0,35262.9308497313,0.0
4404,74893.6056173917,24555.2314197313,0.0,37581.4574397313,0.0
4405,98220.9256789252,24555.2314197313,0.0,37217.0187097313,0.0
4406,98220.9256789252,0.206780896160605,0.0,19358.5224008962,0.0
4407,98220.9256789252,0.206780896160605,0.0,17838.5484608962,0.0
4408,81113.3185949686,0.0,16252.04011,0.0,0.0
4409,66990.3542420156,0.0,13416.66202,0.0,0.0
4410,51299.9088718334,0.0,14905.79582,0.0,0.0
4411,37127.0339983315,0.0,13464.13366,0.0,0.0
4412,25032.2865337372,0.0,11489.93955,0.0,0.0
4413,7582.18870074306,0.0,16577.54538,0.0,0.0
4414,0.0,0.0,7203.06485954738,6009.18062045262,0.0
4415,0.0,0.0,0.0,14290.52966,0.0
4416,0.0,0.0,0.0,15882.15167,0.0
4417,0.0,0.0,0.0,15444.20285,0.0
4418,15614.3241885598,16436.1307247997,0.0,31073.2401847997,0.0
4419,38941.7628086561,24555.2314197313,0.0,36849.2409597313,0.0
4420,38941.6849251305,0.0,0.0,13208.94196,0.0
4421,26146.9953891291,0.0,12154.88107,0.0,0.0
4422,13684.411253033,0.0,11839.40525,0.0,0.0
4423,0.0,0.0,13000.16469,0.0,0.0
4424,0.0,0.0,0.0,12860.33127,0.0
4425,4911.36550401736,5169.85842528143,0.0,16641.4795952814,0.0
4426,28238.8255300311,24555.2314197313,0.0,34237.3671137313,0.0
4427,51566.2389011248,24555.2314197313,0.0,37143.7356297313,0.0
4428,74893.6056173917,24555.2314197313,0.0,40256.3129697313,0.0
4429,98220.9256789252,24555.2314197313,0.0,37414.2123497313,0.0
4430,98220.9256789252,0.206780896160605,0.0,11640.4634108962,0.0
4431,98220.9256789252,0.206780896160605,0.0,12315.6519208962,0.0
4432,87247.121142337,0.0,10424.92769,0.0,0.0
4433,76370.1518375684,0.0,10332.95507,0.0,0.0
4434,62330.7980591304,0.0,13337.2409862276,0.0,4734.75110722756
4435,36483.0613767645,0.0,24555.2314197313,0.0,16725.8164577313
4436,26356.6156853786,0.0,9620.054089,0.0,0.0
4437,13912.3894247788,0.0,11821.96487,0.0,0.0
4438,0.0,0.0,13216.74352,0.0,0.0
4439,0.0,0.0,0.0,11045.41434,0.0
4440,0.0,0.0,0.0,12001.43422,0.0
4441,0.0,0.0,0.0,9714.007514,0.0
4442,0.0,0.0,0.0,10700.67467,0.0
4443,17786.9581349186,18723.1138262301,0.0,30542.6248662301,0.0
4444,17786.9225610024,0.0,0.0,7866.118889,0.0
4445,11847.726505052,0.0,5642.202458,0.0,0.0
4446,5303.22053696739,0.0,6217.258159,0.0,0.0
4447,0.0,0.0,5038.049434,0.0,0.0
4448,0.0,0.0,0.0,4429.029409,0.0
4449,4911.36550401736,5169.85842528143,0.0,10283.6792542814,0.0
4450,28238.8255300311,24555.2314197313,0.0,33149.4705927313,0.0
4451,51566.2389011248,24555.2314197313,0.0,31878.3213927313,0.0
4452,74893.6056173917,24555.2314197313,0.0,34187.2048867313,0.0
4453,98220.9256789252,24555.2314197313,0.0,34262.2102907313,0.0
4454,98220.9256789252,0.206780896160605,0.0,10641.1110608962,0.0
4455,98220.9256789252,0.206780896160605,0.0,12537.8702308962,0.0
4456,83454.5198054949,0.0,14027.89896,0.0,0.0
4457,67888.0099069816,0.0,14788.02584,0.0,0.0
4458,53530.823204646,0.0,13639.19838,0.0,0.0
4459,30048.9764996015,0.0,22307.6526612282,0.0,8858.34772122823
4460,17829.8465279643,0.0,11608.11638,0.0,0.0
4461,8734.66191879752,0.0,8640.391502,0.0,0.0
4462,0.0,0.0,8297.912227,0.0,0.0
4463,0.0,0.0,0.0,9886.967241,0.0
4464,0.0,0.0,0.0,11552.92887,0.0
4465,0.0,0.0,0.0,7278.850516,0.0
4466,0.0,0.0,0.0,5159.386009,0.0
4467,21766.9889764576,22912.6199752186,0.0,29661.2834522186,0.0
4468,21766.9454424797,0.0,0.0,7941.522029,0.0
4469,13083.6776706941,0.0,8249.063026,0.0,0.0
4470,4979.56409386503,0.0,7698.883039,0.0,0.0
4471,0.0,0.0,4730.576428,0.0,0.0
4472,0.0,0.0,0.0,5768.629985,0.0
4473,4911.36550401736,5169.85842528143,0.0,10634.1250722814,0.0
4474,28238.8255300311,24555.2314197313,0.0,31413.0053487313,0.0
4475,51566.2389011248,24555.2314197313,0.0,32357.1948307313,0.0
4476,74893.6056173917,24555.2314197313,0.0,30151.4382337313,0.0
4477,98220.9256789252,24555.2314197313,0.0,34027.2025007313,0.0
4478,98220.9256789252,0.206780896160605,0.0,10240.2960308962,0.0
4479,98220.9256789252,0.206780896160605,0.0,11053.4234008962,0.0
4480,83806.8816581265,0.0,13693.1552,0.0,0.0
4481,72303.5586654158,0.0,10927.99761,0.0,0.0
4482,59266.3494267195,0.0,12385.2114,0.0,0.0
4483,40489.2922026311,0.0,17838.09175682,0.0,7607.43596682004
4484,27200.0162029941,0.0,12624.73527,0.0,0.0
4485,13680.428213488,0.0,12843.55691,0.0,0.0
4486,0.0,0.0,12996.38081,0.0,0.0
4487,0.0,0.0,0.0,9627.050239,0.0
4488,0.0,0.0,0.0,7693.453615,0.0
4489,0.0,0.0,0.0,7647.090465,0.0
4490,2396.96766552712,2523.1238584496,0.0,8874.25260144961,0.0
4491,25724.4327203365,24555.2314197313,0.0,35028.8233397313,0.0
4492,25724.3812714711,0.0,0.0,7535.79204,0.0
4493,15683.3515437612,0.0,9538.929365,0.0,0.0
4494,6246.95009811072,0.0,8964.551575,0.0,0.0
4495,0.0,0.0,5934.590724,0.0,0.0
4496,0.0,0.0,0.0,5434.398127,0.0
4497,4911.36550401736,5169.85842528143,0.0,12520.7640982814,0.0
4498,28238.8255300311,24555.2314197313,0.0,30134.3444307313,0.0
4499,51566.2389011248,24555.2314197313,0.0,28014.4004477313,0.0
4500,74893.6056173917,24555.2314197313,0.0,27498.2254837313,0.0
4501,98220.9256789252,24555.2314197313,0.0,31538.7535887313,0.0
4502,98220.9256789252,0.206780896160605,0.0,10085.8740908962,0.0
4503,98220.9256789252,0.206780896160605,0.0,11236.9939208962,0.0
4504,86263.0832791791,0.0,11359.76366,0.0,0.0
4505,76689.153540381,0.0,9095.069352,0.0,0.0
4506,69332.3272462844,0.0,6988.83927,0.0,0.0
4507,45981.0098637884,0.0,22183.6197819495,0.0,10126.3031619495
4508,29090.3872386108,0.0,16046.00413,0.0,0.0
4509,14823.6549841521,0.0,13553.34037,0.0,0.0
4510,0.0,0.0,14082.44407,0.0,0.0
4511,0.0,0.0,0.0,16269.76664,0.0
4512,0.0,0.0,0.0,13729.45198,0.0
4513,0.0,0.0,0.0,14841.76446,0.0
4514,90.0404919874453,94.7794652499424,0.0,17747.0384252499,0.0
4515,23417.5101606512,24555.2314197313,0.0,40453.8148297313,0.0
4516,23417.4633256309,0.0,0.0,12763.4278,0.0
4517,12441.3546696516,0.0,10427.25873,0.0,0.0
4518,6451.89218062647,0.0,5689.965726,0.0,0.0
4519,0.0,0.0,6129.285313,0.0,0.0
4520,0.0,0.0,0.0,8865.875905,0.0
4521,4911.36550401736,5169.85842528143,0.0,18804.4516152814,0.0
4522,28238.8255300311,24555.2314197313,0.0,38722.6125297313,0.0
4523,51566.2389011248,24555.2314197313,0.0,37560.2811597313,0.0
4524,74893.6056173917,24555.2314197313,0.0,39340.0336797313,0.0
4525,98220.9256789252,24555.2314197313,0.0,38237.7710397313,0.0
4526,98220.9256789252,0.206780896160605,0.0,15003.3325808962,0.0
4527,98220.9256789252,0.206780896160605,0.0,12171.3591308962,0.0
4528,98220.9256789252,0.206780896160605,0.0,13696.9695608962,0.0
4529,80824.330142337,0.0,16526.57914,0.0,0.0
4530,56720.4469884135,0.0,22898.53543,0.0,0.0
4531,34229.6673475196,0.0,21366.13289,0.0,0.0
4532,11557.8679513428,0.0,21538.14439,0.0,0.0
4533,0.0,0.0,10979.9525938265,9393.93659617348,0.0
4534,0.0,0.0,0.0,15225.93645,0.0
4535,0.0,0.0,0.0,16786.61307,0.0
4536,0.0,0.0,0.0,15855.52249,0.0
4537,0.0,0.0,0.0,12840.60943,0.0
4538,6041.03145866081,6358.98048280085,0.0,21627.5660828009,0.0
4539,29368.4892253426,24555.2314197313,0.0,41925.8736997313,0.0
4540,29368.4304883642,0.0,0.0,11737.77402,0.0
4541,17729.3481304506,0.0,11057.07244,0.0,0.0
4542,6919.03505070168,0.0,10269.76374,0.0,0.0
4543,0.0,0.0,6573.070152,0.0,0.0
4544,0.0,0.0,0.0,8172.492248,0.0
4545,4911.36550401736,5169.85842528143,0.0,13230.0125392814,0.0
4546,28238.8255300311,24555.2314197313,0.0,35190.4483597313,0.0
4547,51566.2389011248,24555.2314197313,0.0,35990.3045597313,0.0
4548,74893.6056173917,24555.2314197313,0.0,36548.2619797313,0.0
4549,98220.9256789252,24555.2314197313,0.0,34666.5585197313,0.0
4550,98220.9256789252,0.206780896160605,0.0,9265.81978389616,0.0
4551,98220.9256789252,0.206780896160605,0.0,12822.4015508962,0.0
4552,82747.7976615152,0.0,14699.2849967807,214.789763219287,0.0
4553,65116.2467869725,0.0,16749.81611,0.0,0.0
4554,49505.5788281631,0.0,14830.01084,0.0,0.0
4555,35896.4533117423,0.0,12928.57518,0.0,0.0
4556,19322.5757504147,0.0,15745.11548,0.0,0.0
4557,0.0,0.0,18356.41025,0.0,0.0
4558,0.0,0.0,0.0,12975.43934,0.0
4559,0.0,0.0,0.0,11605.53448,0.0
4560,0.0,0.0,0.0,8331.63057,0.0
4561,0.0,0.0,0.0,3595.230126,0.0
4562,8771.90261669825,9233.58170178763,0.0,11697.3517337876,0.0
4563,32099.3549216377,24555.2314197313,0.0,29060.9011807313,0.0
4564,32099.2907229279,0.0,0.0,3853.88598,0.0
4565,25463.5949843465,0.0,6303.849963,0.0,0.0
4566,14712.788772946,0.0,10213.21752,0.0,0.0
4567,0.0,0.0,13977.12138,0.0,0.0
4568,0.0,0.0,0.0,14819.38618,0.0
4569,4911.36550401736,5169.85842528143,0.0,19249.8252552814,0.0
4570,28238.8255300311,24555.2314197313,0.0,41414.5014397313,0.0
4571,51566.2389011248,24555.2314197313,0.0,40695.9445597313,0.0
4572,74893.6056173917,24555.2314197313,0.0,41997.7692497313,0.0
4573,98220.9256789252,24555.2314197313,0.0,44025.0894597313,0.0
4574,98220.9256789252,0.206780896160605,0.0,17897.8278908962,0.0
4575,98220.9256789252,0.206780896160605,0.0,16276.6321308962,0.0
4576,84392.6588370738,0.0,13136.66688,0.0,0.0
4577,70852.8624307035,0.0,12862.64624,0.0,0.0
4578,56312.3020427908,0.0,13813.3977480785,0.0,1418.8892880785
4579,30464.5773974169,0.0,24555.2314197313,0.0,13787.9639697313
4580,20079.9871587884,0.0,9865.302844,0.0,0.0
4581,8632.03864091939,0.0,10875.51294,0.0,0.0
4582,0.0,0.0,8200.420308,0.0,0.0
4583,0.0,0.0,0.0,8988.698467,0.0
4584,0.0,0.0,0.0,8206.129704,0.0
4585,0.0,0.0,0.0,6804.520694,0.0
4586,0.0,0.0,0.0,3416.977197,0.0
4587,6664.48551310944,7015.24790853626,0.0,11856.8259175363,0.0
4588,6664.47218413842,0.0,0.0,5405.797362,0.0
4589,3949.06018993089,0.0,2579.628732,0.0,0.0
4590,2329.58946654735,0.0,1538.489684,0.0,0.0
4591,0.0,0.0,2213.105567,0.0,0.0
4592,0.0,0.0,0.0,5857.159791,0.0
4593,4911.36550401736,5169.85842528143,0.0,15589.2427452814,0.0
4594,28238.8255300311,24555.2314197313,0.0,33459.0106537313,0.0
4595,51566.2389011248,24555.2314197313,0.0,39382.0537897313,0.0
4596,74893.6056173917,24555.2314197313,0.0,37399.6380997313,0.0
4597,98220.9256789252,24555.2314197313,0.0,34570.4162497313,0.0
4598,98220.9256789252,0.206780896160605,0.0,12376.7234108962,0.0
4599,98220.9256789252,0.206780896160605,0.0,11090.5360108962,0.0
4600,88298.0015454949,0.0,9426.591307,0.0,0.0
4601,76313.1307073865,0.0,11385.45953,0.0,0.0
4602,64025.0455969146,0.0,11673.53586,0.0,0.0
4603,47780.9339657737,0.0,15431.7844019973,0.0,4234.79222199725
4604,33304.766446011,0.0,13752.26836,0.0,0.0
4605,16170.8706364781,0.0,16277.13774,0.0,0.0
4606,0.0,0.0,15362.29638,0.0,0.0
4607,0.0,0.0,0.0,13246.89002,0.0
4608,0.0,0.0,0.0,12502.74095,0.0
4609,0.0,0.0,0.0,9130.729633,0.0
4610,0.0,0.0,0.0,10700.53025,0.0
4611,19286.4042086684,20301.4781143877,0.0,28625.1895583877,0.0
4612,19286.3656358599,0.0,0.0,6665.527609,0.0
4613,12325.1737589181,0.0,6613.095639,0.0,0.0
4614,5924.81162962326,0.0,6080.320605,0.0,0.0
4615,0.0,0.0,5628.559791,0.0,0.0
4616,0.0,0.0,0.0,5369.115218,0.0
4617,4911.36550401736,5169.85842528143,0.0,11769.2648132814,0.0
4618,28238.8255300311,24555.2314197313,0.0,30032.1487387313,0.0
4619,51566.2389011248,24555.2314197313,0.0,30133.7211357313,0.0
4620,74893.6056173917,24555.2314197313,0.0,32331.3567947313,0.0
4621,98220.9256789252,24555.2314197313,0.0,33259.0938377313,0.0
4622,98220.9256789252,0.206780896160605,0.0,9882.23099489616,0.0
4623,98220.9256789252,0.206780896160605,0.0,11866.5144708962,0.0
4624,85730.3821528633,0.0,11865.82973,0.0,0.0
4625,73630.0909657832,0.0,11495.11374,0.0,0.0
4626,56485.1234319171,0.0,16287.57926,0.0,0.0
4627,39607.8509458807,0.0,16033.30154,0.0,0.0
4628,24681.6840564946,0.0,14179.78329,0.0,0.0
4629,8335.09595628441,0.0,15529.2118,0.0,0.0
4630,0.0,0.0,7918.32532178787,6216.92229821213,0.0
4631,0.0,0.0,0.0,15250.01683,0.0
4632,0.0,0.0,0.0,13983.16612,0.0
4633,0.0,0.0,0.0,9790.903033,0.0
4634,10383.4335415072,10929.9300436918,0.0,22978.7344936918,0.0
4635,33710.8826233848,24555.2314197313,0.0,35245.8499097313,0.0
4636,33710.8152016196,0.0,0.0,14023.50285,0.0
4637,22398.7186010418,0.0,10746.42772,0.0,0.0
4638,11924.433890973,0.0,9950.527917,0.0,0.0
4639,0.0,0.0,11328.18954,0.0,0.0
4640,0.0,0.0,0.0,11551.15187,0.0
4641,4911.36550401736,5169.85842528143,0.0,15496.8555352814,0.0
4642,28238.8255300311,24555.2314197313,0.0,37807.7641197313,0.0
4643,51566.2389011248,24555.2314197313,0.0,36795.5352197313,0.0
4644,74893.6056173917,24555.2314197313,0.0,41762.9300697313,0.0
4645,98220.9256789252,24555.2314197313,0.0,36656.9741797313,0.0
4646,98220.9256789252,0.206780896160605,0.0,15967.8931308962,0.0
4647,98220.9256789252,0.206780896160605,0.0,19851.8267508962,0.0
4648,82081.2855002317,0.0,15332.47155,0.0,0.0
4649,68559.8818113449,0.0,12845.17755,0.0,0.0
4650,55809.5615274959,0.0,12112.6740058812,0.0,575.372205881153
4651,29961.8378876031,0.0,24555.2314197313,0.0,14157.9278797313
4652,20158.2562702431,0.0,9313.345609,0.0,0.0
4653,8725.81263794106,0.0,10860.78315,0.0,0.0
4654,0.0,0.0,8289.505427,0.0,0.0
4655,0.0,0.0,0.0,7590.145397,0.0
4656,0.0,0.0,0.0,8873.199575,0.0
4657,0.0,0.0,0.0,9791.129372,0.0
4658,19878.956944983,20925.2178368242,0.0,30200.5354678242,0.0
4659,43206.3870358138,24555.2314197313,0.0,35456.0752297313,0.0
4660,43206.3006230397,0.0,0.0,15351.77198,0.0
4661,26655.4460630701,0.0,15723.22974,0.0,0.0
4662,15849.7731837569,0.0,10265.33859,0.0,0.0
4663,0.0,0.0,15057.25441,0.0,0.0
4664,0.0,0.0,0.0,12459.79077,0.0
4665,4911.36550401736,5169.85842528143,0.0,19187.9221352814,0.0
4666,28238.8255300311,24555.2314197313,0.0,39330.0119397313,0.0
4667,51566.2389011248,24555.2314197313,0.0,37368.2037797313,0.0
4668,74893.6056173917,24555.2314197313,0.0,35607.8028997313,0.0
4669,98220.9256789252,24555.2314197313,0.0,36761.1153597313,0.0
4670,98220.9256789252,0.206780896160605,0.0,10895.5280808962,0.0
4671,98220.7292370738,0.0,0.0,10390.15654,0.0
4672,89930.7060461417,0.0,7875.335412,0.0,0.0
4673,83574.0315826243,0.0,6038.669872,0.0,0.0
4674,57726.2524137914,0.0,24555.2314197313,0.0,17075.5908867313
4675,31878.5249405168,0.0,24555.2314197313,0.0,19952.6611097313
4676,25527.8026813616,0.0,6033.125577,0.0,0.0
4677,19044.0102994405,0.0,6159.55426,0.0,0.0
4678,14008.2001124725,0.0,4783.983494,0.0,0.0
4679,4534.46252238809,0.0,9000.024095,0.0,0.0
4680,1712.92859662094,0.0,2680.448614,0.0,0.0
4681,1712.92517076374,0.0,0.0,1659.570188,0.0
4682,6510.0282616324,5049.58580707263,0.0,9337.13945107263,0.0
4683,29837.4850903206,24555.2314197313,0.0,33447.2785287313,0.0
4684,29837.4254153504,0.0,0.0,5816.466164,0.0
4685,21701.4958552364,0.0,7729.076391,0.0,0.0
4686,11905.5960532974,0.0,9306.063579,0.0,0.0
4687,0.0,0.0,11310.29363,0.0,0.0
4688,0.0,0.0,0.0,12352.27776,0.0
4689,4911.36550401736,5169.85842528143,0.0,15677.7837252814,0.0
4690,28238.8255300311,24555.2314197313,0.0,32209.9862717313,0.0
4691,51566.2389011248,24555.2314197313,0.0,35768.7387197313,0.0
4692,74893.6056173917,24555.2314197313,0.0,39019.4014097313,0.0
4693,98220.9256789252,24555.2314197313,0.0,39471.6986097313,0.0
4694,98220.9256789252,0.206780896160605,0.0,16484.5873908962,0.0
4695,98220.9256789252,0.206780896160605,0.0,15366.1905908962,0.0
4696,83384.4677212844,0.0,14094.44844,0.0,0.0
4697,70372.2353944542,0.0,12361.46228,0.0,0.0
4698,54073.8489657729,0.0,15483.3334,0.0,0.0
4699,35933.4739695042,0.0,17233.2535061422,0.0,5250.18694614223
4700,24214.4573972931,0.0,11132.99747,0.0,0.0
4701,14781.031246273,0.0,8961.708836,0.0,0.0
4702,0.0,0.0,14041.9516,0.0,0.0
4703,0.0,0.0,0.0,12627.85717,0.0
4704,0.0,0.0,0.0,11480.11254,0.0
4705,0.0,0.0,0.0,4914.148012,0.0
4706,0.0,0.0,0.0,3520.88927,0.0
4707,7830.27388276181,8242.3935608019,0.0,11426.0293318019,0.0
4708,7830.25822221404,0.0,0.0,0.0,0.0
4709,7830.2425616976,0.0,0.0,0.0,0.0
4710,3726.39571173879,0.0,3898.63963,0.0,0.0
4711,0.0,0.0,3540.068846,0.0,0.0
4712,0.0,0.0,0.0,2103.802016,0.0
4713,4911.36550401736,5169.85842528143,0.0,10286.9595602814,0.0
4714,28238.8255300311,24555.2314197313,0.0,29957.9187887313,0.0
4715,51566.2389011248,24555.2314197313,0.0,35334.3060897313,0.0
4716,74893.6056173917,24555.2314197313,0.0,32650.0704127313,0.0
4717,98220.9256789252,24555.2314197313,0.0,34067.3435507313,0.0
4718,98220.9256789252,0.206780896160605,0.0,11295.8767508962,0.0
4719,98220.9256789252,0.206780896160605,0.0,12130.7894508962,0.0
4720,86385.0984897054,0.0,11243.84921,0.0,0.0
4721,75148.4396668769,0.0,10674.66175,0.0,0.0
4722,60721.5591063508,0.0,13705.3937504644,0.0,6000.9696434644
4723,34873.8256424628,0.0,24555.2314197313,0.0,13824.6143297313
4724,26222.7467453378,0.0,8218.458692,0.0,0.0
4725,11586.7642787917,0.0,13904.13352,0.0,0.0
4726,0.0,0.0,11007.40405,0.0,0.0
4727,0.0,0.0,0.0,10688.64221,0.0
4728,0.0,0.0,0.0,12419.82757,0.0
4729,3116.27780098876,3280.29242209343,0.0,15708.6439120934,0.0
4730,26443.7414171779,24555.2314197313,0.0,36058.9094397313,0.0
4731,49771.1583784398,24555.2314197313,0.0,37315.9442497313,0.0
4732,49771.058836123,0.0,0.0,11122.67315,0.0
4733,34306.4678097948,0.0,14691.26691,0.0,0.0
4734,15687.9032915961,0.0,17687.57111,0.0,0.0
4735,0.0,0.0,14903.47832,0.0,0.0
4736,0.0,0.0,0.0,15501.72592,0.0
4737,4911.36550401736,5169.85842528143,0.0,21127.7074552814,0.0
4738,28238.8255300311,24555.2314197313,0.0,42242.6421897313,0.0
4739,51566.2389011248,24555.2314197313,0.0,39787.6077097313,0.0
4740,74893.6056173917,24555.2314197313,0.0,37973.3753197313,0.0
4741,98220.9256789252,24555.2314197313,0.0,39976.9295097313,0.0
4742,98220.9256789252,0.206780896160605,0.0,16220.0300308962,0.0
4743,98220.9256789252,0.206780896160605,0.0,11454.5965208962,0.0
4744,85407.0366160212,0.0,12173.00799,0.0,0.0
4745,72972.9249493164,0.0,11812.24381,0.0,0.0
4746,62175.7860350454,0.0,10257.14332,0.0,0.0
4747,41909.9926341869,0.0,19252.3855968221,0.0,6280.69780682213
4748,26924.1938773596,0.0,14236.42919,0.0,0.0
4749,13582.9069552876,0.0,12674.17142,0.0,0.0
4750,0.0,0.0,12903.7358,0.0,0.0
4751,0.0,0.0,0.0,13048.13756,0.0
4752,0.0,0.0,0.0,8811.222548,0.0
4753,0.0,0.0,0.0,7174.601557,0.0
4754,0.0,0.0,0.0,6755.790096,0.0
4755,15984.9139478783,16826.225208293,0.0,25094.580262293,0.0
4756,15984.8819780504,0.0,0.0,11570.6962,0.0
4757,6628.69262197067,0.0,8888.349517,0.0,0.0
4758,1397.55587090122,0.0,4969.567319,0.0,0.0
4759,0.0,0.0,1327.675422,0.0,0.0
4760,0.0,0.0,0.0,1767.364303,0.0
4761,4911.36550401736,5169.85842528143,0.0,5526.14549268143,0.0
4762,28238.8255300311,24555.2314197313,0.0,29165.2244137313,0.0
4763,51566.2389011248,24555.2314197313,0.0,30088.1213377313,0.0
4764,74893.6056173917,24555.2314197313,0.0,26324.9952317313,0.0
4765,98220.9256789252,24555.2314197313,0.0,26907.7993307313,0.0
4766,98220.9256789252,0.206780896160605,0.0,7361.26677289616,0.0
4767,98220.9256789252,0.206780896160605,0.0,9540.43528089616,0.0
4768,85976.8215633896,0.0,11631.71229,0.0,0.0
4769,72110.4794518518,0.0,13172.86165,0.0,0.0
4770,58051.1153782613,0.0,13356.25886,0.0,0.0
4771,34944.099695248,0.0,21951.5546017434,0.0,10085.4231617434
4772,21577.0375123118,0.0,12698.64268,0.0,0.0
4773,10152.2762740262,0.0,10853.48218,0.0,0.0
4774,0.0,0.0,9644.643171,0.0,0.0
4775,0.0,0.0,0.0,9246.378439,0.0
4776,0.0,0.0,0.0,9640.320265,0.0
4777,0.0,0.0,0.0,10995.77432,0.0
4778,17783.950668192,18719.948071781,0.0,29958.683491781,0.0
4779,41111.3849490354,24555.2314197313,0.0,38240.5468897313,0.0
4780,41111.3027262655,0.0,0.0,15509.11417,0.0
4781,29735.6405457653,0.0,10806.80096,0.0,0.0
4782,16737.2421060632,0.0,12348.42202,0.0,0.0
4783,0.0,0.0,15900.3482,0.0,0.0
4784,0.0,0.0,0.0,15862.01635,0.0
4785,4911.36550401736,5169.85842528143,0.0,24865.8868952814,0.0
4786,28238.8255300311,24555.2314197313,0.0,41793.2797197313,0.0
4787,51566.2389011248,24555.2314197313,0.0,41801.9668597313,0.0
4788,74893.6056173917,24555.2314197313,0.0,38311.0089397313,0.0
4789,98220.9256789252,24555.2314197313,0.0,37649.5321697313,0.0
4790,98220.9256789252,0.206780896160605,0.0,12638.5367408962,0.0
4791,98220.9256789252,0.206780896160605,0.0,10368.5244308962,0.0
4792,88984.1504279541,0.0,8774.74986866377,4268.14661133623,0.0
4793,72622.6330596532,0.0,15543.27243,0.0,0.0
4794,54641.2480354397,0.0,17082.17779,0.0,0.0
4795,36247.8939529437,0.0,17473.58256,0.0,0.0
4796,18791.7357729452,0.0,16583.2814,0.0,0.0
4797,0.0,0.0,17852.11328,0.0,0.0
4798,0.0,0.0,0.0,21791.74103,0.0
4799,0.0,0.0,0.0,14983.25627,0.0
4800,0.0,0.0,0.0,11309.84279,0.0
4801,0.0,0.0,0.0,6281.924054,0.0
4802,0.0,0.0,0.0,9846.1109,0.0
4803,14958.1278277074,15745.3977133762,0.0,28228.7965733762,0.0
4804,14958.0979114517,0.0,0.0,8936.865438,0.0
4805,8882.92474157167,0.0,5771.386091,0.0,0.0
4806,4262.59793466955,0.0,4389.293589,0.0,0.0
4807,0.0,0.0,4049.459939,0.0,0.0
4808,0.0,0.0,0.0,8141.169324,0.0
4809,4911.36550401736,5169.85842528143,0.0,13649.5727742814,0.0
4810,28238.8255300311,24555.2314197313,0.0,35049.3597497313,0.0
4811,51566.2389011248,24555.2314197313,0.0,34067.5261027313,0.0
4812,74893.6056173917,24555.2314197313,0.0,36731.3495397313,0.0
4813,98220.9256789252,24555.2314197313,0.0,34615.0856197313,0.0
4814,98220.9256789252,0.206780896160605,0.0,10906.2269608962,0.0
4815,98220.9256789252,0.206780896160605,0.0,10618.9821608962,0.0
4816,85000.2433318107,0.0,12559.46161,0.0,0.0
4817,70683.4423944819,0.0,13600.79939,0.0,0.0
4818,56749.7473433866,0.0,13236.876,0.0,0.0
4819,36068.9988968388,0.0,19646.6031997004,0.0,8744.36018970044
4820,24047.7056851568,0.0,11420.16002,0.0,0.0
4821,11552.7674529033,0.0,11870.14563,0.0,0.0
4822,0.0,0.0,10975.10713,0.0,0.0
4823,0.0,0.0,0.0,12396.86825,0.0
4824,0.0,0.0,0.0,12379.37718,0.0
4825,0.0,0.0,0.0,14409.53201,0.0
4826,9744.15012882996,10257.0001356105,0.0,23659.6562456105,0.0
4827,33071.6004892744,24555.2314197313,0.0,38339.8880197313,0.0
4828,33071.5343460735,0.0,0.0,11187.32557,0.0
4829,20190.5903924785,0.0,12236.83392,0.0,0.0
4830,10877.7541028766,0.0,8847.156113,0.0,0.0
4831,0.0,0.0,10333.84573,0.0,0.0
4832,0.0,0.0,0.0,9599.115195,0.0
4833,4911.36550401736,5169.85842528143,0.0,12955.3287062814,0.0
4834,28238.8255300311,24555.2314197313,0.0,31727.5624687313,0.0
4835,51566.2389011248,24555.2314197313,0.0,31058.7458757313,0.0
4836,74893.6056173917,24555.2314197313,0.0,32532.9358737313,0.0
4837,98220.9256789252,24555.2314197313,0.0,30387.9957257313,0.0
4838,98220.9256789252,0.206780896160605,0.0,6211.73646789616,0.0
4839,98220.9256789252,0.206780896160605,0.0,5297.51701189616,0.0
4840,90129.2598949686,0.0,7686.895875,0.0,0.0
4841,83436.8274511856,0.0,6357.639576,0.0,0.0
4842,62198.3261422226,0.0,20176.4177135427,0.0,10940.0708785427
4843,36350.5897248005,0.0,24555.2314197313,0.0,13034.1277297313
4844,23066.2820446737,0.0,12620.02323,0.0,0.0
4845,12755.0021731622,0.0,9795.672052,0.0,0.0
4846,0.0,0.0,12117.22783,0.0,0.0
4847,0.0,0.0,0.0,9439.620606,0.0
4848,0.0,0.0,0.0,14300.50416,0.0
4849,0.0,0.0,0.0,9403.515781,0.0
4850,12763.4906225593,13435.2532869046,0.0,24652.8549169046,0.0
4851,36090.9349443228,24555.2314197313,0.0,37019.5199897313,0.0
4852,36090.8627624529,0.0,0.0,9901.107824,0.0
4853,26765.19174178,0.0,8859.318897,0.0,0.0
4854,14847.8035482387,0.0,11321.46793,0.0,0.0
4855,0.0,0.0,14105.38516,0.0,0.0
4856,0.0,0.0,0.0,13423.71632,0.0
4857,4911.36550401736,5169.85842528143,0.0,17411.5293752814,0.0
4858,28238.8255300311,24555.2314197313,0.0,36541.5782397313,0.0
4859,51566.2389011248,24555.2314197313,0.0,35320.5623097313,0.0
4860,74893.6056173917,24555.2314197313,0.0,38878.4137297313,0.0
4861,98220.9256789252,24555.2314197313,0.0,41025.6317797313,0.0
4862,98220.9256789252,0.206780896160605,0.0,15719.2396508962,0.0
4863,98220.9256789252,0.206780896160605,0.0,16270.6000408962,0.0
4864,79644.2794265475,0.0,17647.62732,0.0,0.0
4865,62323.8703695676,0.0,16454.23728,0.0,0.0
4866,48670.1676481427,0.0,12970.89917,0.0,0.0
4867,30772.9065946063,0.0,17002.305527541,0.0,5818.52627754101
4868,19622.6600277405,0.0,10592.67577,0.0,0.0
4869,10758.5786434731,0.0,8420.840032,0.0,0.0
4870,0.0,0.0,10220.62927,0.0,0.0
4871,0.0,0.0,0.0,10522.95247,0.0
4872,0.0,0.0,0.0,10135.69068,0.0
4873,0.0,0.0,0.0,6514.575671,0.0
4874,3265.62240743962,3437.49727098907,0.0,11089.6149529891,0.0
4875,26593.0857249395,24555.2314197313,0.0,31661.0836647313,0.0
4876,26593.0325387681,0.0,0.0,9297.607848,0.0
4877,15171.3253632293,0.0,10850.57129,0.0,0.0
4878,8659.23666899965,0.0,6186.455434,0.0,0.0
4879,0.0,0.0,8226.258383,0.0,0.0
4880,0.0,0.0,0.0,8521.452858,0.0
4881,4911.36550401736,5169.85842528143,0.0,15215.3806752814,0.0
4882,28238.8255300311,24555.2314197313,0.0,35691.9479797313,0.0
4883,51566.2389011248,24555.2314197313,0.0,38742.9473197313,0.0
4884,74893.6056173917,24555.2314197313,0.0,42177.2849097313,0.0
4885,98220.9256789252,24555.2314197313,0.0,42805.6398697313,0.0
4886,98220.9256789252,0.206780896160605,0.0,17141.4303808962,0.0
4887,98220.9256789252,0.206780896160605,0.0,14113.6812608962,0.0
4888,84082.8006686528,0.0,13431.03214,0.0,0.0
4889,65713.7952504199,0.0,17450.39539,0.0,0.0
4890,47494.5007175662,0.0,17308.20495,0.0,0.0
4891,30237.2965180385,0.0,16394.25375,0.0,0.0
4892,15743.7277908138,0.0,13768.83284,0.0,0.0
4893,1136.43190335826,0.0,13876.90118,0.0,0.0
4894,0.0,0.0,1079.60814896973,11088.7519710303,0.0
4895,0.0,0.0,0.0,11481.70552,0.0
4896,0.0,0.0,0.0,11745.20774,0.0
4897,0.0,0.0,0.0,8597.976529,0.0
4898,7881.3137489609,8296.11973574832,0.0,16597.6670927483,0.0
4899,31208.7678350781,24555.2314197313,0.0,31658.3854897313,0.0
4900,31208.7054175425,0.0,0.0,6364.222895,0.0
4901,20122.5962317106,0.0,10531.74443,0.0,0.0
4902,10312.2064265181,0.0,9319.832082,0.0,0.0
4903,0.0,0.0,9796.576512,0.0,0.0
4904,0.0,0.0,0.0,9064.611872,0.0
4905,4911.36550401736,5169.85842528143,0.0,12190.3489922814,0.0
4906,28238.8255300311,24555.2314197313,0.0,29919.1598477313,0.0
4907,51566.2389011248,24555.2314197313,0.0,29147.6040747313,0.0
4908,74893.6056173917,24555.2314197313,0.0,28761.0125257313,0.0
4909,98220.9256789252,24555.2314197313,0.0,31138.5353257313,0.0
4910,98220.9256789252,0.206780896160605,0.0,11194.2609308962,0.0
4911,98220.9256789252,0.206780896160605,0.0,13507.0885508962,0.0
4912,82271.8176370738,0.0,15151.46602,0.0,0.0
4913,70342.8090513333,0.0,11332.40184,0.0,0.0
4914,57726.6111762415,0.0,11985.25433,0.0,0.0
4915,38593.2444867891,0.0,18176.5886744186,0.0,5776.5721544186
4916,25602.4350055633,0.0,12341.19568,0.0,0.0
4917,13042.4518849038,0.0,11931.93532,0.0,0.0
4918,0.0,0.0,12390.30451,0.0,0.0
4919,0.0,0.0,0.0,13144.12498,0.0
4920,0.0,0.0,0.0,13585.48962,0.0
4921,0.0,0.0,0.0,7852.77494,0.0
4922,10855.9370766954,11427.3021859952,0.0,17421.4687379952,0.0
4923,34183.385213566,24555.2314197313,0.0,35372.1411797313,0.0
4924,34183.3168467956,0.0,0.0,12147.30954,0.0
4925,23622.8762591092,0.0,10032.35361,0.0,0.0
4926,11727.7309923041,0.0,11300.34312,0.0,0.0
4927,0.0,0.0,11141.32216,0.0,0.0
4928,0.0,0.0,0.0,11793.96959,0.0
4929,4911.36550401736,5169.85842528143,0.0,19607.1881352814,0.0
4930,28238.8255300311,24555.2314197313,0.0,37471.6048597313,0.0
4931,51566.2389011248,24555.2314197313,0.0,40570.4859397313,0.0
4932,74893.6056173917,24555.2314197313,0.0,39630.4714397313,0.0
4933,98220.9256789252,24555.2314197313,0.0,37867.2006897313,0.0
4934,98220.9256789252,0.206780896160605,0.0,13295.5647808962,0.0
4935,98220.9256789252,0.206780896160605,0.0,13207.6284508962,0.0
4936,84362.1300054949,0.0,13165.66927,0.0,0.0
4937,71126.7516707086,0.0,12573.44913,0.0,0.0
4938,59041.6647224684,0.0,11480.69746,0.0,0.0
4939,36485.1728291828,0.0,21428.5551194583,0.0,12035.6781984583
4940,25123.7565325213,0.0,10793.27616,0.0,0.0
4941,10726.7146639556,0.0,13677.14204,0.0,0.0
4942,0.0,0.0,10190.35855,0.0,0.0
4943,0.0,0.0,0.0,9252.488221,0.0
4944,0.0,0.0,0.0,13545.14001,0.0
4945,0.0,0.0,0.0,8434.204651,0.0
4946,0.0,0.0,0.0,5073.93385,0.0
4947,18327.9069552957,19292.5336371534,0.0,22613.9758171534,0.0
4948,18327.8702994818,0.0,0.0,7852.025689,0.0
4949,13611.5577479517,0.0,4480.462101,0.0,0.0
4950,6308.20758273095,0.0,6938.156795,0.0,0.0
4951,0.0,0.0,5992.785218,0.0,0.0
4952,0.0,0.0,0.0,5699.367285,0.0
4953,4911.36550401736,5169.85842528143,0.0,15489.8587852814,0.0
4954,28238.8255300311,24555.2314197313,0.0,37738.4028797313,0.0
4955,51566.2389011248,24555.2314197313,0.0,38524.8121197313,0.0
4956,74893.6056173917,24555.2314197313,0.0,37452.8379997313,0.0
4957,98220.9256789252,24555.2314197313,0.0,39203.4745697313,0.0
4958,98220.9256789252,0.206780896160605,0.0,8428.88457789616,0.0
4959,98220.9256789252,0.206780896160605,0.0,11842.0525708962,0.0
4960,87257.6296581265,0.0,10414.9446,0.0,0.0
4961,72617.5165428672,0.0,13907.94167,0.0,0.0
4962,58846.029170992,0.0,13082.77503,0.0,0.0
4963,38843.9096522599,0.0,19001.90173534,0.0,5525.97388534004
4964,27719.3300802301,0.0,10568.27679,0.0,0.0
4965,15768.1533889384,0.0,11353.56519,0.0,0.0
4966,0.0,0.0,14979.71576,0.0,0.0
4967,0.0,0.0,0.0,15912.74857,0.0
4968,0.0,0.0,0.0,15142.41196,0.0
4969,954.468093656686,1004.70325648072,0.0,13961.9251364807,0.0
4970,24281.9360334652,24555.2314197313,0.0,38467.1494197313,0.0
4971,47609.3573183379,24555.2314197313,0.0,38808.9381597313,0.0
4972,47609.2620996233,0.0,0.0,16604.52508,0.0
4973,30649.6002179412,0.0,16111.58833,0.0,0.0
4974,15422.5282661092,0.0,14465.66012,0.0,0.0
4975,0.0,0.0,14651.37255,0.0,0.0
4976,0.0,0.0,0.0,11661.5012,0.0
4977,4911.36550401736,5169.85842528143,0.0,12872.8066072814,0.0
4978,28238.8255300311,24555.2314197313,0.0,33715.2745387313,0.0
4979,51566.2389011248,24555.2314197313,0.0,35663.3992497313,0.0
4980,74893.6056173917,24555.2314197313,0.0,38612.1098197313,0.0
4981,98220.9256789252,24555.2314197313,0.0,35503.2563997313,0.0
4982,98220.9256789252,0.206780896160605,0.0,17526.5613708962,0.0
4983,98220.9256789252,0.206780896160605,0.0,15340.2319308962,0.0
4984,83093.1678581265,0.0,14371.18331,0.0,0.0
4985,69613.3498612644,0.0,12805.66922,0.0,0.0
4986,56128.1577398279,0.0,12810.80025,0.0,0.0
4987,37183.3624660317,0.0,17997.4488666067,0.0,5913.46544660667
4988,23397.7218466752,0.0,13096.28794,0.0,0.0
4989,13145.089427021,0.0,9739.956343,0.0,0.0
4990,0.0,0.0,12487.80998,0.0,0.0
4991,0.0,0.0,0.0,8707.353309,0.0
4992,0.0,0.0,0.0,5824.914952,0.0
4993,0.0,0.0,0.0,2240.51827,0.0
4994,0.0,0.0,0.0,1103.81106,0.0
4995,12680.692159066,13348.0970095432,0.0,21964.1375925432,0.0
4996,12680.6667976817,0.0,0.0,6842.146989,0.0
4997,5850.34934371654,0.0,6488.777488,0.0,0.0
4998,3182.56155775469,0.0,2534.387281,0.0,0.0
4999,0.0,0.0,3023.427433,0.0,0.0
5000,0.0,0.0,0.0,5148.762021,0.0
5001,4911.36550401736,5169.85842528143,0.0,14459.1640262814,0.0
5002,28238.8255300311,24555.2314197313,0.0,38248.8600197313,0.0
5003,51566.2389011248,24555.2314197313,0.0,37513.4965897313,0.0
5004,74893.6056173917,24555.2314197313,0.0,38725.3740097313,0.0
5005,98220.9256789252,24555.2314197313,0.0,33800.2770537313,0.0
5006,98220.9256789252,0.206780896160605,0.0,9802.24301289616,0.0
5007,98220.9256789252,0.206780896160605,0.0,12976.9816208962,0.0
5008,84485.3400054949,0.0,13048.61977,0.0,0.0
5009,68207.1088242886,0.0,15464.1591,0.0,0.0
5010,51507.8616627025,0.0,15864.15521,0.0,0.0
5011,36807.0260259266,0.0,13965.69599,0.0,0.0
5012,20363.8220329271,0.0,15620.97386,0.0,0.0
5013,3912.17644212518,0.0,15629.02462,0.0,0.0
5014,0.0,0.0,3716.56018688368,10994.4674631163,0.0
5015,0.0,0.0,0.0,12296.45094,0.0
5016,0.0,0.0,0.0,10069.55526,0.0
5017,0.0,0.0,0.0,7555.613787,0.0
5018,516.253491156557,543.424727533218,0.0,13861.0344175332,0.0
5019,23843.7223073943,24555.2314197313,0.0,36902.2220797313,0.0
5020,23843.6746199497,0.0,0.0,8784.750371,0.0
5021,14442.3312778636,0.0,8931.230872,0.0,0.0
5022,7220.81105635895,0.0,6860.41677,0.0,0.0
5023,0.0,0.0,6859.756784,0.0,0.0
5024,0.0,0.0,0.0,9615.218855,0.0
5025,4911.36550401736,5169.85842528143,0.0,19447.4190852814,0.0
5026,28238.8255300311,24555.2314197313,0.0,40371.3238197313,0.0
5027,51566.2389011248,24555.2314197313,0.0,45315.0229997313,0.0
5028,74893.6056173917,24555.2314197313,0.0,44864.1249497313,0.0
5029,98220.9256789252,24555.2314197313,0.0,41112.1772997313,0.0
5030,98220.9256789252,0.206780896160605,0.0,15729.3810308962,0.0
5031,98220.9256789252,0.206780896160605,0.0,16422.6440208962,0.0
5032,83527.5738265475,0.0,13958.49764,0.0,0.0
5033,72044.687076663,0.0,10908.58371,0.0,0.0
5034,60547.0349451836,0.0,10922.63264,0.0,0.0
5035,46204.0691937194,0.0,13625.7024245246,0.0,2438.02540452456
5036,32493.2518276863,0.0,13025.18871,0.0,0.0
5037,20704.8018622353,0.0,11198.96573,0.0,0.0
5038,0.0,0.0,19669.52243,0.0,0.0
5039,0.0,0.0,0.0,14793.25361,0.0
5040,0.0,0.0,0.0,13897.96273,0.0
5041,0.0,0.0,0.0,12973.18539,0.0
5042,433.510861937458,456.327223092061,0.0,17388.3588230921,0.0
5043,23760.9798436605,24555.2314197313,0.0,39453.0712897313,0.0
5044,23760.9323217008,0.0,0.0,12472.36753,0.0
5045,14512.9663008888,0.0,8785.522574,0.0,0.0
5046,5804.84650548248,0.0,8272.686231,0.0,0.0
5047,0.0,0.0,5514.593151,0.0,0.0
5048,0.0,0.0,0.0,10068.75243,0.0
5049,4911.36550401736,5169.85842528143,0.0,14436.6071112814,0.0
5050,28238.8255300311,24555.2314197313,0.0,34976.1887697313,0.0
5051,51566.2389011248,24555.2314197313,0.0,34560.0046497313,0.0
5052,74893.6056173917,24555.2314197313,0.0,36089.6132697313,0.0
5053,98220.9256789252,24555.2314197313,0.0,40094.0237197313,0.0
5054,98220.9256789252,0.206780896160605,0.0,15641.9506808962,0.0
5055,98220.9256789252,0.206780896160605,0.0,14896.4538608962,0.0
5056,80146.0105633896,0.0,17170.98274,0.0,0.0
5057,64465.525155579,0.0,14896.30886,0.0,0.0
5058,48337.9742982129,0.0,15321.05083,0.0,0.0
5059,34386.302243317,0.0,13253.99661,0.0,0.0
5060,22302.0779759756,0.0,11479.94772,0.0,0.0
5061,10373.8757612934,0.0,11331.74973,0.0,0.0
5062,0.0,0.0,9855.16226286477,4909.84223713523,0.0
5063,0.0,0.0,0.0,13794.33834,0.0
5064,0.0,0.0,0.0,11252.0682,0.0
5065,0.0,0.0,0.0,10748.87095,0.0
5066,19677.74120746,20713.4117973263,0.0,34887.6090273263,0.0
5067,43005.1717007223,24555.2314197313,0.0,40765.3799497313,0.0
5068,43005.0856903789,0.0,0.0,17713.71766,0.0
5069,27437.1149328391,0.0,14789.49051,0.0,0.0
5070,14318.7783217672,0.0,12462.36765,0.0,0.0
5071,0.0,0.0,13602.8122,0.0,0.0
5072,0.0,0.0,0.0,9337.076353,0.0
5073,4911.36550401736,5169.85842528143,0.0,16580.9620852814,0.0
5074,28238.8255300311,24555.2314197313,0.0,37493.3028497313,0.0
5075,51566.2389011248,24555.2314197313,0.0,36849.9250597313,0.0
5076,74893.6056173917,24555.2314197313,0.0,36029.9555797313,0.0
5077,98220.9256789252,24555.2314197313,0.0,35195.0961697313,0.0
5078,98220.9256789252,0.206780896160605,0.0,11591.9491008962,0.0
5079,98220.9256789252,0.206780896160605,0.0,9436.92103189616,0.0
5080,86337.7242791791,0.0,11288.85471,0.0,0.0
5081,71430.3533826779,0.0,14161.83831,0.0,0.0
5082,60355.0794377606,0.0,10521.37453,0.0,0.0
5083,38227.3360687817,0.0,21021.241525879,0.0,9488.421205879
5084,26394.4676456886,0.0,11241.15237,0.0,0.0
5085,12875.7450567533,0.0,12842.73631,0.0,0.0
5086,0.0,0.0,12231.93334,0.0,0.0
5087,0.0,0.0,0.0,10518.77464,0.0
5088,0.0,0.0,0.0,11116.39686,0.0
5089,0.0,0.0,0.0,9131.027997,0.0
5090,13008.1269183193,13692.7651771782,0.0,24753.5706371782,0.0
5091,36335.5707508102,24555.2314197313,0.0,35383.2685697313,0.0
5092,36335.4980796687,0.0,0.0,14261.15906,0.0
5093,23698.5038297251,0.0,12005.0755,0.0,0.0
5094,11353.2008432438,0.0,11727.99281,0.0,0.0
5095,0.0,0.0,10785.51923,0.0,0.0
5096,0.0,0.0,0.0,5952.616333,0.0
5097,4911.36550401736,5169.85842528143,0.0,18137.0290852814,0.0
5098,28238.8255300311,24555.2314197313,0.0,38334.9600897313,0.0
5099,51566.2389011248,24555.2314197313,0.0,37980.9095297313,0.0
5100,74893.6056173917,24555.2314197313,0.0,34767.5872697313,0.0
5101,98220.9256789252,24555.2314197313,0.0,33250.3855527313,0.0
5102,98220.9256789252,0.206780896160605,0.0,13888.8386408962,0.0
5103,98220.9256789252,0.206780896160605,0.0,10969.4880408962,0.0
5104,84859.1672054949,0.0,12693.48393,0.0,0.0
5105,71627.5752555815,0.0,12569.85112,0.0,0.0
5106,55127.9677583258,0.0,15674.49103,0.0,0.0
5107,37971.1599597036,0.0,16298.8626655523,0.0,2612.73712555234
5108,25621.4280173836,0.0,11732.1732,0.0,0.0
5109,10839.8953850539,0.0,14042.40732,0.0,0.0
5110,0.0,0.0,10297.88002,0.0,0.0
5111,0.0,0.0,0.0,6533.06953,0.0
5112,0.0,0.0,0.0,8868.990681,0.0
5113,0.0,0.0,0.0,7888.29,0.0
5114,0.0,0.0,0.0,7089.213841,0.0
5115,5281.69970720492,5559.68390232097,0.0,12235.654231321,0.0
5116,5281.6891438055,0.0,0.0,5561.759992,0.0
5117,2525.63564569037,0.0,2618.240788,0.0,0.0
5118,2525.63059441908,0.0,0.0,0.0,0.0
5119,0.0,0.0,2399.344266,0.0,0.0
5120,0.0,0.0,0.0,4212.892014,0.0
5121,4911.36550401736,5169.85842528143,0.0,11717.2680812814,0.0
5122,28238.8255300311,24555.2314197313,0.0,34298.7736237313,0.0
5123,51566.2389011248,24555.2314197313,0.0,33758.8067177313,0.0
5124,74893.6056173917,24555.2314197313,0.0,38670.3722797313,0.0
5125,98220.9256789252,24555.2314197313,0.0,42339.9924697313,0.0
5126,98220.9256789252,0.206780896160605,0.0,11722.2355308962,0.0
5127,98220.9256789252,0.206780896160605,0.0,10139.5044608962,0.0
5128,91580.0333591791,0.0,6308.661084,0.0,0.0
5129,80557.0399780598,0.0,10471.66971,0.0,0.0
5130,60860.6982841096,0.0,18711.3715508767,0.0,5752.08495087669
5131,35012.9645419433,0.0,24555.2314197313,0.0,12733.5457897313
5132,23508.8734949616,0.0,10928.81997,0.0,0.0
5133,10617.5546561619,0.0,12246.70823,0.0,0.0
5134,0.0,0.0,10086.65675,0.0,0.0
5135,0.0,0.0,0.0,10544.53325,0.0
5136,0.0,0.0,0.0,7941.127995,0.0
5137,0.0,0.0,0.0,5022.344455,0.0
5138,0.0,0.0,0.0,2898.441453,0.0
5139,22978.1490402131,24187.5253054874,0.0,26613.5568744874,0.0
5140,22978.103083915,0.0,0.0,2313.194404,0.0
5141,16429.4754666562,0.0,6221.152578,0.0,0.0
5142,9243.85262665262,0.0,6826.310482,0.0,0.0
5143,0.0,0.0,8781.642432,0.0,0.0
5144,0.0,0.0,0.0,14394.06902,0.0
5145,4911.36550401736,5169.85842528143,0.0,17223.9709152814,0.0
5146,28238.8255300311,24555.2314197313,0.0,41924.1458197313,0.0
5147,51566.2389011248,24555.2314197313,0.0,40741.3778097313,0.0
5148,74893.6056173917,24555.2314197313,0.0,40617.4949897313,0.0
5149,98220.9256789252,24555.2314197313,0.0,38439.3094097313,0.0
5150,98220.9256789252,0.206780896160605,0.0,14559.8739908962,0.0
5151,98220.9256789252,0.206780896160605,0.0,18632.0304308962,0.0
5152,85871.6441137401,0.0,11731.630867167,7704.53100283295,0.0
5153,66775.7324020308,0.0,18140.95297,0.0,0.0
5154,50349.009450566,0.0,15605.25993,0.0,0.0
5155,34702.1288578103,0.0,14864.4409,0.0,0.0
5156,17058.3552324999,0.0,16761.51901,0.0,0.0
5157,0.0,0.0,16205.40506,0.0,0.0
5158,0.0,0.0,0.0,16116.99488,0.0
5159,0.0,0.0,0.0,14057.38723,0.0
5160,0.0,0.0,0.0,12525.51721,0.0
5161,0.0,0.0,0.0,9576.297775,0.0
5162,9722.42940328178,10234.1362139808,0.0,19206.5523449808,0.0
5163,33049.8798071677,24555.2314197313,0.0,31237.3136827313,0.0
5164,33049.8137074081,0.0,0.0,10521.90373,0.0
5165,21299.8735130438,0.0,11162.38039,0.0,0.0
5166,10068.2273554021,0.0,10670.02338,0.0,0.0
5167,0.0,0.0,9564.796858,0.0,0.0
5168,0.0,0.0,0.0,9246.79528,0.0
5169,4911.36550401736,5169.85842528143,0.0,14167.5219862814,0.0
5170,28238.8255300311,24555.2314197313,0.0,37119.6375697313,0.0
5171,51566.2389011248,24555.2314197313,0.0,40407.9494697313,0.0
5172,74893.6056173917,24555.2314197313,0.0,39628.3934097313,0.0
5173,98220.9256789252,24555.2314197313,0.0,42168.0442697313,0.0
5174,98220.9256789252,0.206780896160605,0.0,16187.9828908962,0.0
5175,98220.9256789252,0.206780896160605,0.0,18276.5724308962,0.0
5176,85256.2888450684,0.0,12316.2183724052,3017.09670759482,0.0
5177,67333.9614377539,0.0,17026.04905,0.0,0.0
5178,48469.4436645678,0.0,17921.16395,0.0,0.0
5179,34513.7419677858,0.0,13257.82452,0.0,0.0
5180,16659.6246034597,0.0,16961.34592,0.0,0.0
5181,0.0,0.0,15826.61172,0.0,0.0
5182,0.0,0.0,0.0,10331.39867,0.0
5183,0.0,0.0,0.0,12406.38243,0.0
5184,0.0,0.0,0.0,14881.00923,0.0
5185,0.0,0.0,0.0,11390.55951,0.0
5186,0.0,0.0,0.0,10373.47833,0.0
5187,18475.8868031275,19448.301898029,0.0,28594.306538029,0.0
5188,18475.8498513539,0.0,0.0,4153.218148,0.0
5189,12362.5185828121,0.0,5807.629601,0.0,0.0
5190,8211.51906619603,0.0,3943.426052,0.0,0.0
5191,0.0,0.0,7800.927511,0.0,0.0
5192,0.0,0.0,0.0,9246.384255,0.0
5193,4911.36550401736,5169.85842528143,0.0,10179.5730732814,0.0
5194,28238.8255300311,24555.2314197313,0.0,33857.6274077313,0.0
5195,51566.2389011248,24555.2314197313,0.0,37032.0018397313,0.0
5196,74893.6056173917,24555.2314197313,0.0,40553.4334497313,0.0
5197,98220.9256789252,24555.2314197313,0.0,37707.4065797313,0.0
5198,98220.9256789252,0.206780896160605,0.0,13307.6386008962,0.0
5199,98220.9256789252,0.206780896160605,0.0,14545.6976608962,0.0
5200,83250.6184160212,0.0,14221.60528,0.0,0.0
5201,67380.2877463633,0.0,15076.65596,0.0,0.0
5202,54750.425859472,0.0,11998.24077,0.0,0.0
5203,39791.5811165151,0.0,14210.79848,0.0,0.0
5204,20749.2274596686,0.0,18090.16037,0.0,0.0
5205,2319.81127700318,0.0,17507.90595,0.0,0.0
5206,0.0,0.0,2203.8163055116,12395.2920144884,0.0
5207,0.0,0.0,0.0,15974.54767,0.0
5208,0.0,0.0,0.0,11868.8202,0.0
5209,0.0,0.0,0.0,8278.182803,0.0
5210,0.0,0.0,0.0,10206.86656,0.0
5211,11046.0913127016,11627.4645396858,0.0,19434.2542096858,0.0
5212,11046.0692205189,0.0,0.0,4160.5604,0.0
5213,8055.15546943312,0.0,2841.347076,0.0,0.0
5214,3757.45582754323,0.0,4082.799355,0.0,0.0
5215,0.0,0.0,3569.575897,0.0,0.0
5216,0.0,0.0,0.0,5273.58598,0.0
5217,4911.36550401736,5169.85842528143,0.0,13796.9971302814,0.0
5218,28238.8255300311,24555.2314197313,0.0,34109.1253387313,0.0
5219,51566.2389011248,24555.2314197313,0.0,38103.6424597313,0.0
5220,74893.6056173917,24555.2314197313,0.0,38509.8183097313,0.0
5221,98220.9256789252,24555.2314197313,0.0,42260.3802097313,0.0
5222,98220.9256789252,0.206780896160605,0.0,17849.9248808962,0.0
5223,98220.9256789252,0.206780896160605,0.0,19641.3439508962,0.0
5224,82168.6263318107,0.0,15249.49776,0.0,0.0
5225,68328.5568998212,0.0,13147.90984,0.0,0.0
5226,49329.733062582,0.0,18048.7528211191,0.0,3308.86693111913
5227,23482.0223823461,0.0,24555.2314197313,0.0,14427.3733797313
5228,16607.9527404066,0.0,6530.321544,0.0,0.0
5229,9729.61896765899,0.0,6534.385529,0.0,0.0
5230,0.0,0.0,9243.119533,0.0,0.0
5231,0.0,0.0,0.0,11250.47387,0.0
5232,0.0,0.0,0.0,11439.00397,0.0
5233,0.0,0.0,0.0,7356.221443,0.0
5234,0.0,0.0,0.0,12115.90709,0.0
5235,11568.1365120469,12176.9858021546,0.0,22566.8437521546,0.0
5236,11568.1133757739,0.0,0.0,9321.736612,0.0
5237,4276.10024691553,0.0,6927.390493,0.0,0.0
5238,2197.35751892556,0.0,1974.797467,0.0,0.0
5239,0.0,0.0,2087.485468,0.0,0.0
5240,0.0,0.0,0.0,991.62855,0.0
5241,4911.36550401736,5169.85842528143,0.0,8212.75941128143,0.0
5242,28238.8255300311,24555.2314197313,0.0,27868.9824387313,0.0
5243,51566.2389011248,24555.2314197313,0.0,32850.2747777313,0.0
5244,74893.6056173917,24555.2314197313,0.0,35389.0934197313,0.0
5245,98220.9256789252,24555.2314197313,0.0,37844.1767097313,0.0
5246,98220.9256789252,0.206780896160605,0.0,16681.4780708962,0.0
5247,98220.9256789252,0.206780896160605,0.0,12440.3188708962,0.0
5248,97785.5497180189,0.0,413.420543102226,12859.3006568978,0.0
5249,79728.9438311299,0.0,17153.5898,0.0,0.0
5250,65825.5849732423,0.0,13208.03943,0.0,0.0
5251,45529.3033641776,0.0,19281.34246,0.0,0.0
5252,25847.6637160972,0.0,18697.47116,0.0,0.0
5253,0.0,0.0,24555.2314197313,869.926800268706,0.0
5254,0.0,0.0,0.0,20864.73741,0.0
5255,0.0,0.0,0.0,19892.00616,0.0
5256,0.0,0.0,0.0,21226.60442,0.0
5257,0.0,0.0,0.0,18580.80793,0.0
5258,9378.7396883625,9872.35756669737,0.0,27262.9318266974,0.0
5259,32706.1907796279,24555.2314197313,0.0,42102.9047697313,0.0
5260,32706.1253672463,0.0,0.0,13585.45964,0.0
5261,19802.303302364,0.0,12258.56882,0.0,0.0
5262,10529.4050061784,0.0,8809.215757,0.0,0.0
5263,0.0,0.0,10002.91475,0.0,0.0
5264,0.0,0.0,0.0,14124.33724,0.0
5265,4911.36550401736,5169.85842528143,0.0,21157.9103652814,0.0
5266,28238.8255300311,24555.2314197313,0.0,41857.3067597313,0.0
5267,51566.2389011248,24555.2314197313,0.0,44712.9414897313,0.0
5268,74893.6056173917,24555.2314197313,0.0,45455.1106397313,0.0
5269,98220.9256789252,24555.2314197313,0.0,45361.9597597313,0.0
5270,98220.9256789252,0.206780896160605,0.0,20955.9703008962,0.0
5271,98220.9256789252,0.206780896160605,0.0,18466.9926608962,0.0
5272,98220.9256789252,0.206780896160605,0.0,19979.5056608962,0.0
5273,72373.117216304,0.0,24555.2314197313,91.6385902687034,0.0
5274,46525.3604492998,0.0,24555.2314197313,3944.7715302687,0.0
5275,25841.3313985789,0.0,19649.7392,0.0,0.0
5276,7865.85715802141,0.0,17076.65143,0.0,0.0
5277,0.0,0.0,7472.54935499174,9133.60839500826,0.0
5278,0.0,0.0,0.0,18776.81377,0.0
5279,0.0,0.0,0.0,18535.52569,0.0
5280,0.0,0.0,0.0,17471.71499,0.0
5281,0.0,0.0,0.0,18655.32883,0.0
5282,2918.85360716007,3072.47748122112,0.0,20464.1699412211,0.0
5283,26246.3176181976,24555.2314197313,0.0,41409.8433397313,0.0
5284,26246.2651255623,0.0,0.0,7601.060707,0.0
5285,15590.4763172426,0.0,10122.9495,0.0,0.0
5286,8716.56604892157,0.0,6530.185133,0.0,0.0
5287,0.0,0.0,8280.721185,0.0,0.0
5288,0.0,0.0,0.0,11620.30131,0.0
5289,4911.36550401736,5169.85842528143,0.0,15424.0928252814,0.0
5290,28238.8255300311,24555.2314197313,0.0,39860.7203697313,0.0
5291,51566.2389011248,24555.2314197313,0.0,37754.0476797313,0.0
5292,74893.6056173917,24555.2314197313,0.0,37586.0617397313,0.0
5293,98220.9256789252,24555.2314197313,0.0,39971.3216397313,0.0
5294,98220.9256789252,0.206780896160605,0.0,14519.8792808962,0.0
5295,98220.9256789252,0.206780896160605,0.0,14072.4028908962,0.0
5296,97790.9824014473,0.0,408.259493845169,15170.6060161548,0.0
5297,79882.7411563246,0.0,17012.64338,0.0,0.0
5298,59127.8868540002,0.0,19716.95981,0.0,0.0
5299,37685.8944508581,0.0,20369.78044,0.0,0.0
5300,20313.2188264376,0.0,16503.97024,0.0,0.0
5301,0.0,0.0,19297.51929,0.0,0.0
5302,0.0,0.0,0.0,17150.75923,0.0
5303,0.0,0.0,0.0,12331.12352,0.0
5304,0.0,0.0,0.0,11185.45737,0.0
5305,0.0,0.0,0.0,11259.15453,0.0
5306,2505.85822126447,2637.74549606786,0.0,11696.4777190679,0.0
5307,25833.3230582928,24555.2314197313,0.0,33463.5173497313,0.0
5308,25833.2713916466,0.0,0.0,8971.485012,0.0
5309,17737.6918777354,0.0,7690.751455,0.0,0.0
5310,7203.28110761485,0.0,10007.65653,0.0,0.0
5311,0.0,0.0,6843.103366,0.0,0.0
5312,0.0,0.0,0.0,10861.25748,0.0
5313,4911.36550401736,5169.85842528143,0.0,19587.6495052814,0.0
5314,28238.8255300311,24555.2314197313,0.0,35382.2315397313,0.0
5315,51566.2389011248,24555.2314197313,0.0,34631.9122697313,0.0
5316,74893.6056173917,24555.2314197313,0.0,43481.5029397313,0.0
5317,98220.9256789252,24555.2314197313,0.0,43836.4308397313,0.0
5318,98220.9256789252,0.206780896160605,0.0,17000.5702608962,0.0
5319,98220.9256789252,0.206780896160605,0.0,17400.9941808962,0.0
5320,79021.6731630116,0.0,18239.1032703591,929.414549640882,0.0
5321,63717.4428670337,0.0,14538.86864,0.0,0.0
5322,43262.3372742532,0.0,19432.22925,0.0,0.0
5323,26982.8661706313,0.0,15465.41535,0.0,0.0
5324,15002.4494891095,0.0,11381.34458,0.0,0.0
5325,0.0,0.0,14252.29851,0.0,0.0
5326,0.0,0.0,0.0,15756.61324,0.0
5327,0.0,0.0,0.0,15899.87398,0.0
5328,0.0,0.0,0.0,11211.90041,0.0
5329,0.0,0.0,0.0,8466.615721,0.0
5330,0.0,0.0,0.0,9823.932599,0.0
5331,17027.2064372325,17923.3751970868,0.0,27414.7802420868,0.0
5332,17027.1723828196,0.0,0.0,12446.36761,0.0
5333,9265.47276426429,0.0,7373.582286,0.0,0.0
5334,4864.55411963455,0.0,4180.855108,0.0,0.0
5335,0.0,0.0,4621.317171,0.0,0.0
5336,0.0,0.0,0.0,1844.749137,0.0
5337,4911.36550401736,5169.85842528143,0.0,11080.8873792814,0.0
5338,28238.8255300311,24555.2314197313,0.0,31306.0165497313,0.0
5339,51566.2389011248,24555.2314197313,0.0,32656.4410027313,0.0
5340,74893.6056173917,24555.2314197313,0.0,30498.2489027313,0.0
5341,98220.9256789252,24555.2314197313,0.0,33260.4388367313,0.0
5342,98220.9256789252,0.206780896160605,0.0,8784.34092189616,0.0
5343,98220.9256789252,0.206780896160605,0.0,9822.00045889616,0.0
5344,87990.9664886528,0.0,9718.274611,0.0,0.0
5345,75167.6444014566,0.0,12181.9888,0.0,0.0
5346,54029.8134531519,0.0,20080.7965823651,0.0,5836.18207236514
5347,28182.0933727552,0.0,24555.2314197313,0.0,13710.5772997313
5348,20197.6972464632,0.0,7585.122774,0.0,0.0
5349,10019.7448879108,0.0,9669.016365,0.0,0.0
5350,0.0,0.0,9518.738606,0.0,0.0
5351,0.0,0.0,0.0,9412.268776,0.0
5352,0.0,0.0,0.0,12613.22307,0.0
5353,0.0,0.0,0.0,10405.30308,0.0
5354,7611.11950975318,8011.70474710861,0.0,16768.6285551086,0.0
5355,30938.5741362589,24555.2314197313,0.0,32543.7476657313,0.0
5356,30938.5122591106,0.0,0.0,5778.368445,0.0
5357,22917.8972473493,0.0,7619.525478,0.0,0.0
5358,12413.6721220811,0.0,9978.970325,0.0,0.0
5359,0.0,0.0,11792.96493,0.0,0.0
5360,0.0,0.0,0.0,9934.424819,0.0
5361,4911.36550401736,5169.85842528143,0.0,17629.7934052814,0.0
5362,28238.8255300311,24555.2314197313,0.0,38823.5845297313,0.0
5363,51566.2389011248,24555.2314197313,0.0,36257.3482397313,0.0
5364,74893.6056173917,24555.2314197313,0.0,35439.3435697313,0.0
5365,98220.9256789252,24555.2314197313,0.0,34218.9963517313,0.0
5366,98220.9256789252,0.206780896160605,0.0,10957.3380308962,0.0
5367,98220.9256789252,0.206780896160605,0.0,13738.2084308962,0.0
5368,84445.1530160212,0.0,13086.79741,0.0,0.0
5369,68681.0629888731,0.0,14975.72508,0.0,0.0
5370,52504.7076109151,0.0,15367.4071150404,0.0,101.761895040439
5371,26656.9905807301,0.0,24555.2314197313,0.0,15605.1961137313
5372,16291.0538478015,0.0,9847.589248,0.0,0.0
5373,4972.84691832541,0.0,10752.26563,0.0,0.0
5374,0.0,0.0,4724.195124,0.0,0.0
5375,0.0,0.0,0.0,6770.983946,0.0
5376,0.0,0.0,0.0,10058.30982,0.0
5377,0.0,0.0,0.0,6820.161936,0.0
5378,0.0,0.0,0.0,2692.924488,0.0
5379,19321.4019344272,20338.3178257128,0.0,21549.1723417128,0.0
5380,19321.3632916233,0.0,0.0,4491.880632,0.0
5381,10755.3814446862,0.0,8137.646044,0.0,0.0
5382,4688.54060129173,0.0,5763.478366,0.0,0.0
5383,0.0,0.0,4454.104663,0.0,0.0
5384,0.0,0.0,0.0,6176.004549,0.0
5385,4911.36550401736,5169.85842528143,0.0,15454.6842252814,0.0
5386,28238.8255300311,24555.2314197313,0.0,32058.4616797313,0.0
5387,51566.2389011248,24555.2314197313,0.0,33962.4809137313,0.0
5388,74893.6056173917,24555.2314197313,0.0,36739.9878997313,0.0
5389,98220.9256789252,24555.2314197313,0.0,36806.5050097313,0.0
5390,98220.9256789252,0.206780896160605,0.0,5200.49190289616,0.0
5391,98220.7292370738,0.0,0.0,5624.786729,0.0
5392,95598.6348924575,0.0,2490.803008,0.0,0.0
5393,90844.1695562403,0.0,4516.560432,0.0,0.0
5394,64996.3758471314,0.0,24555.2314197313,0.0,21826.3698077313
5395,39148.63383361,0.0,24555.2314197313,0.0,21425.9889277313
5396,33828.4398479212,0.0,5054.109904,0.0,0.0
5397,24173.850126831,0.0,9171.795961,0.0,0.0
5398,13836.987801236,0.0,9819.973279,0.0,0.0
5399,4114.94278094464,0.0,9235.916479,0.0,0.0
5400,0.0,0.0,3909.18782350612,3649.58358149388,0.0
5401,0.0,0.0,0.0,5329.320554,0.0
5402,0.0,0.0,0.0,7118.775588,0.0
5403,4761.09661788795,5011.68065040837,0.0,11137.4258174084,0.0
5404,4761.08709569471,0.0,0.0,4622.713086,0.0
5405,3132.33063141526,0.0,1547.309595,0.0,0.0
5406,3132.324366754,0.0,0.0,0.0,0.0
5407,0.0,0.0,2975.702197,0.0,0.0
5408,0.0,0.0,0.0,5750.128071,0.0
5409,4911.36550401736,5169.85842528143,0.0,12052.8438762814,0.0
5410,28238.8255300311,24555.2314197313,0.0,28260.1157397313,0.0
5411,51566.2389011248,24555.2314197313,0.0,30295.2669947313,0.0
5412,74893.6056173917,24555.2314197313,0.0,31206.1520107313,0.0
5413,98220.9256789252,24555.2314197313,0.0,36283.4782397313,0.0
5414,98220.9256789252,0.206780896160605,0.0,11846.7994208962,0.0
5415,98220.9256789252,0.206780896160605,0.0,11391.0174708962,0.0
5416,84718.4705212844,0.0,12827.14578,0.0,0.0
5417,71177.1684948696,0.0,12864.07596,0.0,0.0
5418,59070.1464668484,0.0,11501.53569,0.0,0.0
5419,34309.0862213564,0.0,23522.8949999392,0.0,11117.0262699392
5420,25047.3611989734,0.0,8798.573584,0.0,0.0
5421,12815.2834095142,0.0,11620.42631,0.0,0.0
5422,0.0,0.0,12174.49489,0.0,0.0
5423,0.0,0.0,0.0,13070.00312,0.0
5424,0.0,0.0,0.0,15009.83127,0.0
5425,0.0,0.0,0.0,10451.38322,0.0
5426,0.0,0.0,0.0,12986.18552,0.0
5427,22999.6813195278,24210.1908626608,0.0,36251.0078126608,0.0
5428,22999.6353201651,0.0,0.0,9242.690907,0.0
5429,17311.0665503682,0.0,5404.096632,0.0,0.0
5430,8367.2754356035,0.0,8496.568668,0.0,0.0
5431,0.0,0.0,7948.895766,0.0,0.0
5432,0.0,0.0,0.0,10792.73257,0.0
5433,4911.36550401736,5169.85842528143,0.0,20541.0492552814,0.0
5434,28238.8255300311,24555.2314197313,0.0,41045.0866097313,0.0
5435,51566.2389011248,24555.2314197313,0.0,43207.3249197313,0.0
5436,74893.6056173917,24555.2314197313,0.0,39221.0758897313,0.0
5437,98220.9256789252,24555.2314197313,0.0,41786.7857897313,0.0
5438,98220.9256789252,0.206780896160605,0.0,19228.4089408962,0.0
5439,98220.9256789252,0.206780896160605,0.0,20078.8684708962,0.0
5440,98220.9256789252,0.206780896160605,0.0,16537.8493008962,0.0
5441,82084.2240581265,0.0,15329.67992,0.0,0.0
5442,61629.6686054678,0.0,19431.67172,0.0,0.0
5443,39504.5843671833,0.0,21018.71293,0.0,0.0
5444,19715.487873804,0.0,18799.56661,0.0,0.0
5445,0.0,0.0,18729.6760206868,1620.61067931316,0.0
5446,0.0,0.0,0.0,17650.71547,0.0
5447,0.0,0.0,0.0,15909.73512,0.0
5448,0.0,0.0,0.0,13572.54954,0.0
5449,0.0,0.0,0.0,11186.36013,0.0
5450,0.0,0.0,0.0,11828.58689,0.0
5451,15963.5090105344,16803.6936952993,0.0,28291.9916252993,0.0
5452,15963.4770835164,0.0,0.0,8239.063945,0.0
5453,9611.42654287797,0.0,6034.417683,0.0,0.0
5454,4310.53876107752,0.0,5035.825131,0.0,0.0
5455,0.0,0.0,4095.003633,0.0,0.0
5456,0.0,0.0,0.0,3323.551555,0.0
5457,4911.36550401736,5169.85842528143,0.0,6660.00886728143,0.0
5458,28238.8255300311,24555.2314197313,0.0,26504.3824127313,0.0
5459,51566.2389011248,24555.2314197313,0.0,28601.1863407313,0.0
5460,74893.6056173917,24555.2314197313,0.0,28738.7845787313,0.0
5461,98220.9256789252,24555.2314197313,0.0,31763.1332737313,0.0
5462,98220.9256789252,0.206780896160605,0.0,5479.38525189616,0.0
5463,98220.9256789252,0.206780896160605,0.0,8470.34242589616,0.0
5464,82832.8193844422,0.0,14618.51436,0.0,0.0
5465,70132.200403014,0.0,12065.43065,0.0,0.0
5466,59500.6337386132,0.0,10099.85508,0.0,0.0
5467,34970.3761529589,0.0,23303.6316551675,0.0,13973.5405081675
5468,24208.9713174697,0.0,10223.26815,0.0,0.0
5469,11565.5530258429,0.0,12011.20138,0.0,0.0
5470,0.0,0.0,10987.2534,0.0,0.0
5471,0.0,0.0,0.0,11524.24664,0.0
5472,0.0,0.0,0.0,10476.46199,0.0
5473,0.0,0.0,0.0,7477.160228,0.0
5474,0.0,0.0,0.0,5832.55445,0.0
5475,7328.08328926862,7713.77188344066,0.0,13001.2828624407,0.0
5476,7328.06863310205,0.0,0.0,3799.079938,0.0
5477,2734.60106328057,0.0,4363.780268,0.0,0.0
5478,762.565537236338,0.0,1873.428554,0.0,0.0
5479,0.0,0.0,724.4358115,0.0,0.0
5480,0.0,0.0,0.0,474.7267288,0.0
5481,4911.36550401736,5169.85842528143,0.0,10020.0834632814,0.0
5482,28238.8255300311,24555.2314197313,0.0,33298.2631087313,0.0
5483,51566.2389011248,24555.2314197313,0.0,37340.8725897313,0.0
5484,74893.6056173917,24555.2314197313,0.0,38203.6272597313,0.0
5485,98220.9256789252,24555.2314197313,0.0,39655.9887497313,0.0
5486,98220.9256789252,0.206780896160605,0.0,12022.8328908962,0.0
5487,98220.7292370738,0.0,0.0,11750.12485,0.0
5488,88013.0409114048,0.0,9697.11729,0.0,0.0
5489,80985.0625063757,0.0,6676.41226,0.0,0.0
5490,55137.2885154809,0.0,24555.2314197313,0.0,19347.8787147313
5491,29289.5662201341,0.0,24555.2314197313,0.0,18988.4975097313
5492,21232.4604336332,0.0,7654.194847,0.0,0.0
5493,12199.3641266071,0.0,8581.40115,0.0,0.0
5494,3090.36044787883,0.0,8653.530316,0.0,0.0
5495,0.0,0.0,2935.83655380004,8043.21356619996,0.0
5496,0.0,0.0,0.0,14234.7151,0.0
5497,0.0,0.0,0.0,10942.47886,0.0
5498,858.968100713211,904.176948119169,0.0,16665.5929881192,0.0
5499,24186.4362315217,24555.2314197313,0.0,39072.2562397313,0.0
5500,24186.3878586493,0.0,0.0,15501.3717,0.0
5501,14205.0991542946,0.0,9482.178315,0.0,0.0
5502,3853.10078935947,0.0,9834.371457,0.0,0.0
5503,0.0,0.0,3660.438429,0.0,0.0
5504,0.0,0.0,0.0,7749.17452,0.0
5505,4911.36550401736,5169.85842528143,0.0,15601.4473352814,0.0
5506,28238.8255300311,24555.2314197313,0.0,35350.2412697313,0.0
5507,51566.2389011248,24555.2314197313,0.0,38396.3959097313,0.0
5508,74893.6056173917,24555.2314197313,0.0,43675.0262297313,0.0
5509,98220.9256789252,24555.2314197313,0.0,42360.6783097313,0.0
5510,98220.9256789252,0.206780896160605,0.0,19809.8604808962,0.0
5511,98220.9256789252,0.206780896160605,0.0,20124.2090508962,0.0
5512,81699.6586360229,0.0,15695.0170709984,420.223769001643,0.0
5513,67567.6334261793,0.0,13425.26872,0.0,0.0
5514,51134.6734909125,0.0,15611.18356,0.0,0.0
5515,34398.0592320918,0.0,15899.68639,0.0,0.0
5516,14581.1445833418,0.0,18826.00356,0.0,0.0
5517,0.0,0.0,13852.05965,0.0,0.0
5518,0.0,0.0,0.0,15709.42433,0.0
5519,0.0,0.0,0.0,11100.66432,0.0
5520,0.0,0.0,0.0,9841.510122,0.0
5521,0.0,0.0,0.0,7741.770193,0.0
5522,2635.35472232059,2774.05760244273,0.0,15203.0195824427,0.0
5523,25962.8193003559,24555.2314197313,0.0,35916.4936997313,0.0
5524,25962.7673747173,0.0,0.0,7027.213699,0.0
5525,17245.9392576036,0.0,8280.937382,0.0,0.0
5526,9639.17832783034,0.0,7226.390116,0.0,0.0
5527,0.0,0.0,9157.201097,0.0,0.0
5528,0.0,0.0,0.0,9727.638522,0.0
5529,4911.36550401736,5169.85842528143,0.0,16837.4777552814,0.0
5530,28238.8255300311,24555.2314197313,0.0,36139.2210097313,0.0
5531,51566.2389011248,24555.2314197313,0.0,36388.7768797313,0.0
5532,74893.6056173917,24555.2314197313,0.0,40746.6555497313,0.0
5533,98220.9256789252,24555.2314197313,0.0,38805.9016097313,0.0
5534,98220.9256789252,0.206780896160605,0.0,13792.6105408962,0.0
5535,98220.9256789252,0.206780896160605,0.0,14933.9507808962,0.0
5536,82714.6921875807,0.0,14730.7351970185,1393.97602298154,0.0
5537,67682.63774767,0.0,14280.29456,0.0,0.0
5538,49245.7156771314,0.0,17514.94737,0.0,0.0
5539,30803.5683857,0.0,17519.94636,0.0,0.0
5540,13778.7553154054,0.0,16173.51389,0.0,0.0
5541,0.0,0.0,13089.79137,0.0,0.0
5542,0.0,0.0,0.0,15420.86255,0.0
5543,0.0,0.0,0.0,12234.02633,0.0
5544,0.0,0.0,0.0,14107.33351,0.0
5545,0.0,0.0,0.0,12481.9119,0.0
5546,44.3070401727122,46.6389896554865,0.0,11754.1840496555,0.0
5547,23371.7768003033,24555.2314197313,0.0,34945.5488397313,0.0
5548,23371.7300567497,0.0,0.0,5566.606085,0.0
5549,18179.8325859212,0.0,4932.258191,0.0,0.0
5550,8908.39118309815,0.0,8807.834791,0.0,0.0
5551,0.0,0.0,8462.954698,0.0,0.0
5552,0.0,0.0,0.0,7958.67252,0.0
5553,4911.36550401736,5169.85842528143,0.0,14265.0930842814,0.0
5554,28238.8255300311,24555.2314197313,0.0,32978.9443977313,0.0
5555,51566.2389011248,24555.2314197313,0.0,33857.2704137313,0.0
5556,74893.6056173917,24555.2314197313,0.0,35473.2991797313,0.0
5557,98220.9256789252,24555.2314197313,0.0,38296.1534697313,0.0
5558,98220.9256789252,0.206780896160605,0.0,19657.9737008962,0.0
5559,98220.9256789252,0.206780896160605,0.0,16245.8775708962,0.0
5560,81861.6629633896,0.0,15541.11296,0.0,0.0
5561,63484.35265059,0.0,17458.28926,0.0,0.0
5562,46926.3543134637,0.0,15729.9778,0.0,0.0
5563,30915.5834186498,0.0,15210.14319,0.0,0.0
5564,16757.3515664303,0.0,13450.26152,0.0,0.0
5565,3724.95565172717,0.0,12380.74428,0.0,0.0
5566,0.0,0.0,3538.70079172507,6809.25448827493,0.0
5567,0.0,0.0,0.0,10536.69802,0.0
5568,0.0,0.0,0.0,12502.4835,0.0
5569,0.0,0.0,0.0,10187.81983,0.0
5570,12785.589489167,13458.5152517548,0.0,25235.6359217548,0.0
5571,36113.0337667328,24555.2314197313,0.0,41362.2369997313,0.0
5572,36112.9615406653,0.0,0.0,12455.28843,0.0
5573,22620.4998200053,0.0,12817.77002,0.0,0.0
5574,15038.4502137425,0.0,7202.904147,0.0,0.0
5575,0.0,0.0,14286.49913,0.0,0.0
5576,0.0,0.0,0.0,16145.444,0.0
5577,4911.36550401736,5169.85842528143,0.0,17330.0868952814,0.0
5578,28238.8255300311,24555.2314197313,0.0,33479.2026517313,0.0
5579,51566.2389011248,24555.2314197313,0.0,37985.9409197313,0.0
5580,74893.6056173917,24555.2314197313,0.0,40217.5276897313,0.0
5581,98220.9256789252,24555.2314197313,0.0,39615.4693397313,0.0
5582,98220.9256789252,0.206780896160605,0.0,16461.9936808962,0.0
5583,98220.9256789252,0.206780896160605,0.0,20011.6802508962,0.0
5584,95286.5050367299,0.0,2787.51299032672,13616.9447996733,0.0
5585,71891.2254005619,0.0,22225.33461,0.0,0.0
5586,48685.0976602164,0.0,22045.68476,0.0,0.0
5587,31002.0247742316,0.0,16798.82674,0.0,0.0
5588,14416.6699807084,0.0,15756.02815,0.0,0.0
5589,0.0,0.0,13695.80909,0.0,0.0
5590,0.0,0.0,0.0,11803.49161,0.0
5591,0.0,0.0,0.0,8628.097418,0.0
5592,0.0,0.0,0.0,7405.748239,0.0
5593,0.0,0.0,0.0,7063.380888,0.0
5594,8157.16637279274,8586.4909187292,0.0,18530.7844547292,0.0
5595,31484.6199072047,24555.2314197313,0.0,35487.1960997313,0.0
5596,31484.5569379649,0.0,0.0,11736.67541,0.0
5597,18352.5008530616,0.0,12475.39346,0.0,0.0
5598,10336.1351943756,0.0,7615.512506,0.0,0.0
5599,0.0,0.0,9819.308796,0.0,0.0
5600,0.0,0.0,0.0,11711.66813,0.0
5601,4911.36550401736,5169.85842528143,0.0,20377.1033252814,0.0
5602,28238.8255300311,24555.2314197313,0.0,42277.0274497313,0.0
5603,51566.2389011248,24555.2314197313,0.0,43053.7514897313,0.0
5604,74893.6056173917,24555.2314197313,0.0,37450.0709997313,0.0
5605,98220.9256789252,24555.2314197313,0.0,39913.4736497313,0.0
5606,98220.9256789252,0.206780896160605,0.0,17048.3012008962,0.0
5607,98220.9256789252,0.206780896160605,0.0,17524.4797908962,0.0
5608,85800.0797880759,0.0,11799.6169765481,6209.17973345193,0.0
5609,68499.0796300215,0.0,16435.78713,0.0,0.0
5610,50875.2145265991,0.0,16742.5417,0.0,0.0
5611,33759.1768814332,0.0,16260.1391,0.0,0.0
5612,15671.0134262374,0.0,17183.69114,0.0,0.0
5613,0.0,0.0,14887.43298,0.0,0.0
5614,0.0,0.0,0.0,14810.38851,0.0
5615,0.0,0.0,0.0,14182.00277,0.0
5616,0.0,0.0,0.0,15561.68042,0.0
5617,0.0,0.0,0.0,9035.986318,0.0
5618,0.0,0.0,0.0,7075.276301,0.0
5619,22508.514020742,23693.1726534126,0.0,32803.4841044126,0.0
5620,22508.469003714,0.0,0.0,5943.16284,0.0
5621,15315.5698267759,0.0,6833.211452,0.0,0.0
5622,6448.34446300472,0.0,8423.834996,0.0,0.0
5623,0.0,0.0,6125.914988,0.0,0.0
5624,0.0,0.0,0.0,9956.564688,0.0
5625,4911.36550401736,5169.85842528143,0.0,13181.9084742814,0.0
5626,28238.8255300311,24555.2314197313,0.0,36775.5299797313,0.0
5627,51566.2389011248,24555.2314197313,0.0,41071.3153197313,0.0
5628,74893.6056173917,24555.2314197313,0.0,38564.0867997313,0.0
5629,98220.9256789252,24555.2314197313,0.0,38381.5002997313,0.0
5630,98220.9256789252,0.206780896160605,0.0,14929.5811608962,0.0
5631,98220.9256789252,0.206780896160605,0.0,14668.2110208962,0.0
5632,85861.4765739159,0.0,11741.29003,0.0,0.0
5633,75119.0641035944,0.0,10205.12871,0.0,0.0
5634,60431.152760203,0.0,13953.37305,0.0,0.0
5635,39574.6399994495,0.0,19813.5723035256,0.0,8524.14433352564
5636,29026.3480080642,0.0,10020.8022,0.0,0.0
5637,14351.3683027366,0.0,13941.17557,0.0,0.0
5638,0.0,0.0,13633.77262,0.0,0.0
5639,0.0,0.0,0.0,15827.50812,0.0
5640,0.0,0.0,0.0,18028.82564,0.0
5641,0.0,0.0,0.0,13416.18363,0.0
5642,0.0,0.0,0.0,14640.3967,0.0
5643,22928.5020320401,24135.2652968843,0.0,39670.3555668843,0.0
5644,22928.456175036,0.0,0.0,8643.945327,0.0
5645,13462.9403528605,0.0,8992.196467,0.0,0.0
5646,5035.06885119033,0.0,8006.452347,0.0,0.0
5647,0.0,0.0,4783.305842,0.0,0.0
5648,0.0,0.0,0.0,7897.6953,0.0
5649,4911.36550401736,5169.85842528143,0.0,16819.9499952814,0.0
5650,28238.8255300311,24555.2314197313,0.0,40056.5501697313,0.0
5651,51566.2389011248,24555.2314197313,0.0,37651.7308997313,0.0
5652,74893.6056173917,24555.2314197313,0.0,37339.5050497313,0.0
5653,98220.9256789252,24555.2314197313,0.0,33401.5341607313,0.0
5654,98220.9256789252,0.206780896160605,0.0,6634.80233489616,0.0
5655,98220.9256789252,0.206780896160605,0.0,3683.94874389616,0.0
5656,90097.9382033896,0.0,7716.651482,0.0,0.0
5657,81460.0544464606,0.0,8205.818383,0.0,0.0
5658,61106.1582579858,0.0,19336.0466049476,0.0,10430.2124089476
5659,35258.4240248995,0.0,24555.2314197313,0.0,16653.4287707313
5660,26867.7836596304,0.0,7971.041356,0.0,0.0
5661,14514.6631030104,0.0,11735.41348,0.0,0.0
5662,0.0,0.0,13788.90237,0.0,0.0
5663,0.0,0.0,0.0,12579.14857,0.0
5664,0.0,0.0,0.0,13452.6047,0.0
5665,0.0,0.0,0.0,4430.934016,0.0
5666,2059.55262167919,2167.95012808336,0.0,4745.95545508336,0.0
5667,25387.0183513187,24555.2314197313,0.0,25834.6289607313,0.0
5668,25386.967577282,0.0,0.0,2841.373092,0.0
5669,17007.8876633468,0.0,7960.077683,0.0,0.0
5670,8709.57522125571,0.0,7883.364505,0.0,0.0
5671,0.0,0.0,8274.079912,0.0,0.0
5672,0.0,0.0,0.0,11226.80326,0.0
5673,4911.36550401736,5169.85842528143,0.0,17747.5468552814,0.0
5674,28238.8255300311,24555.2314197313,0.0,37022.7998097313,0.0
5675,51566.2389011248,24555.2314197313,0.0,35915.1539497313,0.0
5676,74893.6056173917,24555.2314197313,0.0,41715.4769997313,0.0
5677,98220.9256789252,24555.2314197313,0.0,42447.5367397313,0.0
5678,98220.9256789252,0.206780896160605,0.0,16651.4757208962,0.0
5679,98220.7292370738,0.0,0.0,13966.66412,0.0
5680,85131.5450061417,0.0,12434.5384,0.0,0.0
5681,71245.1612693675,0.0,13191.9028,0.0,0.0
5682,45397.4067582751,0.0,24555.2314197313,0.0,12976.9534997313
5683,19549.7039426918,0.0,24555.2314197313,0.0,13073.2450397313
5684,16323.4645474945,0.0,3064.890281,0.0,0.0
5685,11954.3564121443,0.0,4150.621714,0.0,0.0
5686,6592.06814448414,0.0,5094.151141,0.0,0.0
5687,4716.8573319268,0.0,1781.437747,0.0,0.0
5688,0.0,0.0,4481.00550330153,4434.85716769847,0.0
5689,0.0,0.0,0.0,4881.988927,0.0
5690,0.0,0.0,0.0,2509.156631,0.0
5691,15678.4739589126,16503.6567988554,0.0,21056.7304308554,0.0
5692,15678.4426019647,0.0,0.0,4569.492464,0.0
5693,11593.9744324479,0.0,3880.214972,0.0,0.0
5694,8023.3021687096,0.0,3392.116622,0.0,0.0
5695,0.0,0.0,7622.121816,0.0,0.0
5696,0.0,0.0,0.0,8324.589077,0.0
5697,4911.36550401736,5169.85842528143,0.0,10202.9739772814,0.0
5698,28238.8255300311,24555.2314197313,0.0,24632.5846559513,0.0
5699,51566.2389011248,24555.2314197313,0.0,27291.7502977313,0.0
5700,74893.6056173917,24555.2314197313,0.0,29994.3197257313,0.0
5701,98220.9256789252,24555.2314197313,0.0,31393.1493297313,0.0
5702,98220.9256789252,0.206780896160605,0.0,12746.6179908962,0.0
5703,98220.9256789252,0.206780896160605,0.0,15397.1108108962,0.0
5704,98220.9256789252,0.206780896160605,0.0,20696.5351108962,0.0
5705,77229.8809528633,0.0,19941.30587,0.0,0.0
5706,56687.4922404698,0.0,19515.12254,0.0,0.0
5707,35799.003286538,0.0,19843.9568,0.0,0.0
5708,14218.9361832682,0.0,20500.99573,0.0,0.0
5709,0.0,0.0,13507.9623581261,6994.02283187392,0.0
5710,0.0,0.0,0.0,16399.11872,0.0
5711,0.0,0.0,0.0,15718.79806,0.0
5712,0.0,0.0,0.0,19349.83856,0.0
5713,0.0,0.0,0.0,18440.16892,0.0
5714,8265.24934475366,8700.26246816175,0.0,25047.7864481617,0.0
5715,31592.7026629997,24555.2314197313,0.0,40407.7430497313,0.0
5716,31592.6394775944,0.0,0.0,12943.87576,0.0
5717,20355.7519554733,0.0,10674.98312,0.0,0.0
5718,8454.0899702852,0.0,11306.54021,0.0,0.0
5719,0.0,0.0,8031.369409,0.0,0.0
5720,0.0,0.0,0.0,6502.411179,0.0
5721,4911.36550401736,5169.85842528143,0.0,11842.4303962814,0.0
5722,28238.8255300311,24555.2314197313,0.0,33026.4383257313,0.0
5723,51566.2389011248,24555.2314197313,0.0,33377.1176567313,0.0
5724,74893.6056173917,24555.2314197313,0.0,32628.8499577313,0.0
5725,98220.9256789252,24555.2314197313,0.0,35261.6235097313,0.0
5726,98220.9256789252,0.206780896160605,0.0,10440.8888908962,0.0
5727,98220.9256789252,0.206780896160605,0.0,7597.04876889616,0.0
5728,91239.7618718107,0.0,6631.918997,0.0,0.0
5729,84870.9741301817,0.0,6050.174999,0.0,0.0
5730,75623.523529286,0.0,8784.916816,0.0,0.0
5731,53275.5187873495,0.0,21230.460820145,0.0,6774.54101014499
5732,34227.4755836804,0.0,18095.53982,0.0,0.0
5733,17238.0488234661,0.0,16139.89039,0.0,0.0
5734,0.0,0.0,16376.11363,0.0,0.0
5735,0.0,0.0,0.0,10396.56834,0.0
5736,0.0,0.0,0.0,11813.41988,0.0
5737,0.0,0.0,0.0,11419.65913,0.0
5738,17882.3693699057,18823.5467051639,0.0,31628.5448851639,0.0
5739,41209.8034539117,24555.2314197313,0.0,38264.6313297313,0.0
5740,41209.7210343048,0.0,0.0,14530.80098,0.0
5741,26854.9836990733,0.0,13636.92217,0.0,0.0
5742,11784.0266206848,0.0,14317.3582,0.0,0.0
5743,0.0,0.0,11194.8029,0.0,0.0
5744,0.0,0.0,0.0,5052.104818,0.0
5745,4911.36550401736,5169.85842528143,0.0,12687.8016292814,0.0
5746,28238.8255300311,24555.2314197313,0.0,30632.5131547313,0.0
5747,51566.2389011248,24555.2314197313,0.0,32614.4041097313,0.0
5748,74893.6056173917,24555.2314197313,0.0,33990.5293207313,0.0
5749,98220.9256789252,24555.2314197313,0.0,33380.6941177313,0.0
5750,98220.9256789252,0.206780896160605,0.0,8005.53136289616,0.0
5751,98220.7292370738,0.0,0.0,10146.44232,0.0
5752,88152.420276668,0.0,9564.706893,0.0,0.0
5753,76845.5530981432,0.0,10741.35633,0.0,0.0
5754,50997.7873862672,0.0,24555.2314197313,0.0,11505.6605297313
5755,25150.0733699227,0.0,24555.2314197313,0.0,11208.8102397313
5756,13921.3396171444,0.0,10667.24928,0.0,0.0
5757,7964.5254997283,0.0,5658.946961,0.0,0.0
5758,1330.70655278257,0.0,6302.112867,0.0,0.0
5759,0.0,0.0,1264.16869680099,6110.54935119901,0.0
5760,0.0,0.0,0.0,11353.8866,0.0
5761,0.0,0.0,0.0,6336.364594,0.0
5762,0.0,0.0,0.0,4926.253671,0.0
5763,8896.92393915457,9365.18309384692,0.0,10839.8980098469,0.0
5764,8896.90614530669,0.0,0.0,806.7547192,0.0
5765,6335.4787114944,0.0,2433.339158,0.0,0.0
5766,2003.42638369487,0.0,4115.437674,0.0,0.0
5767,0.0,0.0,1903.251258,0.0,0.0
5768,0.0,0.0,0.0,3423.042291,0.0
5769,4911.36550401736,5169.85842528143,0.0,11868.8619992814,0.0
5770,28238.8255300311,24555.2314197313,0.0,28163.0151897313,0.0
5771,51566.2389011248,24555.2314197313,0.0,26941.0323917313,0.0
5772,74893.6056173917,24555.2314197313,0.0,27997.2341957313,0.0
5773,98220.9256789252,24555.2314197313,0.0,25522.9140374313,0.0
5774,98220.9256789252,0.206780896160605,0.0,7720.01618789616,0.0
5775,98220.9256789252,0.206780896160605,0.0,8058.55671589616,0.0
5776,90774.5071297054,0.0,7073.911002,0.0,0.0
5777,80750.5919701648,0.0,9522.54693,0.0,0.0
5778,62717.5999111571,0.0,17131.1890299326,0.0,9770.66990093258
5779,36869.8624551875,0.0,24555.2314197313,0.0,18665.1032947313
5780,28015.6163133574,0.0,8411.463782,0.0,0.0
5781,15288.4307873879,0.0,12090.77302,0.0,0.0
5782,0.0,0.0,14523.9802,0.0,0.0
5783,0.0,0.0,0.0,10684.40076,0.0
5784,0.0,0.0,0.0,12943.52158,0.0
5785,0.0,0.0,0.0,12025.96822,0.0
5786,17218.4434923492,18124.6773603676,0.0,28378.0500403676,0.0
5787,40545.878904207,24555.2314197313,0.0,34298.8889117313,0.0
5788,40545.7978124492,0.0,0.0,13881.28112,0.0
5789,25402.7630998009,0.0,14385.80594,0.0,0.0
5790,13668.1899890116,0.0,11147.79619,0.0,0.0
5791,0.0,0.0,12984.75452,0.0,0.0
5792,0.0,0.0,0.0,15202.78853,0.0
5793,4911.36550401736,5169.85842528143,0.0,21847.7432252814,0.0
5794,28238.8255300311,24555.2314197313,0.0,39747.7375897313,0.0
5795,51566.2389011248,24555.2314197313,0.0,42534.8559497313,0.0
5796,74893.6056173917,24555.2314197313,0.0,43951.0617197313,0.0
5797,98220.9256789252,24555.2314197313,0.0,43798.0067597313,0.0
5798,98220.9256789252,0.206780896160605,0.0,15275.6040608962,0.0
5799,98220.9256789252,0.206780896160605,0.0,17378.4738008962,0.0
5800,94623.0668427259,0.0,3417.77927463051,12912.4940453695,0.0
5801,73237.9052913291,0.0,20315.72369,0.0,0.0
5802,56060.7482470975,0.0,16318.16004,0.0,0.0
5803,36307.9293466536,0.0,18765.07144,0.0,0.0
5804,16281.1869307949,0.0,19025.33631,0.0,0.0
5805,0.0,0.0,15467.09665,0.0,0.0
5806,0.0,0.0,0.0,15991.33442,0.0
5807,0.0,0.0,0.0,11920.31592,0.0
5808,0.0,0.0,0.0,14876.62958,0.0
5809,0.0,0.0,0.0,9624.218331,0.0
5810,25.7669580712246,27.1231137591838,0.0,7831.09002575918,0.0
5811,23353.236755282,24555.2314197313,0.0,29327.1324697313,0.0
5812,23353.1900488085,0.0,0.0,8626.732177,0.0
5813,15846.0854371653,0.0,7131.70501,0.0,0.0
5814,10678.2866723628,0.0,4909.378719,0.0,0.0
5815,0.0,0.0,10144.35205,0.0,0.0
5816,0.0,0.0,0.0,9437.099563,0.0
5817,4911.36550401736,5169.85842528143,0.0,16320.1721352814,0.0
5818,28238.8255300311,24555.2314197313,0.0,38760.6959697313,0.0
5819,51566.2389011248,24555.2314197313,0.0,39215.1981397313,0.0
5820,74893.6056173917,24555.2314197313,0.0,32738.4957047313,0.0
5821,98220.9256789252,24555.2314197313,0.0,35300.2787797313,0.0
5822,98220.9256789252,0.206780896160605,0.0,11760.5151508962,0.0
5823,98220.9256789252,0.206780896160605,0.0,13017.1015808962,0.0
5824,85313.4741844423,0.0,12261.8923,0.0,0.0
5825,72849.8974838097,0.0,11840.23577,0.0,0.0
5826,64353.8695124358,0.0,8071.088158,0.0,0.0
5827,42674.8964340102,0.0,20594.9021521522,0.0,10222.3429421522
5828,29146.5098315858,0.0,12851.88619,0.0,0.0
5829,15979.8093701451,0.0,12508.31006,0.0,0.0
5830,0.0,0.0,15180.78854,0.0,0.0
5831,0.0,0.0,0.0,14691.12008,0.0
5832,0.0,0.0,0.0,8853.261763,0.0
5833,0.0,0.0,0.0,7164.343863,0.0
5834,1720.46747198241,1811.01839156043,0.0,16351.4176115604,0.0
5835,25047.9338797922,24555.2314197313,0.0,38639.9444297313,0.0
5836,25047.8837839244,0.0,0.0,6881.975241,0.0
5837,17559.7798586832,0.0,7113.651138,0.0,0.0
5838,10150.6143685972,0.0,7038.673852,0.0,0.0
5839,0.0,0.0,9643.064364,0.0,0.0
5840,0.0,0.0,0.0,12634.06328,0.0
5841,4911.36550401736,5169.85842528143,0.0,19492.0454852814,0.0
5842,28238.8255300311,24555.2314197313,0.0,37648.9229297313,0.0
5843,51566.2389011248,24555.2314197313,0.0,34290.9292287313,0.0
5844,74893.6056173917,24555.2314197313,0.0,31429.3900387313,0.0
5845,98220.9256789252,24555.2314197313,0.0,32232.7640127313,0.0
5846,98220.9256789252,0.206780896160605,0.0,7240.59386089616,0.0
5847,98220.9256789252,0.206780896160605,0.0,7319.34494989616,0.0
5848,91151.9279202317,0.0,6715.361251,0.0,0.0
5849,86290.0325974285,0.0,4618.627368,0.0,0.0
5850,73498.9464278896,0.0,12151.36791,0.0,0.0
5851,54510.5631333709,0.0,18038.8244817946,0.0,65.2728217946424
5852,35993.4439964551,0.0,17591.15961,0.0,0.0
5853,15436.3625148303,0.0,19529.15902,0.0,0.0
5854,0.0,0.0,14664.51506,0.0,0.0
5855,0.0,0.0,0.0,13922.04071,0.0
5856,0.0,0.0,0.0,10038.05863,0.0
5857,0.0,0.0,0.0,7344.293963,0.0
5858,6278.6551026816,6609.11063440169,0.0,17392.6690344017,0.0
5859,29606.1123941161,24555.2314197313,0.0,36183.4190797313,0.0
5860,29606.0531818913,0.0,0.0,8624.708222,0.0
5861,21379.2738161008,0.0,7815.384146,0.0,0.0
5862,11452.4607786058,0.0,9430.431765,0.0,0.0
5863,0.0,0.0,10879.81598,0.0,0.0
5864,0.0,0.0,0.0,13549.76606,0.0
5865,4911.36550401736,5169.85842528143,0.0,23134.4089152814,0.0
5866,28238.8255300311,24555.2314197313,0.0,45801.5471897313,0.0
5867,51566.2389011248,24555.2314197313,0.0,45852.5892697313,0.0
5868,74893.6056173917,24555.2314197313,0.0,46801.1578397313,0.0
5869,98220.9256789252,24555.2314197313,0.0,46610.2960197313,0.0
5870,98220.9256789252,0.206780896160605,0.0,20542.9556308962,0.0
5871,98220.9256789252,0.206780896160605,0.0,18960.6150508962,0.0
5872,82490.0169528633,0.0,14944.17667,0.0,0.0
5873,68315.1737623031,0.0,13465.9443,0.0,0.0
5874,52975.8933530082,0.0,14572.18659,0.0,0.0
5875,38110.5829380636,0.0,14121.94424,0.0,0.0
5876,23905.9511063714,0.0,13494.32783,0.0,0.0
5877,10752.3700944692,0.0,12495.85654,0.0,0.0
5878,0.0,0.0,10214.7311602425,560.878059757455,0.0
5879,0.0,0.0,0.0,11280.51807,0.0
5880,0.0,0.0,0.0,5812.092469,0.0
5881,0.0,0.0,0.0,6200.57636,0.0
5882,0.0,0.0,0.0,4269.017755,0.0
5883,1743.73558200497,1835.5111389526,0.0,6440.2734799526,0.0
5884,1743.73209453381,0.0,0.0,729.833539,0.0
5885,1435.79796843804,0.0,292.5341067,0.0,0.0
5886,0.0,0.0,1364.005342,0.0,0.0
5887,0.0,0.0,0.0,0.0,0.0
5888,0.0,0.0,0.0,3474.471716,0.0
5889,4911.36550401736,5169.85842528143,0.0,6695.62113028143,0.0
5890,28238.8255300311,24555.2314197313,0.0,29852.0371757313,0.0
5891,51566.2389011248,24555.2314197313,0.0,30532.8101687313,0.0
5892,74893.6056173917,24555.2314197313,0.0,28846.4302267313,0.0
5893,98220.9256789252,24555.2314197313,0.0,31562.4325057313,0.0
5894,98220.9256789252,0.206780896160605,0.0,10537.3773408962,0.0
5895,98220.9256789252,0.206780896160605,0.0,11394.7974908962,0.0
5896,86735.5833824138,0.0,10910.888561927,1976.33625807298,0.0
5897,73382.3487533523,0.0,12685.4081,0.0,0.0
5898,58070.9805991811,0.0,14545.66032,0.0,0.0
5899,36110.8274782725,0.0,20862.03513,0.0,0.0
5900,16080.9403724071,0.0,19028.32414,0.0,0.0
5901,0.0,0.0,15276.8628,0.0,0.0
5902,0.0,0.0,0.0,14160.1817,0.0
5903,0.0,0.0,0.0,14959.42946,0.0
5904,0.0,0.0,0.0,9264.31177,0.0
5905,0.0,0.0,0.0,5766.70515,0.0
5906,12836.3410346741,13511.9379312359,0.0,19600.5993132359,0.0
5907,36163.7852107368,24555.2314197313,0.0,31009.8222927313,0.0
5908,36163.7128831664,0.0,0.0,10296.93371,0.0
5909,23200.6730399511,0.0,12314.81914,0.0,0.0
5910,11856.1446280787,0.0,10777.25791,0.0,0.0
5911,0.0,0.0,11263.31487,0.0,0.0
5912,0.0,0.0,0.0,12475.58822,0.0
5913,4911.36550401736,5169.85842528143,0.0,18432.5623652814,0.0
5914,28238.8255300311,24555.2314197313,0.0,38861.4054297313,0.0
5915,51566.2389011248,24555.2314197313,0.0,37838.7214797313,0.0
5916,74893.6056173917,24555.2314197313,0.0,36387.9113197313,0.0
5917,98220.9256789252,24555.2314197313,0.0,37701.9586497313,0.0
5918,98220.9256789252,0.206780896160605,0.0,15548.2089208962,0.0
5919,98220.9256789252,0.206780896160605,0.0,16290.0585308962,0.0
5920,80910.6606265475,0.0,16444.56518,0.0,0.0
5921,66001.6185420684,0.0,14163.43625,0.0,0.0
5922,52201.4218440944,0.0,13110.06146,0.0,0.0
5923,27950.1931028659,0.0,23038.5681214657,0.0,13688.0789134657
5924,18280.0515887954,0.0,9186.581333,0.0,0.0
5925,10825.9250834291,0.0,7081.385448,0.0,0.0
5926,0.0,0.0,10284.60826,0.0,0.0
5927,0.0,0.0,0.0,10839.34714,0.0
5928,0.0,0.0,0.0,8148.051475,0.0
5929,0.0,0.0,0.0,7846.548663,0.0
5930,0.0,0.0,0.0,8613.951627,0.0
5931,22892.9545512925,24097.8468960974,0.0,32164.5394160974,0.0
5932,22892.9087653834,0.0,0.0,12632.32894,0.0
5933,13375.870836408,0.0,9041.142536,0.0,0.0
5934,6937.06999203472,0.0,6116.835388,0.0,0.0
5935,0.0,0.0,6590.203312,0.0,0.0
5936,0.0,0.0,0.0,6674.323767,0.0
5937,4911.36550401736,5169.85842528143,0.0,13629.2540382814,0.0
5938,28238.8255300311,24555.2314197313,0.0,33196.8520057313,0.0
5939,51566.2389011248,24555.2314197313,0.0,34505.2352017313,0.0
5940,74893.6056173917,24555.2314197313,0.0,35452.8831097313,0.0
5941,98220.9256789252,24555.2314197313,0.0,38688.5415697313,0.0
5942,98220.9256789252,0.206780896160605,0.0,18012.9858308962,0.0
5943,98220.9256789252,0.206780896160605,0.0,19108.7107508962,0.0
5944,98220.9256789252,0.206780896162129,0.0,14352.3706808962,0.0
5945,78406.8055739159,0.0,18823.22748,0.0,0.0
5946,59051.64360241,0.0,18387.2549,0.0,0.0
5947,40570.7721307018,0.0,17556.7157,0.0,0.0
5948,19094.551336526,0.0,20402.33267,0.0,0.0
5949,0.0,0.0,18139.7874900521,214.593479947879,0.0
5950,0.0,0.0,0.0,17248.01765,0.0
5951,0.0,0.0,0.0,14666.66477,0.0
5952,0.0,0.0,0.0,10191.03974,0.0
5953,0.0,0.0,0.0,9174.412993,0.0
5954,0.0,0.0,0.0,9192.101853,0.0
5955,15394.6389954833,16204.8831531403,0.0,26497.8515931403,0.0
5956,15394.6082062053,0.0,0.0,9854.530536,0.0
5957,9748.41027804156,0.0,5363.858782,0.0,0.0
5958,6687.45260858943,0.0,2907.891264,0.0,0.0
5959,0.0,0.0,6353.067272,0.0,0.0
5960,0.0,0.0,0.0,9691.684935,0.0
5961,4911.36550401736,5169.85842528143,0.0,14545.9991742814,0.0
5962,28238.8255300311,24555.2314197313,0.0,32968.0666667313,0.0
5963,51566.2389011248,24555.2314197313,0.0,34269.0151217313,0.0
5964,74893.6056173917,24555.2314197313,0.0,34540.6822297313,0.0
5965,98220.9256789252,24555.2314197313,0.0,33636.5583527313,0.0
5966,98220.9256789252,0.206780896160605,0.0,13401.6498708962,0.0
5967,98220.9256789252,0.206780896160605,0.0,16191.2911508962,0.0
5968,83319.426578961,0.0,14156.2375252072,2533.80838479282,0.0
5969,63710.1099927394,0.0,18628.69245,0.0,0.0
5970,47404.5295198879,0.0,15490.1804,0.0,0.0
5971,32575.4818792499,0.0,14087.50519,0.0,0.0
5972,16469.406223023,0.0,15300.70998,0.0,0.0
5973,0.0,0.0,15645.90462,0.0,0.0
5974,0.0,0.0,0.0,14408.78548,0.0
5975,0.0,0.0,0.0,11776.4718,0.0
5976,0.0,0.0,0.0,9024.950036,0.0
5977,0.0,0.0,0.0,8461.991755,0.0
5978,2178.87289802219,2293.55041897073,0.0,13695.3905889707,0.0
5979,25506.3383890211,24555.2314197313,0.0,36044.8578297313,0.0
5980,25506.2873763444,0.0,0.0,11198.88112,0.0
5981,16203.2717500854,0.0,8837.816383,0.0,0.0
5982,9061.24463301558,0.0,6784.894975,0.0,0.0
5983,0.0,0.0,8608.165185,0.0,0.0
5984,0.0,0.0,0.0,6232.661092,0.0
5985,4911.36550401736,5169.85842528143,0.0,14033.5422912814,0.0
5986,28238.8255300311,24555.2314197313,0.0,30679.8449637313,0.0
5987,51566.2389011248,24555.2314197313,0.0,34322.3769687313,0.0
5988,74893.6056173917,24555.2314197313,0.0,36697.8773297313,0.0
5989,98220.9256789252,24555.2314197313,0.0,31264.6434117313,0.0
5990,98220.9256789252,0.206780896160605,0.0,5400.41870189616,0.0
5991,98220.9256789252,0.206780896160605,0.0,5819.75906889616,0.0
5992,94788.7643728633,0.0,3260.366621,0.0,0.0
5993,85904.4582005977,0.0,8439.910765,0.0,0.0
5994,69168.3566655445,0.0,15899.13323983,0.0,2453.37986983002
5995,43320.6063080614,0.0,24555.2314197313,0.0,12724.7026797313
5996,29791.1035721119,0.0,12852.94529,0.0,0.0
5997,14379.1629056942,0.0,14641.28703,0.0,0.0
5998,0.0,0.0,13660.17744,0.0,0.0
5999,0.0,0.0,0.0,11377.22741,0.0
6000,0.0,0.0,0.0,10663.22057,0.0
6001,0.0,0.0,0.0,6842.487144,0.0
6002,0.0,0.0,0.0,4072.439427,0.0
6003,12633.8496300033,13298.789084214,0.0,18634.395206214,0.0
6004,12633.824362304,0.0,0.0,7161.984433,0.0
6005,7487.19222307635,0.0,4889.276528,0.0,0.0
6006,3598.55647711295,0.0,3694.189733,0.0,0.0
6007,0.0,0.0,3418.621816,0.0,0.0
6008,0.0,0.0,0.0,7224.312153,0.0
6009,4911.36550401736,5169.85842528143,0.0,15984.6636652814,0.0
6010,28238.8255300311,24555.2314197313,0.0,40720.8904997313,0.0
6011,51566.2389011248,24555.2314197313,0.0,41046.7055797313,0.0
6012,74893.6056173917,24555.2314197313,0.0,42694.3940097313,0.0
6013,98220.9256789252,24555.2314197313,0.0,43044.7051597313,0.0
6014,98220.9256789252,0.206780896160605,0.0,20227.5134908962,0.0
6015,98220.9256789252,0.206780896160605,0.0,21552.3546308962,0.0
6016,89707.4689626555,0.0,8087.59726069745,9610.45513930255,0.0
6017,67736.2727056123,0.0,20872.466,0.0,0.0
6018,46028.4633804353,0.0,20622.29016,0.0,0.0
6019,30209.0507340348,0.0,15028.35456,0.0,0.0
6020,15773.7561580386,0.0,13713.47245,0.0,0.0
6021,0.0,0.0,14985.03838,0.0,0.0
6022,0.0,0.0,0.0,16899.05392,0.0
6023,0.0,0.0,0.0,12251.01968,0.0
6024,0.0,0.0,0.0,10709.66324,0.0
6025,0.0,0.0,0.0,7437.525967,0.0
6026,0.0,0.0,0.0,3276.248155,0.0
6027,20809.462742631,21904.6976238221,0.0,29376.0867888221,0.0
6028,20809.4211237055,0.0,0.0,5375.580899,0.0
6029,14885.0546501264,0.0,5628.108612,0.0,0.0
6030,7524.2190705434,0.0,6992.765519,0.0,0.0
6031,0.0,0.0,7147.993821,0.0,0.0
6032,0.0,0.0,0.0,10194.43522,0.0
6033,4911.36550401736,5169.85842528143,0.0,18150.5330052814,0.0
6034,28238.8255300311,24555.2314197313,0.0,37709.4765497313,0.0
6035,51566.2389011248,24555.2314197313,0.0,40014.0060497313,0.0
6036,74893.6056173917,24555.2314197313,0.0,38102.8764597313,0.0
6037,98220.9256789252,24555.2314197313,0.0,38777.3903797313,0.0
6038,98220.9256789252,0.206780896160605,0.0,17494.8501608962,0.0
6039,98220.9256789252,0.206780896160605,0.0,18907.3725408962,0.0
6040,78663.5243739159,0.0,18579.34462,0.0,0.0
6041,59605.1220047619,0.0,18105.33279,0.0,0.0
6042,41830.1788576758,0.0,16886.08274,0.0,0.0
6043,25691.9152078444,0.0,15331.27099,0.0,0.0
6044,12937.3111713824,0.0,12116.82502,0.0,0.0
6045,4557.68209254956,0.0,7960.623044,0.0,0.0
6046,0.0,0.0,4329.78932832611,8558.33236167389,0.0
6047,0.0,0.0,0.0,9170.890687,0.0
6048,0.0,0.0,0.0,7514.069183,0.0
6049,0.0,0.0,0.0,4681.932118,0.0
6050,0.0,0.0,0.0,7438.179533,0.0
6051,20734.7824250939,21826.0867632567,0.0,29973.6926022567,0.0
6052,20734.740955529,0.0,0.0,5155.046282,0.0
6053,15255.1488470997,0.0,5205.573107,0.0,0.0
6054,6112.08522838098,0.0,8685.881453,0.0,0.0
6055,0.0,0.0,5806.469354,0.0,0.0
6056,0.0,0.0,0.0,6248.438489,0.0
6057,4911.36550401736,5169.85842528143,0.0,11578.9464342814,0.0
6058,28238.8255300311,24555.2314197313,0.0,33659.6160297313,0.0
6059,51566.2389011248,24555.2314197313,0.0,34276.8323647313,0.0
6060,74893.6056173917,24555.2314197313,0.0,37687.2198197313,0.0
6061,98220.9256789252,24555.2314197313,0.0,40856.7138897313,0.0
6062,98220.9256789252,0.206780896160605,0.0,17219.7406008962,0.0
6063,98220.9256789252,0.206780896160605,0.0,16354.4285108962,0.0
6064,81556.8927528633,0.0,15830.64466,0.0,0.0
6065,67509.0176390778,0.0,13345.3264,0.0,0.0
6066,51138.8008887291,0.0,15551.5776456978,0.0,5066.27346569777
6067,25291.0865903575,0.0,24555.2314197313,0.0,12819.2494197313
6068,14096.695197658,0.0,10634.62377,0.0,0.0
6069,5413.71277058344,0.0,8248.806522,0.0,0.0
6070,0.0,0.0,5143.016846,0.0,0.0
6071,0.0,0.0,0.0,5425.930906,0.0
6072,0.0,0.0,0.0,3605.882169,0.0
6073,0.0,0.0,0.0,2732.394623,0.0
6074,0.0,0.0,0.0,6391.703378,0.0
6075,18619.4709452913,19599.4431003067,0.0,26971.5837373067,0.0
6076,18619.4337063494,0.0,0.0,5423.728158,0.0
6077,14798.190859061,0.0,3630.145328,0.0,0.0
6078,8132.91857846874,0.0,6331.98055,0.0,0.0
6079,0.0,0.0,7726.257197,0.0,0.0
6080,0.0,0.0,0.0,5812.265024,0.0
6081,4911.36550401736,5169.85842528143,0.0,12360.8108752814,0.0
6082,28238.8255300311,24555.2314197313,0.0,32172.3156467313,0.0
6083,51566.2389011248,24555.2314197313,0.0,34793.1506097313,0.0
6084,74893.6056173917,24555.2314197313,0.0,41113.7291097313,0.0
6085,98220.9256789252,24555.2314197313,0.0,40485.8463497313,0.0
6086,98220.9256789252,0.206780896160605,0.0,16714.5694708962,0.0
6087,98220.9256789252,0.206780896160605,0.0,14001.5787108962,0.0
6088,79148.6711739159,0.0,18118.45516,0.0,0.0
6089,65282.4536134157,0.0,13172.7563,0.0,0.0
6090,52309.4575980617,0.0,12324.2221779244,0.0,584.298057924398
6091,26461.7409583768,0.0,24555.2314197313,0.0,11874.6400397313
6092,16029.8135022633,0.0,9910.280806,0.0,0.0
6093,8746.58128684678,0.0,6919.040148,0.0,0.0
6094,0.0,0.0,8309.235604,0.0,0.0
6095,0.0,0.0,0.0,5757.106297,0.0
6096,0.0,0.0,0.0,3382.423992,0.0
6097,0.0,0.0,0.0,2932.857359,0.0
6098,5601.45950591451,5896.27316412054,0.0,10091.9222041205,0.0
6099,28928.9181517402,24555.2314197313,0.0,30732.4196157313,0.0
6100,28928.8602939039,0.0,0.0,7590.810189,0.0
6101,19591.1269498676,0.0,8870.791712,0.0,0.0
6102,7990.12262024524,0.0,11020.91689,0.0,0.0
6103,0.0,0.0,7590.601308,0.0,0.0
6104,0.0,0.0,0.0,6560.013615,0.0
6105,4911.36550401736,5169.85842528143,0.0,12223.5287302814,0.0
6106,28238.8255300311,24555.2314197313,0.0,30147.1475917313,0.0
6107,51566.2389011248,24555.2314197313,0.0,33390.5366337313,0.0
6108,74893.6056173917,24555.2314197313,0.0,36252.0302997313,0.0
6109,98220.9256789252,24555.2314197313,0.0,38002.1818697313,0.0
6110,98220.9256789252,0.206780896160605,0.0,15792.4605208962,0.0
6111,98220.9256789252,0.206780896160605,0.0,12141.2525308962,0.0
6112,86123.5066054949,0.0,11492.3615,0.0,0.0
6113,77519.4433679554,0.0,8173.696441,0.0,0.0
6114,68314.0851328306,0.0,8744.94303642611,0.0,134.547242426113
6115,42466.3364838906,0.0,24555.2314197313,0.0,12398.0710497313
6116,28532.8486564808,0.0,13236.73275,0.0,0.0
6117,13332.2338328887,0.0,14440.52987,0.0,0.0
6118,0.0,0.0,12665.59681,0.0,0.0
6119,0.0,0.0,0.0,15398.58695,0.0
6120,0.0,0.0,0.0,17146.23236,0.0
6121,0.0,0.0,0.0,13896.72259,0.0
6122,0.0,0.0,0.0,12273.27283,0.0
6123,17564.6810844833,18489.1379836666,0.0,30618.7955536666,0.0
6124,17564.6459551211,0.0,0.0,7919.689266,0.0
6125,10436.2514974081,0.0,6771.941362,0.0,0.0
6126,4799.29467648409,0.0,5355.089151,0.0,0.0
6127,0.0,0.0,4559.320824,0.0,0.0
6128,0.0,0.0,0.0,7411.66237,0.0
6129,4911.36550401736,5169.85842528143,0.0,17064.4656252814,0.0
6130,28238.8255300311,24555.2314197313,0.0,34911.5753697313,0.0
6131,51566.2389011248,24555.2314197313,0.0,32169.8136897313,0.0
6132,74893.6056173917,24555.2314197313,0.0,33637.6488697313,0.0
6133,98220.9256789252,24555.2314197313,0.0,30611.7795747313,0.0
6134,98220.9256789252,0.206780896160605,0.0,8383.06231389616,0.0
6135,98220.9256789252,0.206780896160605,0.0,8763.78715889616,0.0
6136,86418.1604160212,0.0,11212.44038,0.0,0.0
6137,72188.9835691741,0.0,13517.55381,0.0,0.0
6138,58045.2919069964,0.0,13436.36992,0.0,0.0
6139,43101.8898058863,0.0,14196.12171,0.0,0.0
6140,27520.1047705277,0.0,14802.61389,0.0,0.0
6141,10520.3462671603,0.0,16149.71829,0.0,0.0
6142,0.0,0.0,9994.30896514436,1853.13341485565,0.0
6143,0.0,0.0,0.0,8936.259404,0.0
6144,0.0,0.0,0.0,8038.921773,0.0
6145,0.0,0.0,0.0,5316.504166,0.0
6146,7968.59550525226,8387.99526868659,0.0,13709.1641126866,0.0
6147,31296.049416806,24555.2314197313,0.0,33798.0571337313,0.0
6148,31295.9868247071,0.0,0.0,10038.32601,0.0
6149,20740.8139379967,0.0,10027.35478,0.0,0.0
6150,8789.76334057931,0.0,11353.45866,0.0,0.0
6151,0.0,0.0,8350.258473,0.0,0.0
6152,0.0,0.0,0.0,8771.634334,0.0
6153,4911.36550401736,5169.85842528143,0.0,17988.1246752814,0.0
6154,28238.8255300311,24555.2314197313,0.0,40158.3845597313,0.0
6155,51566.2389011248,24555.2314197313,0.0,40483.2372497313,0.0
6156,74893.6056173917,24555.2314197313,0.0,38653.0786397313,0.0
6157,98220.9256789252,24555.2314197313,0.0,38277.8895097313,0.0
6158,98220.9256789252,0.206780896160605,0.0,14077.2928008962,0.0
6159,98220.9256789252,0.206780896160605,0.0,12875.4586508962,0.0
6160,86709.7190054949,0.0,10935.45972,0.0,0.0
6161,72490.7101123726,0.0,13507.8937,0.0,0.0
6162,61326.1186993735,0.0,10606.22411,0.0,0.0
6163,41849.0459809084,0.0,18503.1025629163,0.0,7726.45463291633
6164,26517.8492933427,0.0,14564.55734,0.0,0.0
6165,12813.0325944862,0.0,13019.52548,0.0,0.0
6166,0.0,0.0,12172.35662,0.0,0.0
6167,0.0,0.0,0.0,7612.999663,0.0
6168,0.0,0.0,0.0,8096.325494,0.0
6169,0.0,0.0,0.0,11268.45343,0.0
6170,0.0,0.0,0.0,9497.959006,0.0
6171,23082.356644711,24297.2175207484,0.0,33066.4543967484,0.0
6172,23082.3104799977,0.0,0.0,7213.913529,0.0
6173,14456.575517482,0.0,8194.404358,0.0,0.0
6174,7375.84970222572,0.0,6726.662057,0.0,0.0
6175,0.0,0.0,7007.043203,0.0,0.0
6176,0.0,0.0,0.0,4786.245423,0.0
6177,4911.36550401736,5169.85842528143,0.0,16601.6192052814,0.0
6178,28238.8255300311,24555.2314197313,0.0,37986.6917597313,0.0
6179,51566.2389011248,24555.2314197313,0.0,35796.3832997313,0.0
6180,74893.6056173917,24555.2314197313,0.0,34983.8409897313,0.0
6181,98220.9256789252,24555.2314197313,0.0,39584.0453797313,0.0
6182,98220.9256789252,0.206780896160605,0.0,15910.9923808962,0.0
6183,98220.9256789252,0.206780896160605,0.0,15825.2528408962,0.0
6184,82140.8653633896,0.0,15275.87068,0.0,0.0
6185,66899.1890711326,0.0,14479.43641,0.0,0.0
6186,48863.1815780176,0.0,17134.08001,0.0,0.0
6187,30586.5527463913,0.0,17362.70455,0.0,0.0
6188,16489.0818574963,0.0,13392.53923,0.0,0.0
6189,1977.2894688063,0.0,13786.17144,0.0,0.0
6190,0.0,0.0,1878.42123851599,10110.640561484,0.0
6191,0.0,0.0,0.0,12831.11607,0.0
6192,0.0,0.0,0.0,11541.08739,0.0
6193,0.0,0.0,0.0,8452.485286,0.0
6194,21275.6696022807,22395.4416866113,0.0,29210.6463026113,0.0
6195,44603.0968996862,24555.2314197313,0.0,33543.1638997313,0.0
6196,44603.0076934924,0.0,0.0,7627.38654,0.0
6197,30354.4488243192,0.0,13536.04618,0.0,0.0
6198,15484.0265470005,0.0,14126.84349,0.0,0.0
6199,0.0,0.0,14709.7958,0.0,0.0
6200,0.0,0.0,0.0,13013.19264,0.0
6201,4911.36550401736,5169.85842528143,0.0,23107.8280452814,0.0
6202,28238.8255300311,24555.2314197313,0.0,42668.0904197313,0.0
6203,51566.2389011248,24555.2314197313,0.0,37978.8891097313,0.0
6204,74893.6056173917,24555.2314197313,0.0,38383.0355897313,0.0
6205,98220.9256789252,24555.2314197313,0.0,37861.9419497313,0.0
6206,98220.9256789252,0.206780896160605,0.0,15532.2870108962,0.0
6207,98220.9256789252,0.206780896160605,0.0,18387.3353208962,0.0
6208,98220.9256789252,0.206780896160605,0.0,21000.1614508962,0.0
6209,74427.299710758,0.0,22603.75805,0.0,0.0
6210,52401.8206772113,0.0,20924.06367,0.0,0.0
6211,31872.8979262015,0.0,19502.37705,0.0,0.0
6212,15932.7795277741,0.0,15143.05192,0.0,0.0
6213,0.0,0.0,15136.1102791043,3395.75938089574,0.0
6214,0.0,0.0,0.0,15205.93237,0.0
6215,0.0,0.0,0.0,15987.52525,0.0
6216,0.0,0.0,0.0,17156.40765,0.0
6217,0.0,0.0,0.0,13539.19535,0.0
6218,10796.3503325505,11364.5792974215,0.0,18313.8257014215,0.0
6219,34123.7985885945,24555.2314197313,0.0,35648.7695797313,0.0
6220,34123.7303409973,0.0,0.0,10499.53036,0.0
6221,22185.0395882735,0.0,11341.69138,0.0,0.0
6222,10233.3076918785,0.0,11354.10315,0.0,0.0
6223,0.0,0.0,9721.622864,0.0,0.0
6224,0.0,0.0,0.0,11781.1268,0.0
6225,4911.36550401736,5169.85842528143,0.0,17242.4671252814,0.0
6226,28238.8255300311,24555.2314197313,0.0,38722.2548397313,0.0
6227,51566.2389011248,24555.2314197313,0.0,37274.6774797313,0.0
6228,74893.6056173917,24555.2314197313,0.0,37638.9495197313,0.0
6229,98220.9256789252,24555.2314197313,0.0,35707.8149097313,0.0
6230,98220.9256789252,0.206780896160605,0.0,13007.7319208962,0.0
6231,98220.9256789252,0.206780896160605,0.0,18307.1537508962,0.0
6232,96347.7612635979,0.0,1779.3195748021,12616.1026951979,0.0
6233,74920.9593049175,0.0,20355.2788,0.0,0.0
6234,52567.0654419463,0.0,21236.05682,0.0,0.0
6235,35610.6262025522,0.0,16108.5174,0.0,0.0
6236,17559.0709707735,0.0,17148.90981,0.0,0.0
6237,0.0,0.0,16681.08406,0.0,0.0
6238,0.0,0.0,0.0,17055.27963,0.0
6239,0.0,0.0,0.0,16888.3233,0.0
6240,0.0,0.0,0.0,9941.858378,0.0
6241,0.0,0.0,0.0,10293.38654,0.0
6242,12356.4432944058,13006.7824151641,0.0,20267.7996351641,0.0
6243,35683.888430264,24555.2314197313,0.0,34103.1536277313,0.0
6244,35683.8170624871,0.0,0.0,9226.479495,0.0
6245,24440.7100211688,0.0,10680.88389,0.0,0.0
6246,12501.4533292224,0.0,11342.24742,0.0,0.0
6247,0.0,0.0,11876.35691,0.0,0.0
6248,0.0,0.0,0.0,12722.74265,0.0
6249,4911.36550401736,5169.85842528143,0.0,24077.7960952814,0.0
6250,28238.8255300311,24555.2314197313,0.0,41790.6523797313,0.0
6251,51566.2389011248,24555.2314197313,0.0,43536.5866597313,0.0
6252,74893.6056173917,24555.2314197313,0.0,40047.8540697313,0.0
6253,98220.9256789252,24555.2314197313,0.0,44911.2442997313,0.0
6254,98220.9256789252,0.206780896160605,0.0,21350.7453808962,0.0
6255,98220.9256789252,0.206780896160605,0.0,18125.9839708962,0.0
6256,92545.4566399998,0.0,5391.50896722033,9516.76217277968,0.0
6257,73195.2175175076,0.0,18382.55133,0.0,0.0
6258,53091.5934323357,0.0,19098.30381,0.0,0.0
6259,34984.8188070436,0.0,17201.33502,0.0,0.0
6260,16881.8608900376,0.0,17197.74355,0.0,0.0
6261,0.0,0.0,16037.73577,0.0,0.0
6262,0.0,0.0,0.0,13427.86175,0.0
6263,0.0,0.0,0.0,14367.16056,0.0
6264,0.0,0.0,0.0,15641.1545,0.0
6265,0.0,0.0,0.0,11759.68219,0.0
6266,12656.833595219,13322.9827318094,0.0,23964.7586718094,0.0
6267,35984.2781302965,24555.2314197313,0.0,36176.4269097313,0.0
6268,35984.2061617403,0.0,0.0,13757.63591,0.0
6269,22357.0934985911,0.0,12945.68866,0.0,0.0
6270,9087.46520545673,0.0,12606.1044,0.0,0.0
6271,0.0,0.0,8633.074679,0.0,0.0
6272,0.0,0.0,0.0,9392.02365,0.0
6273,4911.36550401736,5169.85842528143,0.0,17761.1527852814,0.0
6274,28238.8255300311,24555.2314197313,0.0,40142.0201797313,0.0
6275,51566.2389011248,24555.2314197313,0.0,37935.6892997313,0.0
6276,74893.6056173917,24555.2314197313,0.0,38665.2595897313,0.0
6277,98220.9256789252,24555.2314197313,0.0,40325.8213697313,0.0
6278,98220.9256789252,0.206780896160605,0.0,16268.5909208962,0.0
6279,98220.9256789252,0.206780896160605,0.0,11369.7231208962,0.0
6280,86550.3605528633,0.0,11086.85025,0.0,0.0
6281,71961.8877995106,0.0,13858.88467,0.0,0.0
6282,58978.4580967877,0.0,12334.12149,0.0,0.0
6283,42815.3206661873,0.0,15354.8685,0.0,0.0
6284,25012.0793513354,0.0,16912.9979,0.0,0.0
6285,10375.6732113872,0.0,13904.53831,0.0,0.0
6286,0.0,0.0,9856.86983703876,4434.56089296124,0.0
6287,0.0,0.0,0.0,14468.8035,0.0
6288,0.0,0.0,0.0,9205.484885,0.0
6289,0.0,0.0,0.0,11919.76042,0.0
6290,11443.1940525864,12045.4674237751,0.0,19993.2908027751,0.0
6291,34770.641014943,24555.2314197313,0.0,33044.2833077313,0.0
6292,34770.571473661,0.0,0.0,7849.037708,0.0
6293,24648.0174009391,0.0,9616.360305,0.0,0.0
6294,15044.5573943779,0.0,9123.240175,0.0,0.0
6295,0.0,0.0,14292.30094,0.0,0.0
6296,0.0,0.0,0.0,13870.19331,0.0
6297,4911.36550401736,5169.85842528143,0.0,19463.3858252814,0.0
6298,28238.8255300311,24555.2314197313,0.0,40903.4236297313,0.0
6299,51566.2389011248,24555.2314197313,0.0,43515.2132797313,0.0
6300,74893.6056173917,24555.2314197313,0.0,41930.1499097313,0.0
6301,98220.9256789252,24555.2314197313,0.0,42724.3604497313,0.0
6302,98220.9256789252,0.206780896160605,0.0,18902.2982108962,0.0
6303,98220.9256789252,0.206780896160605,0.0,18636.0596608962,0.0
6304,98220.9256789252,0.206780896160605,0.0,20585.5759708962,0.0
6305,76109.9716581265,0.0,21005.2197,0.0,0.0
6306,52518.5979118674,0.0,22411.66045,0.0,0.0
6307,28845.7871378294,0.0,22489.07045,0.0,0.0
6308,7987.1542041499,0.0,19815.64648,0.0,0.0
6309,0.0,0.0,7587.78131834942,7637.54836165058,0.0
6310,0.0,0.0,0.0,14924.73233,0.0
6311,0.0,0.0,0.0,10041.53942,0.0
6312,0.0,0.0,0.0,7400.782993,0.0
6313,0.0,0.0,0.0,7334.14258,0.0
6314,5239.83942010206,5515.6204422127,0.0,11935.0948672127,0.0
6315,28567.298789168,24555.2314197313,0.0,32729.4617897313,0.0
6316,28567.2416545704,0.0,0.0,9609.876542,0.0
6317,18899.5927095608,0.0,9184.21222,0.0,0.0
6318,7405.18766827007,0.0,10919.64888,0.0,0.0
6319,0.0,0.0,7034.914215,0.0,0.0
6320,0.0,0.0,0.0,6640.417007,0.0
6321,4911.36550401736,5169.85842528143,0.0,12562.0649172814,0.0
6322,28238.8255300311,24555.2314197313,0.0,31546.5624217313,0.0
6323,51566.2389011248,24555.2314197313,0.0,30619.6813427313,0.0
6324,74893.6056173917,24555.2314197313,0.0,34835.6107297313,0.0
6325,98220.9256789252,24555.2314197313,0.0,33681.6767647313,0.0
6326,98220.9256789252,0.206780896160605,0.0,11904.4462208962,0.0
6327,98220.9256789252,0.206780896160605,0.0,13951.8757008962,0.0
6328,84700.1391212844,0.0,12844.56061,0.0,0.0
6329,70353.0439946903,0.0,13629.57944,0.0,0.0
6330,57502.4517622866,0.0,12207.92895,0.0,0.0
6331,47050.5025005409,0.0,9929.242544,0.0,0.0
6332,33423.2671469044,0.0,12945.78419,0.0,0.0
6333,15735.3165424753,0.0,16803.48957,0.0,0.0
6334,0.0,0.0,14948.5208182501,4316.81306174987,0.0
6335,0.0,0.0,0.0,13409.33417,0.0
6336,0.0,0.0,0.0,13474.21621,0.0
6337,0.0,0.0,0.0,12266.50355,0.0
6338,0.0,0.0,0.0,9561.674791,0.0
6339,22671.9994644468,23865.2625941546,0.0,34699.6619341546,0.0
6340,22671.9541204479,0.0,0.0,5494.837641,0.0
6341,14346.1923333818,0.0,7909.430621,0.0,0.0
6342,7481.5511904708,0.0,6521.381828,0.0,0.0
6343,0.0,0.0,7107.459416,0.0,0.0
6344,0.0,0.0,0.0,7142.203031,0.0
6345,4911.36550401736,5169.85842528143,0.0,12660.9771992814,0.0
6346,28238.8255300311,24555.2314197313,0.0,37212.4489097313,0.0
6347,51566.2389011248,24555.2314197313,0.0,35620.4119797313,0.0
6348,74893.6056173917,24555.2314197313,0.0,37138.9140497313,0.0
6349,98220.9256789252,24555.2314197313,0.0,36431.7950297313,0.0
6350,98220.9256789252,0.206780896160605,0.0,10502.1848108962,0.0
6351,98220.9256789252,0.206780896160605,0.0,9607.71060189616,0.0
6352,84309.8918370738,0.0,13215.29553,0.0,0.0
6353,68942.0301857112,0.0,14599.30838,0.0,0.0
6354,53216.1189963877,0.0,14939.48464,0.0,0.0
6355,40449.5604588865,0.0,12128.1295,0.0,0.0
6356,25337.9662755551,0.0,14355.93762,0.0,0.0
6357,6392.8249680436,0.0,17997.8361,0.0,0.0
6358,0.0,0.0,6073.17157327398,8372.05439672602,0.0
6359,0.0,0.0,0.0,12779.44264,0.0
6360,0.0,0.0,0.0,10161.4455,0.0
6361,0.0,0.0,0.0,8310.823527,0.0
6362,12428.0755611924,13082.1848012551,0.0,16188.1671142551,0.0
6363,35755.520553786,24555.2314197313,0.0,28423.7483347313,0.0
6364,35755.4490427449,0.0,0.0,8906.960925,0.0
6365,24784.0983634257,0.0,10422.71521,0.0,0.0
6366,14060.772395229,0.0,10187.11258,0.0,0.0
6367,0.0,0.0,13357.70706,0.0,0.0
6368,0.0,0.0,0.0,10720.26474,0.0
6369,4911.36550401736,5169.85842528143,0.0,18121.4071752814,0.0
6370,28238.8255300311,24555.2314197313,0.0,40885.3369297313,0.0
6371,51566.2389011248,24555.2314197313,0.0,43222.2829097313,0.0
6372,74893.6056173917,24555.2314197313,0.0,42524.3526897313,0.0
6373,98220.9256789252,24555.2314197313,0.0,38740.6234597313,0.0
6374,98220.9256789252,0.206780896160605,0.0,12747.7232408962,0.0
6375,98220.9256789252,0.206780896160605,0.0,15735.1312908962,0.0
6376,98220.9256789252,0.206780896160605,0.0,16973.7757408962,0.0
6377,78109.1217212844,0.0,19106.02714,0.0,0.0
6378,59296.9867135672,0.0,17871.37985,0.0,0.0
6379,38892.3348143307,0.0,19384.30664,0.0,0.0
6380,16677.8301980821,0.0,21103.70549,0.0,0.0
6381,0.0,0.0,15843.9070003006,4937.84981969939,0.0
6382,0.0,0.0,0.0,17768.66048,0.0
6383,0.0,0.0,0.0,18504.61124,0.0
6384,0.0,0.0,0.0,12389.28483,0.0
6385,0.0,0.0,0.0,9340.821627,0.0
6386,18712.0197239465,19696.8628673121,0.0,29142.3017743121,0.0
6387,42039.4521486518,24555.2314197313,0.0,34324.6684007313,0.0
6388,42039.3680697475,0.0,0.0,9193.967,0.0
6389,32427.7617352219,0.0,9130.946143,0.0,0.0
6390,20260.9018481195,0.0,11558.45528,0.0,0.0
6391,0.0,0.0,19247.81826,0.0,0.0
6392,0.0,0.0,0.0,17566.61061,0.0
6393,4911.36550401736,5169.85842528143,0.0,20366.6455052814,0.0
6394,28238.8255300311,24555.2314197313,0.0,40132.9154397313,0.0
6395,51566.2389011248,24555.2314197313,0.0,35755.0889297313,0.0
6396,74893.6056173917,24555.2314197313,0.0,34372.3221597313,0.0
6397,98220.9256789252,24555.2314197313,0.0,37710.1461697313,0.0
6398,98220.9256789252,0.206780896160605,0.0,13157.5217108962,0.0
6399,98220.9256789252,0.206780896160605,0.0,17105.8045808962,0.0
6400,81911.4978160212,0.0,15493.76985,0.0,0.0
6401,65602.9628456572,0.0,15492.95259,0.0,0.0
6402,48234.9036681117,0.0,16499.5315730387,0.0,1031.60508303873
6403,22387.1951775346,0.0,24555.2314197313,0.0,12290.4626697313
6404,15445.519281039,0.0,6594.549566,0.0,0.0
6405,8543.4212752636,0.0,6556.963759,0.0,0.0
6406,0.0,0.0,8116.233979,0.0,0.0
6407,0.0,0.0,0.0,8015.106755,0.0
6408,0.0,0.0,0.0,3265.596898,0.0
6409,0.0,0.0,0.0,1781.728657,0.0
6410,11309.5083540319,11904.745635823,0.0,14352.593031823,0.0
6411,34636.9555837599,24555.2314197313,0.0,30657.3550347313,0.0
6412,34636.8863098487,0.0,0.0,4339.940195,0.0
6413,25055.2076434445,0.0,9102.528923,0.0,0.0
6414,11877.0409435556,0.0,12519.21076,0.0,0.0
6415,0.0,0.0,11283.16633,0.0,0.0
6416,0.0,0.0,0.0,14099.00085,0.0
6417,4911.36550401736,5169.85842528143,0.0,14713.2876922814,0.0
6418,28238.8255300311,24555.2314197313,0.0,39564.8486197313,0.0
6419,51566.2389011248,24555.2314197313,0.0,40625.4073597313,0.0
6420,74893.6056173917,24555.2314197313,0.0,42271.0742297313,0.0
6421,98220.9256789252,24555.2314197313,0.0,42793.4043697313,0.0
6422,98220.9256789252,0.206780896160605,0.0,18704.8665608962,0.0
6423,98220.9256789252,0.206780896160605,0.0,20263.1238108962,0.0
6424,88092.8721801326,0.0,9621.46420409419,9099.04623590581,0.0
6425,69630.8864154409,0.0,17538.7191,0.0,0.0
6426,49252.4951115628,0.0,19359.33944,0.0,0.0
6427,31207.3478065725,0.0,17142.79636,0.0,0.0
6428,13853.8332024032,0.0,16485.77958,0.0,0.0
6429,0.0,0.0,13161.11522,0.0,0.0
6430,0.0,0.0,0.0,12247.87467,0.0
6431,0.0,0.0,0.0,11432.2865,0.0
6432,0.0,0.0,0.0,9651.475674,0.0
6433,0.0,0.0,0.0,7309.732787,0.0
6434,0.0,0.0,0.0,4980.500927,0.0
6435,10636.0556448225,11195.8480471816,0.0,16607.6647251816,0.0
6436,10636.0343727112,0.0,0.0,8345.301019,0.0
6437,7017.50368169513,0.0,3437.583948,0.0,0.0
6438,3889.65967300356,0.0,2971.438475,0.0,0.0
6439,0.0,0.0,3695.169299,0.0,0.0
6440,0.0,0.0,0.0,3883.449684,0.0
6441,4911.36550401736,5169.85842528143,0.0,12040.1546532814,0.0
6442,28238.8255300311,24555.2314197313,0.0,34586.9679097313,0.0
6443,51566.2389011248,24555.2314197313,0.0,36130.4988997313,0.0
6444,74893.6056173917,24555.2314197313,0.0,38927.9181197313,0.0
6445,98220.9256789252,24555.2314197313,0.0,36792.4590297313,0.0
6446,98220.9256789252,0.206780896160605,0.0,14526.8813208962,0.0
6447,98220.9256789252,0.206780896160605,0.0,13419.8646908962,0.0
6448,94601.0863620355,0.0,3438.66073128637,15758.7852187136,0.0
6449,76048.4278230207,0.0,17624.84587,0.0,0.0
6450,54297.6964735335,0.0,20663.05029,0.0,0.0
6451,33074.2658676142,0.0,20162.15591,0.0,0.0
6452,14227.9623085562,0.0,17903.92554,0.0,0.0
6453,0.0,0.0,13516.53716,0.0,0.0
6454,0.0,0.0,0.0,11685.096,0.0
6455,0.0,0.0,0.0,12560.8349,0.0
6456,0.0,0.0,0.0,9728.90409,0.0
6457,0.0,0.0,0.0,4923.117744,0.0
6458,0.0,0.0,0.0,3477.531846,0.0
6459,9210.62205638446,9695.39163829944,0.0,9695.39163829944,0.0
6460,9210.60363514035,0.0,0.0,325.0641311,0.0
6461,8174.87278424887,0.0,983.9268082,0.0,0.0
6462,7352.40954692436,0.0,781.3245432,0.0,0.0
6463,0.0,0.0,6984.7751,0.0,0.0
6464,0.0,0.0,0.0,8543.75214,0.0
6465,4911.36550401736,5169.85842528143,0.0,16868.6631252814,0.0
6466,28238.8255300311,24555.2314197313,0.0,40428.3194597313,0.0
6467,51566.2389011248,24555.2314197313,0.0,37909.6337997313,0.0
6468,74893.6056173917,24555.2314197313,0.0,40750.4564197313,0.0
6469,98220.9256789252,24555.2314197313,0.0,42131.6842897313,0.0
6470,98220.9256789252,0.206780896160605,0.0,17688.0491708962,0.0
6471,98220.9256789252,0.206780896160605,0.0,19976.8855108962,0.0
6472,75729.0990476001,0.0,21367.04868,0.0,0.0
6473,54063.4941683494,0.0,20582.18075,0.0,0.0
6474,38518.1143360979,0.0,14768.00812,0.0,0.0
6475,24129.0092783369,0.0,13669.5766204557,0.0,4896.62768345574
6476,16254.9907003184,0.0,7480.271804,0.0,0.0
6477,8185.16847560011,0.0,7666.300229,0.0,0.0
6478,0.0,0.0,7775.8945,0.0,0.0
6479,0.0,0.0,0.0,8055.71908,0.0
6480,0.0,0.0,0.0,2029.22583,0.0
6481,0.0,0.0,0.0,4115.426275,0.0
6482,0.0,0.0,0.0,5278.302055,0.0
6483,12794.1444281686,13467.5204507038,0.0,20577.9332137038,0.0
6484,12794.1188398797,0.0,0.0,4431.3878,0.0
6485,9368.13390637891,0.0,3254.661378,0.0,0.0
6486,3649.26607537426,0.0,5432.90664,0.0,0.0
6487,0.0,0.0,3466.795838,0.0,0.0
6488,0.0,0.0,0.0,4885.45839,0.0
6489,4911.36550401736,5169.85842528143,0.0,6600.10397928143,0.0
6490,28238.8255300311,24555.2314197313,0.0,29454.0606367313,0.0
6491,51566.2389011248,24555.2314197313,0.0,32617.2771267313,0.0
6492,74893.6056173917,24555.2314197313,0.0,35816.7705097313,0.0
6493,98220.9256789252,24555.2314197313,0.0,37379.7338997313,0.0
6494,98220.9256789252,0.206780896160605,0.0,13424.8879008962,0.0
6495,98220.9256789252,0.206780896160605,0.0,13795.2999308962,0.0
6496,82292.9585739159,0.0,15131.38213,0.0,0.0
6497,68374.8993774725,0.0,13221.99988,0.0,0.0
6498,51997.7015224106,0.0,15558.20805,0.0,0.0
6499,34644.8460217444,0.0,16485.11393,0.0,0.0
6500,22587.380721526,0.0,11454.52621,0.0,0.0
6501,9329.32642044878,0.0,12595.10867,0.0,0.0
6502,0.0,0.0,8862.84237370614,2598.65208629386,0.0
6503,0.0,0.0,0.0,11116.45489,0.0
6504,0.0,0.0,0.0,8204.046497,0.0
6505,0.0,0.0,0.0,8839.313065,0.0
6506,0.0,0.0,0.0,8932.034842,0.0
6507,11409.5385091859,12010.0405359852,0.0,16770.2700219852,0.0
6508,11409.5156901089,0.0,0.0,4353.357737,0.0
6509,8366.60591002487,0.0,2890.742613,0.0,0.0
6510,5434.72231470779,0.0,2785.273519,0.0,0.0
6511,0.0,0.0,5162.975873,0.0,0.0
6512,0.0,0.0,0.0,8020.427935,0.0
6513,4911.36550401736,5169.85842528143,0.0,13246.9567142814,0.0
6514,28238.8255300311,24555.2314197313,0.0,33932.2013527313,0.0
6515,51566.2389011248,24555.2314197313,0.0,31776.7911977313,0.0
6516,74893.6056173917,24555.2314197313,0.0,27802.5499377313,0.0
6517,98220.9256789252,24555.2314197313,0.0,30671.5448357313,0.0
6518,98220.9256789252,0.206780896160605,0.0,10682.9633508962,0.0
6519,98220.9256789252,0.206780896160605,0.0,10708.4066908962,0.0
6520,83579.9687528633,0.0,13908.72246,0.0,0.0
6521,68903.4968034521,0.0,13942.48955,0.0,0.0
6522,55059.4517333006,0.0,13151.7119,0.0,0.0
6523,33603.3984415949,0.0,20383.1460141622,0.0,11294.7507331622
6524,25210.7151084822,0.0,7972.98532,0.0,0.0
6525,12454.0522975783,0.0,12118.78177,0.0,0.0
6526,0.0,0.0,11831.32602,0.0,0.0
6527,0.0,0.0,0.0,13370.44729,0.0
6528,0.0,0.0,0.0,10981.05547,0.0
6529,0.0,0.0,0.0,8417.649121,0.0
6530,0.0,0.0,0.0,8295.771373,0.0
6531,12213.1276286366,12855.9238196175,0.0,20507.0103806175,0.0
6532,12213.1032023813,0.0,0.0,5139.811702,0.0
6533,10925.868613017,0.0,1222.849655,0.0,0.0
6534,3596.42937391138,0.0,6962.946518,0.0,0.0
6535,0.0,0.0,3416.601072,0.0,0.0
6536,0.0,0.0,0.0,6590.97634,0.0
6537,4911.36550401736,5169.85842528143,0.0,13477.6861402814,0.0
6538,28238.8255300311,24555.2314197313,0.0,36349.4083397313,0.0
6539,51566.2389011248,24555.2314197313,0.0,32136.2420697313,0.0
6540,74893.6056173917,24555.2314197313,0.0,35033.2358297313,0.0
6541,98220.9256789252,24555.2314197313,0.0,37262.5484197313,0.0
6542,98220.9256789252,0.206780896160605,0.0,13681.8448808962,0.0
6543,98220.9256789252,0.206780896160605,0.0,13295.6305108962,0.0
6544,85567.3524160212,0.0,12020.70798,0.0,0.0
6545,72709.4849444743,0.0,12214.81152,0.0,0.0
6546,58290.9996833991,0.0,13697.42285,0.0,0.0
6547,38559.1855427072,0.0,18745.1126807579,0.0,6624.20647075793
6548,23518.2276453888,0.0,14288.83674,0.0,0.0
6549,10914.9930510387,0.0,11973.02818,0.0,0.0
6550,0.0,0.0,10369.22266,0.0,0.0
6551,0.0,0.0,0.0,11608.10841,0.0
6552,0.0,0.0,0.0,12399.36627,0.0
6553,0.0,0.0,0.0,9000.385709,0.0
6554,19964.2753992037,21015.0267360039,0.0,32467.4004960039,0.0
6555,43291.7053193976,24555.2314197313,0.0,37406.9202997313,0.0
6556,43291.618735987,0.0,0.0,16889.47649,0.0
6557,28313.0505001179,0.0,14229.55757,0.0,0.0
6558,14721.2190003327,0.0,12912.18613,0.0,0.0
6559,0.0,0.0,13985.13008,0.0,0.0
6560,0.0,0.0,0.0,13089.1332,0.0
6561,4911.36550401736,5169.85842528143,0.0,18226.4051952814,0.0
6562,28238.8255300311,24555.2314197313,0.0,35926.4390297313,0.0
6563,51566.2389011248,24555.2314197313,0.0,33305.8327977313,0.0
6564,74893.6056173917,24555.2314197313,0.0,32763.4443747313,0.0
6565,98220.9256789252,24555.2314197313,0.0,37025.1585797313,0.0
6566,98220.9256789252,0.206780896160605,0.0,12539.9791008962,0.0
6567,98220.9256789252,0.206780896160605,0.0,12737.0339008962,0.0
6568,82468.9137633896,0.0,14964.2247,0.0,0.0
6569,68737.9489939832,0.0,13044.25984,0.0,0.0
6570,52205.2083034299,0.0,15705.9730539225,0.0,4061.84708392249
6571,26357.4918722435,0.0,24555.2314197313,0.0,16519.0934527313
6572,19460.6529719966,0.0,6551.946876,0.0,0.0
6573,8842.18745069069,0.0,10087.50527,0.0,0.0
6574,0.0,0.0,8400.061278,0.0,0.0
6575,0.0,0.0,0.0,9359.119339,0.0
6576,0.0,0.0,0.0,13154.33033,0.0
6577,0.0,0.0,0.0,8424.016454,0.0
6578,0.0,0.0,0.0,4961.703957,0.0
6579,21796.7050299085,22943.9000314826,0.0,30765.5059294826,0.0
6580,21796.6614364985,0.0,0.0,9170.234051,0.0
6581,14437.5288631756,0.0,6991.134531,0.0,0.0
6582,8037.7431396968,0.0,6079.769006,0.0,0.0
6583,0.0,0.0,7635.840711,0.0,0.0
6584,0.0,0.0,0.0,5627.107499,0.0
6585,4911.36550401736,5169.85842528143,0.0,16350.0053952814,0.0
6586,28238.8255300311,24555.2314197313,0.0,35539.9649297313,0.0
6587,51566.2389011248,24555.2314197313,0.0,39957.6270597313,0.0
6588,74893.6056173917,24555.2314197313,0.0,41782.1690497313,0.0
6589,98220.9256789252,24555.2314197313,0.0,39427.9832597313,0.0
6590,98220.9256789252,0.206780896160605,0.0,17072.1076808962,0.0
6591,98220.9256789252,0.206780896160605,0.0,16166.3895208962,0.0
6592,86314.5549949686,0.0,11310.86553,0.0,0.0
6593,69760.0070605954,0.0,15726.65654,0.0,0.0
6594,54024.8482963241,0.0,14948.2682820443,0.0,453.67808204434
6595,28177.1282258577,0.0,24555.2314197313,0.0,11296.2335697313
6596,19187.2266600223,0.0,8540.352951,0.0,0.0
6597,7765.94240135849,0.0,10850.18359,0.0,0.0
6598,0.0,0.0,7377.630526,0.0,0.0
6599,0.0,0.0,0.0,6631.706856,0.0
6600,0.0,0.0,0.0,8049.902079,0.0
6601,0.0,0.0,0.0,9776.101477,0.0
6602,0.0,0.0,0.0,4903.110302,0.0
6603,15682.9074795902,16508.3236627265,0.0,19603.6788947265,0.0
6604,15682.8761137752,0.0,0.0,3882.505497,0.0
6605,10721.2030448651,0.0,4713.559618,0.0,0.0
6606,7585.966342459,0.0,2978.454497,0.0,0.0
6607,0.0,0.0,7206.653612,0.0,0.0
6608,0.0,0.0,0.0,8511.729463,0.0
6609,4911.36550401736,5169.85842528143,0.0,13890.6104902814,0.0
6610,28238.8255300311,24555.2314197313,0.0,36264.7441797313,0.0
6611,51566.2389011248,24555.2314197313,0.0,34612.0376197313,0.0
6612,74893.6056173917,24555.2314197313,0.0,36102.8948097313,0.0
6613,98220.9256789252,24555.2314197313,0.0,39099.9019397313,0.0
6614,98220.9256789252,0.206780896160605,0.0,11939.6374108962,0.0
6615,98220.9256789252,0.206780896160605,0.0,12358.7000108962,0.0
6616,82212.5886581265,0.0,15207.73355,0.0,0.0
6617,69276.1162750544,0.0,12289.49256,0.0,0.0
6618,56394.3779544008,0.0,12237.51978,0.0,0.0
6619,34991.4585442349,0.0,20332.6662903395,0.0,8668.70893033951
6620,23663.5365297389,0.0,10761.45943,0.0,0.0
6621,11975.0171184553,0.0,11104.04848,0.0,0.0
6622,0.0,0.0,11376.24351,0.0,0.0
6623,0.0,0.0,0.0,11005.28942,0.0
6624,0.0,0.0,0.0,10789.68901,0.0
6625,0.0,0.0,0.0,9771.979476,0.0
6626,4227.91265535305,4450.43437405585,0.0,11754.0105940558,0.0
6627,27555.3740482725,24555.2314197313,0.0,30029.5112627313,0.0
6628,27555.3189375244,0.0,0.0,6730.210751,0.0
6629,19924.6303184655,0.0,7249.101833,0.0,0.0
6630,11205.655042889,0.0,8282.988655,0.0,0.0
6631,0.0,0.0,10645.351,0.0,0.0
6632,0.0,0.0,0.0,10640.27334,0.0
6633,4911.36550401736,5169.85842528143,0.0,13379.5229572814,0.0
6634,28238.8255300311,24555.2314197313,0.0,29662.9087207313,0.0
6635,51566.2389011248,24555.2314197313,0.0,29266.6315967313,0.0
6636,74893.6056173917,24555.2314197313,0.0,32012.6793317313,0.0
6637,98220.9256789252,24555.2314197313,0.0,36042.6247097313,0.0
6638,98220.9256789252,0.206780896160605,0.0,11497.5371508962,0.0
6639,98220.9256789252,0.206780896160605,0.0,11723.5034908962,0.0
6640,84256.7928160212,0.0,13265.7396,0.0,0.0
6641,71498.5949971724,0.0,12120.12784,0.0,0.0
6642,57137.2620736666,0.0,13643.13043,0.0,0.0
6643,40812.9356412478,0.0,15508.00155,0.0,0.0
6644,25127.8081311659,0.0,14900.79359,0.0,0.0
6645,8440.73571765494,0.0,15852.67105,0.0,0.0
6646,0.0,0.0,8018.68289437434,5131.68281562566,0.0
6647,0.0,0.0,0.0,10305.34165,0.0
6648,0.0,0.0,0.0,10756.29343,0.0
6649,0.0,0.0,0.0,9936.435357,0.0
6650,0.0,0.0,0.0,8185.002263,0.0
6651,12209.2803165122,12851.8740173813,0.0,18903.9110853813,0.0
6652,12209.2558979516,0.0,0.0,4647.654531,0.0
6653,6058.31308575558,0.0,5843.372474,0.0,0.0
6654,2298.77523018204,0.0,3571.549452,0.0,0.0
6655,0.0,0.0,2183.832101,0.0,0.0
6656,0.0,0.0,0.0,264.3589849,0.0
6657,4911.36550401736,5169.85842528143,0.0,8579.35527128143,0.0
6658,28238.8255300311,24555.2314197313,0.0,30560.2756827313,0.0
6659,51566.2389011248,24555.2314197313,0.0,32527.5579857313,0.0
6660,74893.6056173917,24555.2314197313,0.0,36425.8099497313,0.0
6661,98220.9256789252,24555.2314197313,0.0,36081.4910597313,0.0
6662,98220.9256789252,0.206780896160605,0.0,11459.7569208962,0.0
6663,98220.9256789252,0.206780896160605,0.0,11459.6793608962,0.0
6664,83655.6608370738,0.0,13836.81498,0.0,0.0
6665,68236.1564836469,0.0,14648.37019,0.0,0.0
6666,50774.2459902813,0.0,16588.68532,0.0,0.0
6667,33397.1062417893,0.0,16508.18629,0.0,0.0
6668,18262.0050475768,0.0,14378.28268,0.0,0.0
6669,4758.11599725096,0.0,12828.6599,0.0,0.0
6670,0.0,0.0,4520.20115696802,8601.65604303198,0.0
6671,0.0,0.0,0.0,12996.17799,0.0
6672,0.0,0.0,0.0,14000.52586,0.0
6673,0.0,0.0,0.0,13406.9002,0.0
6674,0.0,0.0,0.0,14681.73683,0.0
6675,12857.5387592905,13534.251325569,0.0,26889.922665569,0.0
6676,12857.513044213,0.0,0.0,10680.41915,0.0
6677,4888.09821760797,0.0,7570.919656,0.0,0.0
6678,2863.33734772733,0.0,1923.513539,0.0,0.0
6679,0.0,0.0,2720.16504,0.0,0.0
6680,0.0,0.0,0.0,1499.916868,0.0
6681,4911.36550401736,5169.85842528143,0.0,9466.83644028143,0.0
6682,28238.8255300311,24555.2314197313,0.0,29641.1814437313,0.0
6683,51566.2389011248,24555.2314197313,0.0,34034.0731677313,0.0
6684,74893.6056173917,24555.2314197313,0.0,33490.2320677313,0.0
6685,98220.9256789252,24555.2314197313,0.0,34004.5783067313,0.0
6686,98220.9256789252,0.206780896160605,0.0,8117.85253389616,0.0
6687,98220.9256789252,0.206780896160605,0.0,7863.57413189616,0.0
6688,88856.3502054949,0.0,8896.16008,0.0,0.0
6689,78113.2394506892,0.0,10205.78639,0.0,0.0
6690,63412.0333505261,0.0,13965.99738,0.0,0.0
6691,38903.6708690546,0.0,23282.8238745346,0.0,7248.24271453455
6692,23971.5364932918,0.0,14185.45374,0.0,0.0
6693,13275.1094239031,0.0,10161.56017,0.0,0.0
6694,0.0,0.0,12611.32873,0.0,0.0
6695,0.0,0.0,0.0,12919.03157,0.0
6696,0.0,0.0,0.0,14240.67654,0.0
6697,0.0,0.0,0.0,13713.14957,0.0
6698,3593.54315786163,3782.6770082754,0.0,16376.6578282754,0.0
6699,26921.00581952,24555.2314197313,0.0,35604.7538597313,0.0
6700,26920.9519775084,0.0,0.0,8698.370862,0.0
6701,20265.4553345518,0.0,6322.670661,0.0,0.0
6702,10577.6100499569,0.0,9203.414516,0.0,0.0
6703,0.0,0.0,10048.70945,0.0,0.0
6704,0.0,0.0,0.0,10789.08316,0.0
6705,4911.36550401736,5169.85842528143,0.0,14771.9069142814,0.0
6706,28238.8255300311,24555.2314197313,0.0,37566.6295097313,0.0
6707,51566.2389011248,24555.2314197313,0.0,38133.5337297313,0.0
6708,74893.6056173917,24555.2314197313,0.0,36826.7911497313,0.0
6709,98220.9256789252,24555.2314197313,0.0,36315.2516997313,0.0
6710,98220.9256789252,0.206780896160605,0.0,13000.2419208962,0.0
6711,98220.9256789252,0.206780896160605,0.0,10510.9592408962,0.0
6712,87262.9006791791,0.0,10409.93713,0.0,0.0
6713,73111.3099428514,0.0,13443.8454,0.0,0.0
6714,54801.4907833894,0.0,17394.18929,0.0,0.0
6715,35713.32171725,0.0,18133.65649,0.0,0.0
6716,15715.9841432381,0.0,18997.40284,0.0,0.0
6717,2150.970016533,0.0,12886.73356,0.0,0.0
6718,0.0,0.0,2043.41742886332,13436.1031311367,0.0
6719,0.0,0.0,0.0,12709.64704,0.0
6720,0.0,0.0,0.0,12195.06382,0.0
6721,0.0,0.0,0.0,9739.185628,0.0
6722,11655.0431441032,12268.466467477,0.0,19031.325250477,0.0
6723,34982.4896827616,24555.2314197313,0.0,30909.3557717313,0.0
6724,34982.4197177823,0.0,0.0,6890.037591,0.0
6725,24272.5235213639,0.0,10174.33492,0.0,0.0
6726,11556.5794710537,0.0,12080.10073,0.0,0.0
6727,0.0,0.0,10978.72854,0.0,0.0
6728,0.0,0.0,0.0,11788.63295,0.0
6729,4911.36550401736,5169.85842528143,0.0,18386.4826652814,0.0
6730,28238.8255300311,24555.2314197313,0.0,35805.1386697313,0.0
6731,51566.2389011248,24555.2314197313,0.0,35637.1614297313,0.0
6732,74893.6056173917,24555.2314197313,0.0,34322.8579087313,0.0
6733,98220.9256789252,24555.2314197313,0.0,34760.3859697313,0.0
6734,98220.9256789252,0.206780896160605,0.0,8725.81798689616,0.0
6735,98220.9256789252,0.206780896160605,0.0,9497.10432689616,0.0
6736,87793.6856749686,0.0,9905.691384,0.0,0.0
6737,78264.2424675972,0.0,9052.804239,0.0,0.0
6738,65311.5898597188,0.0,12304.8712754238,0.0,2971.22507942379
6739,39463.8472157693,0.0,24555.2314197313,0.0,11477.9242497313
6740,26792.147824917,0.0,12038.03944,0.0,0.0
6741,13067.6791037793,0.0,13038.19438,0.0,0.0
6742,0.0,0.0,12414.27032,0.0,0.0
6743,0.0,0.0,0.0,9017.307213,0.0
6744,0.0,0.0,0.0,10052.93482,0.0
6745,0.0,0.0,0.0,8397.787039,0.0
6746,1239.22021839839,1304.4423351562,0.0,9137.23193515619,0.0
6747,24566.6875887027,24555.2314197313,0.0,34531.6643247313,0.0
6748,24566.6384553275,0.0,0.0,7413.604341,0.0
6749,14192.7873273138,0.0,9855.111895,0.0,0.0
6750,5255.08007647594,0.0,8490.794922,0.0,0.0
6751,0.0,0.0,4992.316088,0.0,0.0
6752,0.0,0.0,0.0,3406.752849,0.0
6753,4911.36550401736,5169.85842528143,0.0,10607.2287892814,0.0
6754,28238.8255300311,24555.2314197313,0.0,27686.8734657313,0.0
6755,51566.2389011248,24555.2314197313,0.0,28912.4313847313,0.0
6756,74893.6056173917,24555.2314197313,0.0,32801.7095277313,0.0
6757,98220.9256789252,24555.2314197313,0.0,32803.5856237313,0.0
6758,98220.9256789252,0.206780896160605,0.0,8530.61433889616,0.0
6759,98220.9256789252,0.206780896160605,0.0,7792.00340989616,0.0
6760,89572.9997686528,0.0,8215.342995,0.0,0.0
6761,79214.5778594954,0.0,9840.330625,0.0,0.0
6762,53665.0872134243,0.0,24271.8656060696,0.0,16888.4587630696
6763,27817.3678624801,0.0,24555.2314197313,0.0,15682.5278757313
6764,17655.1581214286,0.0,9654.046401,0.0,0.0
6765,10397.1351153229,0.0,6895.088311,0.0,0.0
6766,0.0,0.0,9877.258605,0.0,0.0
6767,0.0,0.0,0.0,9820.231908,0.0
6768,0.0,0.0,0.0,11887.37565,0.0
6769,0.0,0.0,0.0,15062.51443,0.0
6770,4694.4059561867,4941.47995388074,0.0,18283.2315338807,0.0
6771,28021.8664161195,24555.2314197313,0.0,37174.9671997313,0.0
6772,28021.8103723867,0.0,0.0,12357.07504,0.0
6773,15389.5042235028,0.0,12000.6376,0.0,0.0
6774,6681.19454028382,0.0,8272.864959,0.0,0.0
6775,0.0,0.0,6347.122119,0.0,0.0
6776,0.0,0.0,0.0,6233.686768,0.0
6777,4911.36550401736,5169.85842528143,0.0,11418.8615282814,0.0
6778,28238.8255300311,24555.2314197313,0.0,34017.4093647313,0.0
6779,51566.2389011248,24555.2314197313,0.0,36405.9170697313,0.0
6780,74893.6056173917,24555.2314197313,0.0,35759.6176397313,0.0
6781,98220.9256789252,24555.2314197313,0.0,34350.4677927313,0.0
6782,98220.9256789252,0.206780896160605,0.0,13077.4188308962,0.0
6783,98220.9256789252,0.206780896160605,0.0,16207.2037808962,0.0
6784,94293.3478740611,0.0,3731.01229486209,11847.8182551379,0.0
6785,77276.8506242075,0.0,16165.49323,0.0,0.0
6786,56952.6167547167,0.0,19307.87535,0.0,0.0
6787,37888.7200705359,0.0,18110.59364,0.0,0.0
6788,16362.3373457273,0.0,20449.9916,0.0,0.0
6789,0.0,0.0,15544.18939,0.0,0.0
6790,0.0,0.0,0.0,17271.67195,0.0
6791,0.0,0.0,0.0,13591.05159,0.0
6792,0.0,0.0,0.0,12883.07855,0.0
6793,0.0,0.0,0.0,11367.20385,0.0
6794,13249.0319027878,13946.3493713556,0.0,25182.1211313556,0.0
6795,36576.4752534688,24555.2314197313,0.0,38843.5044197313,0.0
6796,36576.4021005183,0.0,0.0,11823.13106,0.0
6797,24192.0838424509,0.0,11765.03285,0.0,0.0
6798,10038.6152898622,0.0,13445.74916,0.0,0.0
6799,0.0,0.0,9536.665452,0.0,0.0
6800,0.0,0.0,0.0,10803.77096,0.0
6801,4911.36550401736,5169.85842528143,0.0,14835.5249092814,0.0
6802,28238.8255300311,24555.2314197313,0.0,36244.7167797313,0.0
6803,51566.2389011248,24555.2314197313,0.0,37406.8421497313,0.0
6804,74893.6056173917,24555.2314197313,0.0,36887.8729297313,0.0
6805,98220.9256789252,24555.2314197313,0.0,38339.2724697313,0.0
6806,98220.9256789252,0.206780896160605,0.0,12408.7308208962,0.0
6807,98220.9256789252,0.206780896160605,0.0,11616.6836508962,0.0
6808,89816.8768898004,0.0,7983.65972990974,8965.08862009026,0.0
6809,71612.8069613098,0.0,17293.69578,0.0,0.0
6810,51941.2136830643,0.0,18687.87755,0.0,0.0
6811,32958.4145901106,0.0,18033.56045,0.0,0.0
6812,15478.7459890709,0.0,16605.62255,0.0,0.0
6813,0.0,0.0,14704.77928,0.0,0.0
6814,0.0,0.0,0.0,17018.14288,0.0
6815,0.0,0.0,0.0,13633.91251,0.0
6816,0.0,0.0,0.0,17841.05517,0.0
6817,0.0,0.0,0.0,11548.62027,0.0
6818,0.0,0.0,0.0,10519.75786,0.0
6819,11061.8774254827,11644.0815005081,0.0,20533.6138135081,0.0
6820,11061.8553017279,0.0,0.0,9188.004486,0.0
6821,6767.15505801729,0.0,4079.944214,0.0,0.0
6822,4156.06411212822,0.0,2480.523541,0.0,0.0
6823,0.0,0.0,3948.25301,0.0,0.0
6824,0.0,0.0,0.0,7072.318932,0.0
6825,4911.36550401736,5169.85842528143,0.0,13542.1790972814,0.0
6826,28238.8255300311,24555.2314197313,0.0,34535.9999497313,0.0
6827,51566.2389011248,24555.2314197313,0.0,36398.3126697313,0.0
6828,74893.6056173917,24555.2314197313,0.0,36806.1162397313,0.0
6829,98220.9256789252,24555.2314197313,0.0,38808.3124897313,0.0
6830,98220.9256789252,0.206780896160605,0.0,16834.0102708962,0.0
6831,98220.9256789252,0.206780896160605,0.0,15232.4012608962,0.0
6832,78676.6359949686,0.0,18566.88858,0.0,0.0
6833,58774.0998522229,0.0,18907.25985,0.0,0.0
6834,40442.9575882337,0.0,17414.47348,0.0,0.0
6835,24801.9329654764,0.0,14858.89655,0.0,0.0
6836,11402.3295826632,0.0,12729.57609,0.0,0.0
6837,427.81247274083,0.0,10425.76959,0.0,0.0
6838,0.0,0.0,406.421036260091,7690.38365973991,0.0
6839,0.0,0.0,0.0,7379.633698,0.0
6840,0.0,0.0,0.0,2997.71294,0.0
6841,0.0,0.0,0.0,5921.14122,0.0
6842,0.0,0.0,0.0,6216.185751,0.0
6843,17129.799182141,18031.3675601484,0.0,21778.4333071484,0.0
6844,17129.7649225427,0.0,0.0,4700.528919,0.0
6845,11072.3764588023,0.0,5754.486494,0.0,0.0
6846,5350.18258036516,0.0,5436.063147,0.0,0.0
6847,0.0,0.0,5082.663286,0.0,0.0
6848,0.0,0.0,0.0,3561.884432,0.0
6849,4911.36550401736,5169.85842528143,0.0,14689.1104552814,0.0
6850,28238.8255300311,24555.2314197313,0.0,31387.7763117313,0.0
6851,51566.2389011248,24555.2314197313,0.0,28457.4468777313,0.0
6852,74893.6056173917,24555.2314197313,0.0,32431.9110067313,0.0
6853,98220.9256789252,24555.2314197313,0.0,33070.5843757313,0.0
6854,98220.9256789252,0.206780896160605,0.0,10836.4222508962,0.0
6855,98220.9256789252,0.206780896160605,0.0,10316.3871308962,0.0
6856,89885.3780254949,0.0,7918.583651,0.0,0.0
6857,78843.7237073704,0.0,10489.40082,0.0,0.0
6858,63340.358118127,0.0,14728.0475067062,0.0,3270.68752670621
6859,37492.619416641,0.0,24555.2314197313,0.0,11336.2501297313
6860,25308.8750524548,0.0,11574.48591,0.0,0.0
6861,12469.9839189152,0.0,12196.89849,0.0,0.0
6862,0.0,0.0,11846.46103,0.0,0.0
6863,0.0,0.0,0.0,11581.26068,0.0
6864,0.0,0.0,0.0,10052.81211,0.0
6865,0.0,0.0,0.0,6395.07,0.0
6866,0.0,0.0,0.0,5440.200566,0.0
6867,12181.6498303589,12822.7892951147,0.0,12822.7892951147,0.0
6868,12181.6254670593,0.0,0.0,3797.949782,0.0
6869,7533.06006380834,0.0,4416.113988,0.0,0.0
6870,4423.05463453032,0.0,2954.490845,0.0,0.0
6871,0.0,0.0,4201.893499,0.0,0.0
6872,0.0,0.0,0.0,8416.252894,0.0
6873,4911.36550401736,5169.85842528143,0.0,11271.8575002814,0.0
6874,28238.8255300311,24555.2314197313,0.0,33712.0328397313,0.0
6875,51566.2389011248,24555.2314197313,0.0,37083.7395697313,0.0
6876,74893.6056173917,24555.2314197313,0.0,37954.6324697313,0.0
6877,98220.9256789252,24555.2314197313,0.0,37618.2520497313,0.0
6878,98220.9256789252,0.206780896160605,0.0,10976.8974208962,0.0
6879,98220.7292370738,0.0,0.0,9815.32133,0.0
6880,86500.5580482469,0.0,11133.97601,0.0,0.0
6881,72515.304983973,0.0,13285.82606,0.0,0.0
6882,46667.5479325932,0.0,24555.2314197313,0.0,12923.2900097313
6883,20819.8425767276,0.0,24555.2314197313,0.0,16363.3689737313
6884,14613.7029802003,0.0,5895.793059,0.0,0.0
6885,8415.7414612154,0.0,5888.035677,0.0,0.0
6886,163.455190785111,0.0,7839.655967,0.0,0.0
6887,0.0,0.0,155.282120680993,5998.35692531901,0.0
6888,0.0,0.0,0.0,3276.274486,0.0
6889,0.0,0.0,0.0,3522.496528,0.0
6890,9033.58908938154,9509.04114671741,0.0,15788.4017127174,0.0
6891,32361.0408709481,24555.2314197313,0.0,31721.1501937313,0.0
6892,32360.9761488663,0.0,0.0,7052.856377,0.0
6893,23907.2476016509,0.0,8030.980634,0.0,0.0
6894,12993.5778503136,0.0,10367.94084,0.0,0.0
6895,0.0,0.0,12343.87427,0.0,0.0
6896,0.0,0.0,0.0,11322.52229,0.0
6897,4911.36550401736,5169.85842528143,0.0,15983.2358652814,0.0
6898,28238.8255300311,24555.2314197313,0.0,34461.4644187313,0.0
6899,51566.2389011248,24555.2314197313,0.0,35091.4327297313,0.0
6900,74893.6056173917,24555.2314197313,0.0,36288.0426197313,0.0
6901,98220.9256789252,24555.2314197313,0.0,34730.5720997313,0.0
6902,98220.9256789252,0.206780896160605,0.0,12042.5821408962,0.0
6903,98220.9256789252,0.206780896160605,0.0,9891.18046089616,0.0
6904,89370.0383318107,0.0,8408.15636,0.0,0.0
6905,77144.7735180498,0.0,11613.83177,0.0,0.0
6906,55668.4005074242,0.0,20402.4077850247,0.0,5505.12084502468
6907,29820.6771498534,0.0,24555.2314197313,0.0,13489.3163897313
6908,20132.2946337622,0.0,9203.906731,0.0,0.0
6909,9654.58648075191,0.0,9953.784494,0.0,0.0
6910,0.0,0.0,9171.838813,0.0,0.0
6911,0.0,0.0,0.0,13484.45648,0.0
6912,0.0,0.0,0.0,12639.26092,0.0
6913,0.0,0.0,0.0,12326.64805,0.0
6914,6858.52639816301,7219.50147175053,0.0,20288.9039717505,0.0
6915,30185.9825298549,24555.2314197313,0.0,37191.1788797313,0.0
6916,30185.9221578899,0.0,0.0,10942.96743,0.0
6917,19265.9086070982,0.0,10373.95552,0.0,0.0
6918,8411.32470685994,0.0,10311.8181,0.0,0.0
6919,0.0,0.0,7990.74249,0.0,0.0
6920,0.0,0.0,0.0,7265.774548,0.0
6921,4911.36550401736,5169.85842528143,0.0,13480.7776842814,0.0
6922,28238.8255300311,24555.2314197313,0.0,35594.7990897313,0.0
6923,51566.2389011248,24555.2314197313,0.0,35370.3686797313,0.0
6924,74893.6056173917,24555.2314197313,0.0,36150.1322697313,0.0
6925,98220.9256789252,24555.2314197313,0.0,36687.3413297313,0.0
6926,98220.9256789252,0.206780896160605,0.0,11937.7757108962,0.0
6927,98220.9256789252,0.206780896160605,0.0,11290.2239808962,0.0
6928,86430.9844370738,0.0,11200.25756,0.0,0.0
6929,72367.3364698418,0.0,13360.30135,0.0,0.0
6930,55086.1804614846,0.0,16416.96071,0.0,0.0
6931,38808.8337010929,0.0,15463.3747586293,0.0,1597.42181862931
6932,25425.8441360571,0.0,12713.76635,0.0,0.0
6933,12094.8159791056,0.0,12664.42844,0.0,0.0
6934,0.0,0.0,11490.0522,0.0,0.0
6935,0.0,0.0,0.0,8230.472953,0.0
6936,0.0,0.0,0.0,13749.47096,0.0
6937,0.0,0.0,0.0,10258.51246,0.0
6938,11027.3911415489,11607.7801489988,0.0,21472.8601759988,0.0
6939,34354.8389355113,24555.2314197313,0.0,32800.5657577313,0.0
6940,34354.7702258335,0.0,0.0,13684.29524,0.0
6941,22189.1856636614,0.0,11557.24006,0.0,0.0
6942,11253.1713695006,0.0,10389.17142,0.0,0.0
6943,0.0,0.0,10690.49142,0.0,0.0
6944,0.0,0.0,0.0,10489.47009,0.0
6945,4911.36550401736,5169.85842528143,0.0,13714.1261262814,0.0
6946,28238.8255300311,24555.2314197313,0.0,35830.8160797313,0.0
6947,51566.2389011248,24555.2314197313,0.0,38525.5858297313,0.0
6948,74893.6056173917,24555.2314197313,0.0,36800.0840397313,0.0
6949,98220.9256789252,24555.2314197313,0.0,36011.1379097313,0.0
6950,98220.9256789252,0.206780896160605,0.0,12010.8622008962,0.0
6951,98220.9256789252,0.206780896160605,0.0,17002.1158208962,0.0
6952,82097.8074160212,0.0,15316.77573,0.0,0.0
6953,66636.1305677748,0.0,14688.43702,0.0,0.0
6954,53971.9380955137,0.0,12030.85624,0.0,0.0
6955,37849.6071832164,0.0,15316.11182,0.0,0.0
6956,18966.2674103179,0.0,17939.10087,0.0,0.0
6957,1575.68613041462,0.0,16521.01618,0.0,0.0
6958,0.0,0.0,1496.89883009024,14953.9834399098,0.0
6959,0.0,0.0,0.0,14138.10254,0.0
6960,0.0,0.0,0.0,14938.43424,0.0
6961,0.0,0.0,0.0,13222.44665,0.0
6962,11179.4617845913,11767.8545100961,0.0,24639.6497600961,0.0
6963,34506.9092744124,24555.2314197313,0.0,39577.6929997313,0.0
6964,34506.8402605939,0.0,0.0,12623.77361,0.0
6965,25225.415356387,0.0,8817.288096,0.0,0.0
6966,12694.8834318721,0.0,11903.9574,0.0,0.0
6967,0.0,0.0,12060.11514,0.0,0.0
6968,0.0,0.0,0.0,10609.70779,0.0
6969,4911.36550401736,5169.85842528143,0.0,14921.9479302814,0.0
6970,28238.8255300311,24555.2314197313,0.0,36111.1374797313,0.0
6971,51566.2389011248,24555.2314197313,0.0,34915.1032697313,0.0
6972,74893.6056173917,24555.2314197313,0.0,36675.3987597313,0.0
6973,98220.9256789252,24555.2314197313,0.0,34886.1974397313,0.0
6974,98220.9256789252,0.206780896160605,0.0,14363.9068608962,0.0
6975,98220.9256789252,0.206780896160605,0.0,16009.6848208962,0.0
6976,81723.0093999216,0.0,15672.8338452947,1515.14336470535,0.0
6977,65771.8981012712,0.0,15153.40046,0.0,0.0
6978,48339.2867153697,0.0,16560.85585,0.0,0.0
6979,31812.5090367963,0.0,15700.34695,0.0,0.0
6980,15695.3628012519,0.0,15311.22848,0.0,0.0
6981,0.0,0.0,14910.56484,0.0,0.0
6982,0.0,0.0,0.0,10853.53828,0.0
6983,0.0,0.0,0.0,9844.496115,0.0
6984,0.0,0.0,0.0,6526.557812,0.0
6985,0.0,0.0,0.0,8286.149557,0.0
6986,6595.90171049703,6943.05443210214,0.0,13975.8495961021,0.0
6987,29923.3583674383,24555.2314197313,0.0,31881.3538557313,0.0
6988,29923.2985207216,0.0,0.0,7559.09112,0.0
6989,21789.925689914,0.0,7726.647335,0.0,0.0
6990,11613.9787016416,0.0,9667.108238,0.0,0.0
6991,0.0,0.0,11033.2577,0.0,0.0
6992,0.0,0.0,0.0,10124.47134,0.0
6993,4911.36550401736,5169.85842528143,0.0,15177.8857652814,0.0
6994,28238.8255300311,24555.2314197313,0.0,34440.4165247313,0.0
6995,51566.2389011248,24555.2314197313,0.0,34453.3167987313,0.0
6996,74893.6056173917,24555.2314197313,0.0,37413.7416297313,0.0
6997,98220.9256789252,24555.2314197313,0.0,32408.7197597313,0.0
6998,98220.9256789252,0.206780896160605,0.0,9756.52027189616,0.0
6999,98220.9256789252,0.206780896160605,0.0,13812.9889108962,0.0
7000,84506.1880686528,0.0,13028.81411,0.0,0.0
7001,70534.9242562766,0.0,13272.54006,0.0,0.0
7002,56536.2629864281,0.0,13298.59419,0.0,0.0
7003,34750.6534804649,0.0,20696.2216117654,0.0,6654.17972176541
7004,22698.1639791579,0.0,11449.799,0.0,0.0
7005,9879.30971967207,0.0,12177.86842,0.0,0.0
7006,0.0,0.0,9385.325463,0.0,0.0
7007,0.0,0.0,0.0,13040.50064,0.0
7008,0.0,0.0,0.0,8709.668267,0.0
7009,0.0,0.0,0.0,3111.425694,0.0
7010,0.0,0.0,0.0,3297.064233,0.0
7011,21086.2403014312,22196.0424225591,0.0,28269.1316165591,0.0
7012,21086.1981289506,0.0,0.0,10166.32018,0.0
7013,13927.8665070806,0.0,6800.374977,0.0,0.0
7014,5391.98960292657,0.0,8109.056596,0.0,0.0
7015,0.0,0.0,5122.379878,0.0,0.0
7016,0.0,0.0,0.0,7341.505753,0.0
7017,4911.36550401736,5169.85842528143,0.0,12123.9758032814,0.0
7018,28238.8255300311,24555.2314197313,0.0,31624.6299297313,0.0
7019,51566.2389011248,24555.2314197313,0.0,31735.9318247313,0.0
7020,74893.6056173917,24555.2314197313,0.0,30839.1191867313,0.0
7021,98220.9256789252,24555.2314197313,0.0,28574.7564577313,0.0
7022,98220.9256789252,0.206780896160605,0.0,3830.35489089616,0.0
7023,98220.7292370738,0.0,0.0,5216.164441,0.0
7024,90201.7287798259,0.0,7617.863815,0.0,0.0
7025,81803.6408426841,0.0,7978.012157,0.0,0.0
7026,55955.8652146327,0.0,24555.2314197313,0.0,15811.0080987313
7027,30108.1412821325,0.0,24555.2314197313,0.0,16932.7047117313
7028,23351.4367374288,0.0,6418.812112,0.0,0.0
7029,14691.0470303448,0.0,8227.325854,0.0,0.0
7030,6892.16110193499,0.0,7408.913719,0.0,0.0
7031,2410.30450182331,0.0,4257.750675,0.0,0.0
7032,0.0,0.0,2289.78469715359,3770.21283884641,0.0
7033,0.0,0.0,0.0,2438.011305,0.0
7034,0.0,0.0,0.0,2032.860592,0.0
7035,0.0,0.0,0.0,3838.958052,0.0
7036,0.0,0.0,0.0,3591.374122,0.0
7037,0.0,0.0,0.0,0.0,0.0
7038,0.0,0.0,0.0,0.0,0.0
7039,0.0,0.0,0.0,0.0,0.0
7040,0.0,0.0,0.0,3319.334127,0.0
7041,4911.36550401736,5169.85842528143,0.0,8282.29391728143,0.0
7042,28238.8255300311,24555.2314197313,0.0,25468.7213100313,0.0
7043,51566.2389011248,24555.2314197313,0.0,24732.8964153313,0.0
7044,74893.6056173917,24555.2314197313,0.0,24805.0212003313,0.0
7045,98220.9256789252,24555.2314197313,0.0,25221.5252534313,0.0
7046,98220.9256789252,0.206780896160605,0.0,254.683024496161,0.0
7047,98220.9256789252,0.206780896160605,0.0,499.851514696161,0.0
7048,94750.3802770738,0.0,3296.831512,0.0,0.0
7049,89163.843674208,0.0,5307.029747,0.0,0.0
7050,77438.8629121647,0.0,11138.5623126381,0.0,901.253182638142
7051,51591.0960136691,0.0,24555.2314197313,0.0,12344.8620697313
7052,37206.5118841087,0.0,13665.2569,0.0,0.0
7053,18835.5424605586,0.0,17452.35026,0.0,0.0
7054,0.0,0.0,17893.72955,0.0,0.0
7055,0.0,0.0,0.0,16884.91234,0.0
7056,0.0,0.0,0.0,15491.03478,0.0
7057,0.0,0.0,0.0,15774.22382,0.0
7058,11310.7008157527,11906.000858687,0.0,26118.241698687,0.0
7059,34638.1480430958,24555.2314197313,0.0,36417.0723697313,0.0
7060,34638.0787667997,0.0,0.0,10134.35015,0.0
7061,23494.6637643264,0.0,10586.17844,0.0,0.0
7062,10401.1836276304,0.0,12438.76149,0.0,0.0
7063,0.0,0.0,9881.104684,0.0,0.0
7064,0.0,0.0,0.0,8955.600886,0.0
7065,4911.36550401736,5169.85842528143,0.0,16265.8934652814,0.0
7066,28238.8255300311,24555.2314197313,0.0,37434.7755797313,0.0
7067,51566.2389011248,24555.2314197313,0.0,39288.7358597313,0.0
7068,74893.6056173917,24555.2314197313,0.0,39847.7948897313,0.0
7069,98220.9256789252,24555.2314197313,0.0,34917.1019797313,0.0
7070,98220.9256789252,0.206780896160605,0.0,12192.7769108962,0.0
7071,98220.9256789252,0.206780896160605,0.0,15073.9163408962,0.0
7072,91678.7234292619,0.0,6214.90551742133,11430.5925825787,0.0
7073,74285.4653876045,0.0,16523.42095,0.0,0.0
7074,55281.7486693053,0.0,18053.38974,0.0,0.0
7075,34895.2479163343,0.0,19367.07068,0.0,0.0
7076,17215.5508311016,0.0,16795.64593,0.0,0.0
7077,0.0,0.0,16354.74058,0.0,0.0
7078,0.0,0.0,0.0,12725.92485,0.0
7079,0.0,0.0,0.0,11342.651,0.0
7080,0.0,0.0,0.0,10479.50723,0.0
7081,0.0,0.0,0.0,8714.494334,0.0
7082,0.0,0.0,0.0,11539.48514,0.0
7083,23156.2373441314,24374.986678033,0.0,34080.349976033,0.0
7084,23156.1910316567,0.0,0.0,8315.957339,0.0
7085,13778.6144150641,0.0,8908.653789,0.0,0.0
7086,5643.12814941419,0.0,7728.685773,0.0,0.0
7087,0.0,0.0,5360.96102,0.0,0.0
7088,0.0,0.0,0.0,2890.403763,0.0
7089,4911.36550401736,5169.85842528143,0.0,10040.4607942814,0.0
7090,28238.8255300311,24555.2314197313,0.0,34502.8887627313,0.0
7091,51566.2389011248,24555.2314197313,0.0,33571.2442637313,0.0
7092,74893.6056173917,24555.2314197313,0.0,32952.0429017313,0.0
7093,98220.9256789252,24555.2314197313,0.0,34372.7861827313,0.0
7094,98220.9256789252,0.206780896160605,0.0,10162.9656508962,0.0
7095,98220.9256789252,0.206780896160605,0.0,12490.9448108962,0.0
7096,88091.6692802317,0.0,9622.606959,0.0,0.0
7097,77936.9917168932,0.0,9646.776311,0.0,0.0
7098,57928.8376285109,0.0,19007.5983036789,0.0,12866.3779996789
7099,32081.1097500659,0.0,24555.2314197313,0.0,17220.7840447313
7100,24171.8642520569,0.0,7513.722269,0.0,0.0
7101,13359.4273714863,0.0,10271.76911,0.0,0.0
7102,0.0,0.0,12691.43062,0.0,0.0
7103,0.0,0.0,0.0,11595.89511,0.0
7104,0.0,0.0,0.0,11677.33162,0.0
7105,0.0,0.0,0.0,7773.022386,0.0
7106,487.60482254162,513.268234254337,0.0,9151.53469525434,0.0
7107,23815.0736960767,24555.2314197313,0.0,30808.8549017313,0.0
7108,23815.0260659293,0.0,0.0,5313.858652,0.0
7109,18540.7845327193,0.0,5010.484208,0.0,0.0
7110,7648.20669325549,0.0,10347.91372,0.0,0.0
7111,0.0,0.0,7265.781827,0.0,0.0
7112,0.0,0.0,0.0,7893.905601,0.0
7113,4911.36550401736,5169.85842528143,0.0,14417.3867662814,0.0
7114,28238.8255300311,24555.2314197313,0.0,34460.8849947313,0.0
7115,51566.2389011248,24555.2314197313,0.0,34108.2483477313,0.0
7116,74893.6056173917,24555.2314197313,0.0,35953.8247597313,0.0
7117,98220.9256789252,24555.2314197313,0.0,36601.8193097313,0.0
7118,98220.9256789252,0.206780896160605,0.0,12726.2078308962,0.0
7119,98220.9256789252,0.206780896160605,0.0,14900.0307108962,0.0
7120,83569.5547212844,0.0,13918.61579,0.0,0.0
7121,69070.8998137539,0.0,13773.56338,0.0,0.0
7122,50994.1434509016,0.0,17172.78731,0.0,0.0
7123,32903.6947468252,0.0,17185.82938,0.0,0.0
7124,14878.5832552252,0.0,17123.7934,0.0,0.0
7125,3711.72044542713,0.0,10608.4914,0.0,0.0
7126,0.0,0.0,3526.12737088692,8900.32871911308,0.0
7127,0.0,0.0,0.0,15437.32765,0.0
7128,0.0,0.0,0.0,15008.77077,0.0
7129,0.0,0.0,0.0,12505.53531,0.0
7130,0.0,0.0,0.0,9155.166757,0.0
7131,15636.711214045,16459.6960147843,0.0,24799.4286317842,0.0
7132,15636.6799406226,0.0,0.0,7712.932498,0.0
7133,7841.98575989431,0.0,7404.929762,0.0,0.0
7134,2528.48771171227,0.0,5047.808246,0.0,0.0
7135,0.0,0.0,2402.058522,0.0,0.0
7136,0.0,0.0,0.0,767.555385,0.0
7137,4911.36550401736,5169.85842528143,0.0,11341.9958782814,0.0
7138,28238.8255300311,24555.2314197313,0.0,31150.5068447313,0.0
7139,51566.2389011248,24555.2314197313,0.0,34878.6457597313,0.0
7140,74893.6056173917,24555.2314197313,0.0,35851.9322697313,0.0
7141,98220.9256789252,24555.2314197313,0.0,37555.6610297313,0.0
7142,98220.9256789252,0.206780896160605,0.0,17021.4975208962,0.0
7143,98220.9256789252,0.206780896160605,0.0,15204.6978308962,0.0
7144,84814.5525398639,0.0,12735.8678623495,2415.24892765053,0.0
7145,68892.6070160219,0.0,15125.6871,0.0,0.0
7146,50977.8347781763,0.0,17018.90273,0.0,0.0
7147,33238.946496191,0.0,16851.84701,0.0,0.0
7148,16393.3595235612,0.0,16003.24447,0.0,0.0
7149,0.0,0.0,15573.6604,0.0,0.0
7150,0.0,0.0,0.0,10960.10711,0.0
7151,0.0,0.0,0.0,7623.09724,0.0
7152,0.0,0.0,0.0,7433.065144,0.0
7153,0.0,0.0,0.0,6523.132431,0.0
7154,16419.2360763966,17283.4063962069,0.0,28895.6209862069,0.0
7155,39746.6730866691,24555.2314197313,0.0,36291.9836897313,0.0
7156,39746.593593323,0.0,0.0,14927.29984,0.0
7157,24821.6865317147,0.0,14178.58619,0.0,0.0
7158,12875.7497830785,0.0,11348.59275,0.0,0.0
7159,0.0,0.0,12231.93783,0.0,0.0
7160,0.0,0.0,0.0,12188.24918,0.0
7161,4911.36550401736,5169.85842528143,0.0,17301.7717752814,0.0
7162,28238.8255300311,24555.2314197313,0.0,37020.1990397313,0.0
7163,51566.2389011248,24555.2314197313,0.0,34307.4388357313,0.0
7164,74893.6056173917,24555.2314197313,0.0,35951.5553397313,0.0
7165,98220.9256789252,24555.2314197313,0.0,40724.6788897313,0.0
7166,98220.9256789252,0.206780896160605,0.0,15606.7687508962,0.0
7167,98220.9256789252,0.206780896160605,0.0,12825.6382108962,0.0
7168,96182.3551355868,0.0,1936.45539641271,13532.7589335873,0.0
7169,74458.869455087,0.0,20637.12865,0.0,0.0
7170,53613.569400506,0.0,19802.89358,0.0,0.0
7171,34656.0319102093,0.0,18009.55875,0.0,0.0
7172,15762.2306507771,0.0,17949.04535,0.0,0.0
7173,0.0,0.0,14974.08917,0.0,0.0
7174,0.0,0.0,0.0,15557.10771,0.0
7175,0.0,0.0,0.0,15089.31807,0.0
7176,0.0,0.0,0.0,12129.75469,0.0
7177,0.0,0.0,0.0,6228.236614,0.0
7178,0.0,0.0,0.0,6141.126116,0.0
7179,4396.30734952055,4627.69194686374,0.0,13209.6150908637,0.0
7180,4396.29855690585,0.0,0.0,3984.301621,0.0
7181,593.154368519263,0.0,3612.978626,0.0,0.0
7182,0.0,0.0,563.4955231,0.0,0.0
7183,0.0,0.0,0.0,0.0,0.0
7184,0.0,0.0,0.0,2038.561038,0.0
7185,4911.36550401736,5169.85842528143,0.0,7329.44596828143,0.0
7186,28238.8255300311,24555.2314197313,0.0,26767.9262747313,0.0
7187,51566.2389011248,24555.2314197313,0.0,28596.9359867313,0.0
7188,74893.6056173917,24555.2314197313,0.0,29568.3485247313,0.0
7189,98220.9256789252,24555.2314197313,0.0,31375.5259127313,0.0
7190,98220.9256789252,0.206780896160605,0.0,7017.91388289616,0.0
7191,98220.7292370738,0.0,0.0,8943.762108,0.0
7192,86719.4489640364,0.0,10926.02964,0.0,0.0
7193,75819.1341251385,0.0,10355.13433,0.0,0.0
7194,49971.3704661005,0.0,24555.2314197313,0.0,17622.9426237313
7195,24123.6585025898,0.0,24555.2314197313,0.0,18640.6914167313
7196,18195.2830605359,0.0,5631.910835,0.0,0.0
7197,10581.5805426014,0.0,7232.982821,0.0,0.0
7198,833.541905756068,0.0,9260.6166,0.0,0.0
7199,0.0,0.0,791.863226738644,6458.62631626136,0.0
7200,0.0,0.0,0.0,7853.726364,0.0
7201,0.0,0.0,0.0,5802.947809,0.0
7202,4545.97010804876,4785.23169268291,0.0,8364.91128168291,0.0
7203,27873.4308648533,24555.2314197313,0.0,28777.2046267313,0.0
7204,27873.3751179915,0.0,0.0,6824.846428,0.0
7205,20044.8777038729,0.0,7437.019584,0.0,0.0
7206,13388.1113762228,0.0,6323.889926,0.0,0.0
7207,0.0,0.0,12718.68037,0.0,0.0
7208,0.0,0.0,0.0,13362.57453,0.0
7209,4911.36550401736,5169.85842528143,0.0,16349.9019052814,0.0
7210,28238.8255300311,24555.2314197313,0.0,39380.6190297313,0.0
7211,51566.2389011248,24555.2314197313,0.0,41095.0478397313,0.0
7212,74893.6056173917,24555.2314197313,0.0,37110.3251997313,0.0
7213,98220.9256789252,24555.2314197313,0.0,37834.9825497313,0.0
7214,98220.9256789252,0.206780896160605,0.0,15176.5407608962,0.0
7215,98220.9256789252,0.206780896160605,0.0,13093.8017408962,0.0
7216,86344.9909633896,0.0,11281.95136,0.0,0.0
7217,70731.0278207761,0.0,14833.10093,0.0,0.0
7218,51377.3700001439,0.0,18385.8405406477,0.0,3472.15638064773
7219,25529.6552246341,0.0,24555.2314197313,0.0,12415.6428997313
7220,16653.4325116395,0.0,8432.363071,0.0,0.0
7221,7696.07144477447,0.0,8509.461372,0.0,0.0
7222,0.0,0.0,7311.25325,0.0,0.0
7223,0.0,0.0,0.0,8874.244797,0.0
7224,0.0,0.0,0.0,7150.559679,0.0
7225,0.0,0.0,0.0,8538.084942,0.0
7226,0.0,0.0,0.0,8762.808289,0.0
7227,18138.7819203252,19093.4546529739,0.0,30045.2698229739,0.0
7228,18138.7456427613,0.0,0.0,7044.604208,0.0
7229,11357.2077694806,0.0,6442.426516,0.0,0.0
7230,4621.21672980188,0.0,6399.169909,0.0,0.0
7231,0.0,0.0,4390.147113,0.0,0.0
7232,0.0,0.0,0.0,4531.106879,0.0
7233,4911.36550401736,5169.85842528143,0.0,13403.6969482814,0.0
7234,28238.8255300311,24555.2314197313,0.0,34506.8349167313,0.0
7235,51566.2389011248,24555.2314197313,0.0,34449.4898257313,0.0
7236,74893.6056173917,24555.2314197313,0.0,34970.8824597313,0.0
7237,98220.9256789252,24555.2314197313,0.0,34736.6718797313,0.0
7238,98220.9256789252,0.206780896160605,0.0,6343.75754089616,0.0
7239,98220.7292370738,0.0,0.0,5026.671603,0.0
7240,89721.901576668,0.0,8073.699658,0.0,0.0
7241,81374.5184002333,0.0,7929.843546,0.0,0.0
7242,55526.7436304267,0.0,24555.2314197313,0.0,15249.2302087313
7243,29679.0205561696,0.0,24555.2314197313,0.0,12580.6974197313
7244,17989.5699560233,0.0,11104.92168,0.0,0.0
7245,9922.99055267284,0.0,7663.216253,0.0,0.0
7246,773.491233007526,0.0,8692.0055,0.0,0.0
7247,0.0,0.0,734.815201723807,9241.16231227619,0.0
7248,0.0,0.0,0.0,12173.08081,0.0
7249,0.0,0.0,0.0,8523.063808,0.0
7250,0.0,0.0,0.0,7555.153249,0.0
7251,18686.9031917073,19670.4244123235,0.0,29959.7224423235,0.0
7252,18686.8658179009,0.0,0.0,7992.082209,0.0
7253,10846.177013643,0.0,7448.618859,0.0,0.0
7254,3646.96026444684,0.0,6839.235304,0.0,0.0
7255,0.0,0.0,3464.605322,0.0,0.0
7256,0.0,0.0,0.0,0.0,0.0
7257,4911.36550401736,5169.85842528143,0.0,10149.5734912814,0.0
7258,28238.8255300311,24555.2314197313,0.0,31573.2073957313,0.0
7259,51566.2389011248,24555.2314197313,0.0,33795.4468237313,0.0
7260,74893.6056173917,24555.2314197313,0.0,33245.5230507313,0.0
7261,98220.9256789252,24555.2314197313,0.0,33826.0446657313,0.0
7262,98220.9256789252,0.206780896160605,0.0,8732.72483289616,0.0
7263,98220.9256789252,0.206780896160605,0.0,10351.3413608962,0.0
7264,83803.5774791791,0.0,13696.29417,0.0,0.0
7265,68096.4659983399,0.0,14921.59668,0.0,0.0
7266,55814.9760475132,0.0,11667.28607,0.0,0.0
7267,40380.2909438769,0.0,14662.8448,0.0,0.0
7268,24870.1412780318,0.0,14734.56546,0.0,0.0
7269,12766.1919588019,0.0,11498.7046,0.0,0.0
7270,0.0,0.0,12127.8581050971,103.330254902911,0.0
7271,0.0,0.0,0.0,12209.3053,0.0
7272,0.0,0.0,0.0,9678.902531,0.0
7273,0.0,0.0,0.0,9814.117215,0.0
7274,17079.1790370259,17978.0831968694,0.0,24445.8360338694,0.0
7275,40406.6147274126,24555.2314197313,0.0,30835.8843977313,0.0
7276,40406.5339141831,0.0,0.0,10870.55143,0.0
7277,26334.2668484837,0.0,13368.57694,0.0,0.0
7278,14805.7644852132,0.0,10952.02721,0.0,0.0
7279,0.0,0.0,14065.44813,0.0,0.0
7280,0.0,0.0,0.0,14094.63837,0.0
7281,4911.36550401736,5169.85842528143,0.0,19783.0341852814,0.0
7282,28238.8255300311,24555.2314197313,0.0,40293.8982697313,0.0
7283,51566.2389011248,24555.2314197313,0.0,39280.1988397313,0.0
7284,74893.6056173917,24555.2314197313,0.0,37893.3806097313,0.0
7285,98220.9256789252,24555.2314197313,0.0,35764.2497897313,0.0
7286,98220.9256789252,0.206780896160605,0.0,10186.6209808962,0.0
7287,98220.9256789252,0.206780896160605,0.0,14885.4365208962,0.0
7288,81542.4707739159,0.0,15844.34554,0.0,0.0
7289,66786.921541606,0.0,14017.61684,0.0,0.0
7290,51056.9518519734,0.0,14943.34431,0.0,0.0
7291,33207.9310222802,0.0,16956.47278,0.0,0.0
7292,16391.4488590498,0.0,15975.59496,0.0,0.0
7293,3523.76311825733,0.0,12224.27031,0.0,0.0
7294,0.0,0.0,3347.56826719454,5962.94212380546,0.0
7295,0.0,0.0,0.0,10073.32703,0.0
7296,0.0,0.0,0.0,7930.6725,0.0
7297,0.0,0.0,0.0,5618.432509,0.0
7298,0.0,0.0,0.0,4861.061499,0.0
7299,5572.43006834575,5865.71586141658,0.0,10437.7001084166,0.0
7300,5572.41892348561,0.0,0.0,2020.493187,0.0
7301,1808.98428180566,0.0,3575.252322,0.0,0.0
7302,1493.60276088973,0.0,299.6090078,0.0,0.0
7303,0.0,0.0,1418.919785,0.0,0.0
7304,0.0,0.0,0.0,2398.741564,0.0
7305,4911.36550401736,5169.85842528143,0.0,11595.5434562814,0.0
7306,28238.8255300311,24555.2314197313,0.0,32447.0877497313,0.0
7307,51566.2389011248,24555.2314197313,0.0,30818.0440447313,0.0
7308,74893.6056173917,24555.2314197313,0.0,28751.6976537313,0.0
7309,98220.9256789252,24555.2314197313,0.0,30157.6195927313,0.0
7310,98220.9256789252,0.206780896160605,0.0,7236.90934989616,0.0
7311,98220.9256789252,0.206780896160605,0.0,7693.12389989616,0.0
7312,88042.804742337,0.0,9669.02827,0.0,0.0
7313,74233.8178251486,0.0,13118.37029,0.0,0.0
7314,55899.0069760974,0.0,17417.9292623447,0.0,5368.06745234473
7315,30051.2831573137,0.0,24555.2314197313,0.0,12984.0906397313
7316,20468.1439715895,0.0,9103.925129,0.0,0.0
7317,11664.4928763542,0.0,8363.429651,0.0,0.0
7318,0.0,0.0,11081.24607,0.0,0.0
7319,0.0,0.0,0.0,9244.091832,0.0
7320,0.0,0.0,0.0,8097.932039,0.0
7321,0.0,0.0,0.0,7762.318941,0.0
7322,0.0,0.0,0.0,7646.098898,0.0
7323,16045.4202539266,16889.9160567649,0.0,25372.6629997649,0.0
7324,16045.3881630861,0.0,0.0,5855.153564,0.0
7325,10885.2832828361,0.0,4902.06915,0.0,0.0
7326,6165.60846595377,0.0,4483.670394,0.0,0.0
7327,0.0,0.0,5857.316328,0.0,0.0
7328,0.0,0.0,0.0,5260.39212,0.0
7329,4911.36550401736,5169.85842528143,0.0,11554.4413312814,0.0
7330,28238.8255300311,24555.2314197313,0.0,31563.0018167313,0.0
7331,51566.2389011248,24555.2314197313,0.0,30002.0432457313,0.0
7332,74893.6056173917,24555.2314197313,0.0,30889.1794367313,0.0
7333,98220.9256789252,24555.2314197313,0.0,31674.6272197313,0.0
7334,98220.9256789252,0.206780896160605,0.0,8371.02300789616,0.0
7335,98220.7292370738,0.0,0.0,7165.168528,0.0
7336,92076.5484261417,0.0,5836.785151,0.0,0.0
7337,85205.3758614659,0.0,6527.438991,0.0,0.0
7338,59357.5934299444,0.0,24555.2314197313,0.0,15984.6986477313
7339,33509.8626939878,0.0,24555.2314197313,0.0,16017.2215887313
7340,23769.4640068939,0.0,9253.315084,0.0,0.0
7341,15018.0448858607,0.0,8313.803003,0.0,0.0
7342,9910.22056134985,0.0,4852.404574,0.0,0.0
7343,3895.98311038241,0.0,5713.506749,0.0,0.0
7344,0.0,0.0,3701.17655249538,2855.74690950462,0.0
7345,0.0,0.0,0.0,4292.769071,0.0
7346,0.0,0.0,0.0,5114.289851,0.0
7347,16832.0970599443,17717.9969052046,0.0,21205.1132332046,0.0
7348,16832.0633957502,0.0,0.0,3152.494122,0.0
7349,12947.5105410971,0.0,3690.293231,0.0,0.0
7350,7116.72222291813,0.0,5539.224302,0.0,0.0
7351,0.0,0.0,6760.87259,0.0,0.0
7352,0.0,0.0,0.0,5477.620965,0.0
7353,4911.36550401736,5169.85842528143,0.0,11552.9121452814,0.0
7354,28238.8255300311,24555.2314197313,0.0,32381.6274977313,0.0
7355,51566.2389011248,24555.2314197313,0.0,33202.8097787313,0.0
7356,74893.6056173917,24555.2314197313,0.0,34021.8619547313,0.0
7357,98220.9256789252,24555.2314197313,0.0,36212.6043297313,0.0
7358,98220.9256789252,0.206780896160605,0.0,12876.3022308962,0.0
7359,98220.9256789252,0.206780896160605,0.0,12659.8775008962,0.0
7360,85665.9090476001,0.0,11927.07918,0.0,0.0
7361,74844.8361999926,0.0,10279.85644,0.0,0.0
7362,50657.3476072781,0.0,22977.9719578899,0.0,12203.6301678899
7363,24809.6342718131,0.0,24555.2314197313,0.0,16561.0836667313
7364,17990.9126830709,0.0,6477.738371,0.0,0.0
7365,8759.04383071924,0.0,8770.241227,0.0,0.0
7366,0.0,0.0,8321.074997,0.0,0.0
7367,0.0,0.0,0.0,9194.632596,0.0
7368,0.0,0.0,0.0,9003.639811,0.0
7369,0.0,0.0,0.0,5172.454845,0.0
7370,924.523407732709,973.182534455484,0.0,9115.09551745548,0.0
7371,24251.9914074306,24555.2314197313,0.0,33337.9360797313,0.0
7372,24251.9429034478,0.0,0.0,7642.244252,0.0
7373,14928.2817121936,0.0,8857.432053,0.0,0.0
7374,7144.13087141964,0.0,7394.914935,0.0,0.0
7375,0.0,0.0,6786.910754,0.0,0.0
7376,0.0,0.0,0.0,6790.424605,0.0
7377,4911.36550401736,5169.85842528143,0.0,13315.2032302814,0.0
7378,28238.8255300311,24555.2314197313,0.0,34632.3599897313,0.0
7379,51566.2389011248,24555.2314197313,0.0,36124.7641997313,0.0
7380,74893.6056173917,24555.2314197313,0.0,34229.4770807313,0.0
7381,98220.9256789252,24555.2314197313,0.0,35310.0687497313,0.0
7382,98220.9256789252,0.206780896160605,0.0,11303.9017308962,0.0
7383,98220.9256789252,0.206780896160605,0.0,10818.6031108962,0.0
7384,86239.6458686528,0.0,11382.0292,0.0,0.0
7385,72499.4784525189,0.0,13052.99519,0.0,0.0
7386,57810.5566397173,0.0,13954.3379731525,0.0,3608.33885315247
7387,31962.8289978343,0.0,24555.2314197313,0.0,15016.2492967313
7388,21443.5347774394,0.0,9993.26878,0.0,0.0
7389,11586.7638893172,0.0,9363.891601,0.0,0.0
7390,0.0,0.0,11007.40368,0.0,0.0
7391,0.0,0.0,0.0,9611.228154,0.0
7392,0.0,0.0,0.0,8917.633721,0.0
7393,0.0,0.0,0.0,5779.458249,0.0
7394,0.0,0.0,0.0,6035.937334,0.0
7395,20020.051705295,21073.7386371526,0.0,26585.5218051526,0.0
7396,20020.0116651915,0.0,0.0,8324.207199,0.0
7397,13183.9504493787,0.0,6494.220117,0.0,0.0
7398,7733.89681726732,0.0,5177.525901,0.0,0.0
7399,0.0,0.0,7347.187282,0.0,0.0
7400,0.0,0.0,0.0,7170.355889,0.0
7401,4911.36550401736,5169.85842528143,0.0,10408.7133852814,0.0
7402,28238.8255300311,24555.2314197313,0.0,31958.1970567313,0.0
7403,51566.2389011248,24555.2314197313,0.0,32158.9103187313,0.0
7404,74893.6056173917,24555.2314197313,0.0,33186.0590607313,0.0
7405,98220.9256789252,24555.2314197313,0.0,35700.3948097313,0.0
7406,98220.9256789252,0.206780896160605,0.0,10522.2389608962,0.0
7407,98220.7292370738,0.0,0.0,10256.45655,0.0
7408,88269.2320429838,0.0,9453.735715,0.0,0.0
7409,76770.7909360987,0.0,10923.35134,0.0,0.0
7410,50923.025373747,0.0,24555.2314197313,0.0,15509.1774567313
7411,25075.3115069265,0.0,24555.2314197313,0.0,18150.7148837313
7412,18499.840940514,0.0,6246.649395,0.0,0.0
7413,10890.0524418848,0.0,7229.263924,0.0,0.0
7414,3959.93224388513,0.0,6583.593497,0.0,0.0
7415,0.0,0.0,3761.92810781961,2286.86336418039,0.0
7416,0.0,0.0,0.0,6680.046507,0.0
7417,0.0,0.0,0.0,2702.748371,0.0
7418,0.0,0.0,0.0,6991.540185,0.0
7419,10508.3941875666,11061.4675658595,0.0,16432.1871958595,0.0
7420,10508.3731707782,0.0,0.0,4988.333045,0.0
7421,5878.23843613711,0.0,4398.608032,0.0,0.0
7422,3204.56695966023,0.0,2539.976734,0.0,0.0
7423,0.0,0.0,3044.332523,0.0,0.0
7424,0.0,0.0,0.0,63.07768745,0.0
7425,4911.36550401736,5169.85842528143,0.0,5760.13478108143,0.0
7426,28238.8255300311,24555.2314197313,0.0,25199.7896264313,0.0
7427,51566.2389011248,24555.2314197313,0.0,27332.8107097313,0.0
7428,74893.6056173917,24555.2314197313,0.0,30433.0233597313,0.0
7429,98220.9256789252,24555.2314197313,0.0,29828.8765077313,0.0
7430,98220.9256789252,0.206780896160605,0.0,9826.97837389616,0.0
7431,98220.7292370738,0.0,0.0,9354.821951,0.0
7432,89395.7965545627,0.0,8383.499429,0.0,0.0
7433,80409.1154934959,0.0,8537.177156,0.0,0.0
7434,54561.3426544952,0.0,24555.2314197313,0.0,14620.8768617313
7435,28713.6215110401,0.0,24555.2314197313,0.0,14511.9236797313
7436,17638.8717680076,0.0,10520.9577,0.0,0.0
7437,8877.76083342195,0.0,8323.021874,0.0,0.0
7438,842.3371684266,0.0,7633.635614,0.0,0.0
7439,0.0,0.0,800.21870956465,6886.83629543535,0.0
7440,0.0,0.0,0.0,10797.38593,0.0
7441,0.0,0.0,0.0,7104.196284,0.0
7442,0.0,0.0,0.0,7597.513156,0.0
7443,19041.3055096666,20043.4794838596,0.0,26778.7578888596,0.0
7444,19041.2674270556,0.0,0.0,5576.80342,0.0
7445,11754.4050676786,0.0,6922.483063,0.0,0.0
7446,5809.96055992112,0.0,5647.199949,0.0,0.0
7447,0.0,0.0,5519.451493,0.0,0.0
7448,0.0,0.0,0.0,8831.959761,0.0
7449,4911.36550401736,5169.85842528143,0.0,14384.6398002814,0.0
7450,28238.8255300311,24555.2314197313,0.0,32472.8313767313,0.0
7451,51566.2389011248,24555.2314197313,0.0,31830.9663377313,0.0
7452,74893.6056173917,24555.2314197313,0.0,33973.5250327313,0.0
7453,98220.9256789252,24555.2314197313,0.0,35460.0166397313,0.0
7454,98220.9256789252,0.206780896160605,0.0,9583.34293289616,0.0
7455,98220.7292370738,0.0,0.0,9990.465931,0.0
7456,88549.3076671943,0.0,9187.663872,0.0,0.0
7457,78210.5830148948,0.0,9821.620176,0.0,0.0
7458,52362.814572959,0.0,24555.2314197313,0.0,11951.2461897313
7459,26515.09782656,0.0,24555.2314197313,0.0,14664.6510567313
7460,17994.9383658381,0.0,8094.101109,0.0,0.0
7461,9942.64769701397,0.0,7649.641945,0.0,0.0
7462,1995.18472329753,0.0,7550.070934,0.0,0.0
7463,0.0,0.0,1895.42169628167,5786.96817371833,0.0
7464,0.0,0.0,0.0,8716.822787,0.0
7465,0.0,0.0,0.0,8122.011152,0.0
7466,0.0,0.0,0.0,6306.06262,0.0
7467,19636.7546139309,20670.2680146641,0.0,28075.7693866641,0.0
7468,19636.7153404216,0.0,0.0,7165.316711,0.0
7469,11380.7514564646,0.0,7843.12838,0.0,0.0
7470,5642.74401601435,0.0,5451.085445,0.0,0.0
7471,0.0,0.0,5360.596094,0.0,0.0
7472,0.0,0.0,0.0,3738.814745,0.0
7473,4911.36550401736,5169.85842528143,0.0,9812.14039228143,0.0
7474,28238.8255300311,24555.2314197313,0.0,31998.3426567313,0.0
7475,51566.2389011248,24555.2314197313,0.0,35570.6971897313,0.0
7476,74893.6056173917,24555.2314197313,0.0,34452.7125927313,0.0
7477,98220.9256789252,24555.2314197313,0.0,34039.5429027313,0.0
7478,98220.9256789252,0.206780896160605,0.0,10995.3050408962,0.0
7479,98220.7292370738,0.0,0.0,6797.965281,0.0
7480,91958.1227492996,0.0,5949.289544,0.0,0.0
7481,87253.6651320014,0.0,4469.060016,0.0,0.0
7482,61405.8786039014,0.0,24555.2314197313,0.0,18818.8260217313
7483,35558.1437713744,0.0,24555.2314197313,0.0,17960.2149317313
7484,26714.3241508763,0.0,8401.561079,0.0,0.0
7485,17063.0848748596,0.0,9168.626555,0.0,0.0
7486,6721.44656342672,0.0,9824.523976,0.0,0.0
7487,0.0,0.0,6385.36146450691,4127.50454549309,0.0
7488,0.0,0.0,0.0,10633.76415,0.0
7489,0.0,0.0,0.0,7128.46775,0.0
7490,0.0,0.0,0.0,7257.293411,0.0
7491,22848.2304222718,24050.7688655493,0.0,31964.0418855493,0.0
7492,22848.184725811,0.0,0.0,7822.627885,0.0
7493,15197.6203168099,0.0,7267.992777,0.0,0.0
7494,6147.62676367458,0.0,8597.465,0.0,0.0
7495,0.0,0.0,5840.233745,0.0,0.0
7496,0.0,0.0,0.0,7247.961356,0.0
7497,4911.36550401736,5169.85842528143,0.0,14180.4983942814,0.0
7498,28238.8255300311,24555.2314197313,0.0,36065.7777797313,0.0
7499,51566.2389011248,24555.2314197313,0.0,36116.2442497313,0.0
7500,74893.6056173917,24555.2314197313,0.0,38114.7083497313,0.0
7501,98220.9256789252,24555.2314197313,0.0,36173.6601597313,0.0
7502,98220.9256789252,0.206780896160605,0.0,10502.8936508962,0.0
7503,98220.9256789252,0.206780896160605,0.0,10160.2913908962,0.0
7504,86261.0343318107,0.0,11361.71016,0.0,0.0
7505,74834.6348728999,0.0,10854.91559,0.0,0.0
7506,61429.0564773144,0.0,12735.15729,0.0,0.0
7507,39526.9709715634,0.0,20806.8645152562,0.0,7954.42354525616
7508,26332.0524123583,0.0,12535.09753,0.0,0.0
7509,14058.3372429903,0.0,11659.97938,0.0,0.0
7510,0.0,0.0,13355.39367,0.0,0.0
7511,0.0,0.0,0.0,11838.62946,0.0
7512,0.0,0.0,0.0,13035.06152,0.0
7513,0.0,0.0,0.0,12623.98828,0.0
7514,0.0,0.0,0.0,10549.17703,0.0
7515,22295.9662571289,23469.4381653989,0.0,31851.0903533989,0.0
7516,22295.9216651964,0.0,0.0,6937.562513,0.0
7517,15325.7686228268,0.0,6621.603028,0.0,0.0
7518,8661.96056181586,0.0,6330.588539,0.0,0.0
7519,0.0,0.0,8228.846076,0.0,0.0
7520,0.0,0.0,0.0,6653.331033,0.0
7521,4911.36550401736,5169.85842528143,0.0,13545.8889432814,0.0
7522,28238.8255300311,24555.2314197313,0.0,33890.7849237313,0.0
7523,51566.2389011248,24555.2314197313,0.0,35004.1789497313,0.0
7524,74893.6056173917,24555.2314197313,0.0,35207.2882197313,0.0
7525,98220.9256789252,24555.2314197313,0.0,34556.1884997313,0.0
7526,98220.9256789252,0.206780896160605,0.0,9150.48420089616,0.0
7527,98220.9256789252,0.206780896160605,0.0,10623.4743208962,0.0
7528,88747.7024360212,0.0,8999.375461,0.0,0.0
7529,78166.49273009,0.0,10051.9806,0.0,0.0
7530,55763.0701306811,0.0,21283.1029531023,0.0,11423.6207631023
7531,29915.3465837711,0.0,24555.2314197313,0.0,12894.3276297313
7532,20064.6236478147,0.0,9358.12995,0.0,0.0
7533,10672.9679354096,0.0,8922.034804,0.0,0.0
7534,0.0,0.0,10139.29926,0.0,0.0
7535,0.0,0.0,0.0,9488.540857,0.0
7536,0.0,0.0,0.0,8466.191664,0.0
7537,0.0,0.0,0.0,5497.800151,0.0
7538,0.0,0.0,0.0,3594.721428,0.0
7539,20591.1130006174,21674.8557901235,0.0,26383.9490591235,0.0
7540,20591.0718183914,0.0,0.0,4537.025931,0.0
7541,14163.8123857214,0.0,6105.857338,0.0,0.0
7542,6855.36410862295,0.0,6942.998952,0.0,0.0
7543,0.0,0.0,6512.582878,0.0,0.0
7544,0.0,0.0,0.0,8411.170869,0.0
7545,4911.36550401736,5169.85842528143,0.0,13499.6563842814,0.0
7546,28238.8255300311,24555.2314197313,0.0,33504.4967147313,0.0
7547,51566.2389011248,24555.2314197313,0.0,34276.0616167313,0.0
7548,74893.6056173917,24555.2314197313,0.0,35891.6464197313,0.0
7549,98220.9256789252,24555.2314197313,0.0,34687.4948897313,0.0
7550,98220.9256789252,0.206780896160605,0.0,9961.23080389616,0.0
7551,98220.9256789252,0.206780896160605,0.0,9520.30580189616,0.0
7552,89178.0968876001,0.0,8590.500732,0.0,0.0
7553,77181.8841314064,0.0,11396.23268,0.0,0.0
7554,53531.702245215,0.0,22467.5261463019,0.0,11487.5471563019
7555,27683.9831610408,0.0,24555.2314197313,0.0,16599.7512197313
7556,17096.3152562323,0.0,10058.23191,0.0,0.0
7557,7923.90617939131,0.0,8713.75614,0.0,0.0
7558,0.0,0.0,7527.695815,0.0,0.0
7559,0.0,0.0,0.0,8145.742344,0.0
7560,0.0,0.0,0.0,7740.171539,0.0
7561,0.0,0.0,0.0,5651.086911,0.0
7562,0.0,0.0,0.0,5176.770313,0.0
7563,22964.9113517566,24173.5908965859,0.0,31457.3669305859,0.0
7564,22964.8654219339,0.0,0.0,8009.936726,0.0
7565,14669.957715361,0.0,7880.118688,0.0,0.0
7566,8284.03855965606,0.0,6066.595325,0.0,0.0
7567,0.0,0.0,7869.820892,0.0,0.0
7568,0.0,0.0,0.0,7844.193822,0.0
7569,4911.36550401736,5169.85842528143,0.0,13779.1930612814,0.0
7570,28238.8255300311,24555.2314197313,0.0,31924.5649397313,0.0
7571,51566.2389011248,24555.2314197313,0.0,32918.1579887313,0.0
7572,74893.6056173917,24555.2314197313,0.0,31635.3740327313,0.0
7573,98220.9256789252,24555.2314197313,0.0,30280.5122477313,0.0
7574,98220.9256789252,0.206780896160605,0.0,7360.94107889616,0.0
7575,98220.7292370738,0.0,0.0,7674.929678,0.0
7576,90498.2510187733,0.0,7336.167688,0.0,0.0
7577,81413.0563033239,0.0,8630.763033,0.0,0.0
7578,55565.2814564415,0.0,24555.2314197313,0.0,18032.6998507313
7579,29717.5583051088,0.0,24555.2314197313,0.0,18344.1592767313
7580,20640.4374899922,0.0,8623.208311,0.0,0.0
7581,11302.3848964856,0.0,8871.110747,0.0,0.0
7582,936.78190855793,0.0,9847.301364,0.0,0.0
7583,0.0,0.0,889.941033244408,8221.32231375559,0.0
7584,0.0,0.0,0.0,8230.227853,0.0
7585,0.0,0.0,0.0,6212.577251,0.0
7586,0.0,0.0,0.0,5659.240555,0.0
7587,18985.7836737356,19985.0354460375,0.0,23532.5960140375,0.0
7588,18985.7457021683,0.0,0.0,3059.456412,0.0
7589,13102.1797664664,0.0,5589.351566,0.0,0.0
7590,6933.68499789631,0.0,5860.045136,0.0,0.0
7591,0.0,0.0,6586.987574,0.0,0.0
7592,0.0,0.0,0.0,5055.219521,0.0
7593,4911.36550401736,5169.85842528143,0.0,9754.77570928143,0.0
7594,28238.8255300311,24555.2314197313,0.0,28213.3099937313,0.0
7595,51566.2389011248,24555.2314197313,0.0,28612.0718177313,0.0
7596,74893.6056173917,24555.2314197313,0.0,28532.1960657313,0.0
7597,98220.9256789252,24555.2314197313,0.0,29652.8584097313,0.0
7598,98220.9256789252,0.206780896160605,0.0,3975.21106289616,0.0
7599,98220.7292370738,0.0,0.0,5062.878643,0.0
7600,91432.9636598259,0.0,6448.190679,0.0,0.0
7601,83696.5521833723,0.0,7349.41718,0.0,0.0
7602,57848.7727694981,0.0,24555.2314197313,0.0,17785.1072397313
7603,32001.0450511828,0.0,24555.2314197313,0.0,15962.8770197313
7604,23113.0767901453,0.0,8443.509046,0.0,0.0
7605,11904.5153534654,0.0,10648.08945,0.0,0.0
7606,4043.09655285578,0.0,7468.325242,0.0,0.0
7607,0.0,0.0,3840.93404332954,1772.15027167046,0.0
7608,0.0,0.0,0.0,6044.240515,0.0
7609,0.0,0.0,0.0,2626.788705,0.0
7610,0.0,0.0,0.0,3671.931947,0.0
7611,20011.3132543259,21064.5402677115,0.0,26927.6147187115,0.0
7612,20011.2732316994,0.0,0.0,6360.54586,0.0
7613,11323.0499638898,0.0,8253.774083,0.0,0.0
7614,5707.31596726351,0.0,5334.925783,0.0,0.0
7615,0.0,0.0,5421.939325,0.0,0.0
7616,0.0,0.0,0.0,6114.12094,0.0
7617,4911.36550401736,5169.85842528143,0.0,12051.3549292814,0.0
7618,28238.8255300311,24555.2314197313,0.0,33082.7979037313,0.0
7619,51566.2389011248,24555.2314197313,0.0,32332.7660197313,0.0
7620,74893.6056173917,24555.2314197313,0.0,32274.4006107313,0.0
7621,98220.9256789252,24555.2314197313,0.0,33092.2179877313,0.0
7622,98220.9256789252,0.206780896160605,0.0,9739.04110589616,0.0
7623,98220.7292370738,0.0,0.0,11424.21549,0.0
7624,88562.9440040364,0.0,9174.709352,0.0,0.0
7625,77941.3363097274,0.0,10090.35904,0.0,0.0
7626,52093.568406285,0.0,24555.2314197313,0.0,16384.1452757313
7627,26245.8521983784,0.0,24555.2314197313,0.0,17877.9795687313
7628,20484.8558582529,0.0,5472.896656,0.0,0.0
7629,14405.2522211728,0.0,5775.584534,0.0,0.0
7630,10317.5987843526,0.0,3883.243395,0.0,0.0
7631,3323.1161428392,0.0,6644.738906,0.0,0.0
7632,0.0,0.0,3156.95402177657,7714.13254822343,0.0
7633,0.0,0.0,0.0,9863.439856,0.0
7634,1012.3006596622,1065.57964174968,0.0,10011.2445567497,0.0
7635,24339.7684838056,24555.2314197313,0.0,32649.0790637313,0.0
7636,24339.7198042686,0.0,0.0,6853.676407,0.0
7637,15218.7128321975,0.0,8664.910378,0.0,0.0
7638,7482.64905582443,0.0,7349.231672,0.0,0.0
7639,0.0,0.0,7108.502386,0.0,0.0
7640,0.0,0.0,0.0,6205.625209,0.0
7641,4911.36550401736,5169.85842528143,0.0,11499.0034692814,0.0
7642,28238.8255300311,24555.2314197313,0.0,31102.8014807313,0.0
7643,51566.2389011248,24555.2314197313,0.0,31718.2553587313,0.0
7644,74893.6056173917,24555.2314197313,0.0,29401.3428727313,0.0
7645,98220.9256789252,24555.2314197313,0.0,29901.0193487313,0.0
7646,98220.9256789252,0.206780896160605,0.0,4573.82030689616,0.0
7647,98220.7292370738,0.0,0.0,4207.979914,0.0
7648,91726.9637829838,0.0,6168.890562,0.0,0.0
7649,85255.9067395825,0.0,6147.32991,0.0,0.0
7650,59408.1242069993,0.0,24555.2314197313,0.0,17623.2120177313
7651,33560.3933699811,0.0,24555.2314197313,0.0,19910.8858087313
7652,28301.7497376154,0.0,4995.647686,0.0,0.0
7653,20207.4248404317,0.0,7689.554879,0.0,0.0
7654,9871.47572873994,0.0,9819.113262,0.0,0.0
7655,0.0,0.0,9377.88318649906,1354.00884350094,0.0
7656,0.0,0.0,0.0,10805.95543,0.0
7657,0.0,0.0,0.0,9033.978195,0.0
7658,864.786658765473,910.301746068919,0.0,5763.23366706892,0.0
7659,24192.2547779369,24555.2314197313,0.0,30033.8202887313,0.0
7660,24192.2063934273,0.0,0.0,6472.268309,0.0
7661,16684.3427037514,0.0,7132.42454,0.0,0.0
7662,8091.21720348704,0.0,8163.437525,0.0,0.0
7663,0.0,0.0,7686.64097,0.0,0.0
7664,0.0,0.0,0.0,8643.942612,0.0
7665,4911.36550401736,5169.85842528143,0.0,12455.8378682814,0.0
7666,28238.8255300311,24555.2314197313,0.0,32323.0413847313,0.0
7667,51566.2389011248,24555.2314197313,0.0,34609.7453297313,0.0
7668,74893.6056173917,24555.2314197313,0.0,34417.6266307313,0.0
7669,98220.9256789252,24555.2314197313,0.0,34567.4659497313,0.0
7670,98220.9256789252,0.206780896160605,0.0,9936.09578289616,0.0
7671,98220.7292370738,0.0,0.0,9863.420746,0.0
7672,86836.319416668,0.0,10815.00271,0.0,0.0
7673,75058.937238766,0.0,11188.34808,0.0,0.0
7674,49211.1751001217,0.0,24555.2314197313,0.0,15392.0449927313
7675,23363.4646570018,0.0,24555.2314197313,0.0,15756.2409807313
7676,15506.7598469146,0.0,7463.825179,0.0,0.0
7677,9322.47257550012,0.0,5875.043445,0.0,0.0
7678,1028.24549687076,0.0,7879.498012,0.0,0.0
7679,0.0,0.0,976.83126836078,7097.79962463922,0.0
7680,0.0,0.0,0.0,5507.289068,0.0
7681,0.0,0.0,0.0,5553.991355,0.0
7682,0.0,0.0,0.0,5449.244172,0.0
7683,18099.907587497,19052.5343026284,0.0,28367.5401146284,0.0
7684,18099.8713876818,0.0,0.0,6187.448895,0.0
7685,11406.4340247812,0.0,6358.731105,0.0,0.0
7686,5742.27235191312,0.0,5380.931917,0.0,0.0
7687,0.0,0.0,5455.147824,0.0,0.0
7688,0.0,0.0,0.0,5389.011478,0.0
7689,4911.36550401736,5169.85842528143,0.0,10311.2474432814,0.0
7690,28238.8255300311,24555.2314197313,0.0,29990.6466507313,0.0
7691,51566.2389011248,24555.2314197313,0.0,28535.1181147313,0.0
7692,74893.6056173917,24555.2314197313,0.0,27960.6642507313,0.0
7693,98220.9256789252,24555.2314197313,0.0,29864.5077977313,0.0
7694,98220.9256789252,0.206780896160605,0.0,6636.01494889616,0.0
7695,98220.7292370738,0.0,0.0,9585.440454,0.0
7696,87033.0375429838,0.0,10628.12049,0.0,0.0
7697,76885.507027435,0.0,9639.988627,0.0,0.0
7698,51037.7412356512,0.0,24555.2314197313,0.0,16435.2705647313
7699,25190.0271393989,0.0,24555.2314197313,0.0,14480.9405197313
7700,17107.6612067131,0.0,7678.199775,0.0,0.0
7701,10463.0468377065,0.0,6312.351146,0.0,0.0
7702,2776.01856634963,0.0,7302.656978,0.0,0.0
7703,0.0,0.0,2637.21236359687,5377.33188740313,0.0
7704,0.0,0.0,0.0,8085.732198,0.0
7705,0.0,0.0,0.0,7209.788146,0.0
7706,359.124008650268,378.02527226344,0.0,8049.54844126344,0.0
7707,23686.593139147,24555.2314197313,0.0,31362.7689667313,0.0
7708,23686.5457659607,0.0,0.0,6191.731422,0.0
7709,16494.7765349744,0.0,6832.135765,0.0,0.0
7710,8981.65805489506,0.0,7137.431216,0.0,0.0
7711,0.0,0.0,8532.558087,0.0,0.0
7712,0.0,0.0,0.0,7709.855276,0.0
7713,4911.36550401736,5169.85842528143,0.0,13161.5563112814,0.0
7714,28238.8255300311,24555.2314197313,0.0,34099.9099627313,0.0
7715,51566.2389011248,24555.2314197313,0.0,34456.6819947313,0.0
7716,74893.6056173917,24555.2314197313,0.0,35895.3208597313,0.0
7717,98220.9256789252,24555.2314197313,0.0,34930.9906697313,0.0
7718,98220.9256789252,0.206780896160605,0.0,10492.8784708962,0.0
7719,98220.9256789252,0.206780896160605,0.0,11230.2577808962,0.0
7720,87102.1514370738,0.0,10562.64891,0.0,0.0
7721,75686.7853696131,0.0,10844.43227,0.0,0.0
7722,61825.8190650278,0.0,13167.7741844638,0.0,1509.35789446377
7723,35978.0833926199,0.0,24555.2314197313,0.0,14045.0566397313
7724,22670.7338154005,0.0,12641.91374,0.0,0.0
7725,11284.3348634066,0.0,10817.03593,0.0,0.0
7726,0.0,0.0,10720.09668,0.0,0.0
7727,0.0,0.0,0.0,8491.284057,0.0
7728,0.0,0.0,0.0,10336.7345,0.0
7729,0.0,0.0,0.0,7790.750971,0.0
7730,0.0,0.0,0.0,5828.771925,0.0
7731,18283.2632411147,19245.5402538049,0.0,25367.8652838049,0.0
7732,18283.2266745882,0.0,0.0,7330.734153,0.0
7733,12382.0442428717,0.0,5606.088572,0.0,0.0
7734,6598.86528088846,0.0,5493.996488,0.0,0.0
7735,0.0,0.0,6268.909479,0.0,0.0
7736,0.0,0.0,0.0,6394.235194,0.0
7737,4911.36550401736,5169.85842528143,0.0,14822.1823252814,0.0
7738,28238.8255300311,24555.2314197313,0.0,36251.2531797313,0.0
7739,51566.2389011248,24555.2314197313,0.0,34737.6921197313,0.0
7740,74893.6056173917,24555.2314197313,0.0,33443.5819177313,0.0
7741,98220.9256789252,24555.2314197313,0.0,32839.8678867313,0.0
7742,98220.9256789252,0.206780896160605,0.0,8851.93202089616,0.0
7743,98220.7292370738,0.0,0.0,8253.729846,0.0
7744,89342.3524756154,0.0,8434.271304,0.0,0.0
7745,79683.9615877525,0.0,9175.301593,0.0,0.0
7746,53836.1901990596,0.0,24555.2314197313,0.0,15886.5601177313
7747,27988.4705059094,0.0,24555.2314197313,0.0,19449.4100037313
7748,17241.1265646892,0.0,10209.9235660652,0.0,6971.92905506518
7749,13544.134797173,0.0,3512.109421,0.0,0.0
7750,10891.858898377,0.0,2519.63637,0.0,0.0
7751,7654.58757886978,0.0,3075.387059,0.0,0.0
7752,2971.86725601041,0.0,4448.569763,0.0,0.0
7753,2971.8613122759,0.0,0.0,2533.123049,0.0
7754,2971.85536855328,0.0,0.0,824.4291334,0.0
7755,2971.84942484254,0.0,0.0,2565.987204,0.0
7756,2971.84348114369,0.0,0.0,2131.090707,0.0
7757,1450.14660693041,0.0,1445.606384,0.0,0.0
7758,1165.7396514793,0.0,270.1838524,0.0,0.0
7759,0.0,0.0,1107.450454,0.0,0.0
7760,0.0,0.0,0.0,2638.072197,0.0
7761,4911.36550401736,5169.85842528143,0.0,8633.27779628143,0.0
7762,28238.8255300311,24555.2314197313,0.0,29424.7555757313,0.0
7763,51566.2389011248,24555.2314197313,0.0,30579.8409497313,0.0
7764,74893.6056173917,24555.2314197313,0.0,33055.5603657313,0.0
7765,98220.9256789252,24555.2314197313,0.0,31691.5088717313,0.0
7766,98220.9256789252,0.206780896160605,0.0,10376.1603308962,0.0
7767,98220.9256789252,0.206780896160605,0.0,10187.2670808962,0.0
7768,86014.7871212844,0.0,11595.64501,0.0,0.0
7769,73845.0823338154,0.0,11561.05612,0.0,0.0
7770,58032.9614086205,0.0,15021.3745732787,0.0,5067.73045127875
7771,32185.2333219279,0.0,24555.2314197313,0.0,15397.9842037313
7772,21969.333269356,0.0,9705.043898,0.0,0.0
7773,10633.7657622684,0.0,10768.74739,0.0,0.0
7774,0.0,0.0,10102.05727,0.0,0.0
7775,0.0,0.0,0.0,7416.911151,0.0
7776,0.0,0.0,0.0,5744.441201,0.0
7777,0.0,0.0,0.0,5375.585781,0.0
7778,0.0,0.0,0.0,3739.483879,0.0
7779,10436.2818408099,10985.5598324315,0.0,14281.6028474315,0.0
7780,10436.2609682462,0.0,0.0,4973.781705,0.0
7781,6361.99750730324,0.0,3870.530459,0.0,0.0
7782,3264.81200751875,0.0,2942.314137,0.0,0.0
7783,0.0,0.0,3101.565204,0.0,0.0
7784,0.0,0.0,0.0,2815.22413,0.0
7785,4911.36550401736,5169.85842528143,0.0,7083.73555428143,0.0
7786,28238.8255300311,24555.2314197313,0.0,26556.9565917313,0.0
7787,51566.2389011248,24555.2314197313,0.0,27618.1221667313,0.0
7788,74893.6056173917,24555.2314197313,0.0,28634.5759847313,0.0
7789,98220.9256789252,24555.2314197313,0.0,29487.6403117313,0.0
7790,98220.9256789252,0.206780896160605,0.0,3356.06878889616,0.0
7791,98220.7292370738,0.0,0.0,6404.173427,0.0
7792,92775.0678408785,0.0,5173.191707,0.0,0.0
7793,83657.1686770586,0.0,8661.827933,0.0,0.0
7794,57809.3893419515,0.0,24555.2314197313,0.0,18007.0352967313
7795,31961.661702403,0.0,24555.2314197313,0.0,17747.1581087313
7796,23999.4540959217,0.0,7564.036499,0.0,0.0
7797,17453.048104382,0.0,6219.040093,0.0,0.0
7798,11199.6479572331,0.0,5940.696979,0.0,0.0
7799,5856.88425056879,0.0,5075.604242,0.0,0.0
7800,0.0,0.0,5564.02890996027,1888.80696903973,0.0
7801,0.0,0.0,0.0,8073.960573,0.0
7802,0.0,0.0,0.0,6264.620925,0.0
7803,19032.3246830137,20034.0259821197,0.0,26730.2312591197,0.0
7804,19032.2866183643,0.0,0.0,7884.587923,0.0
7805,12379.530736949,0.0,6320.081926,0.0,0.0
7806,5266.83849157172,0.0,6757.034112,0.0,0.0
7807,0.0,0.0,5003.48656,0.0,0.0
7808,0.0,0.0,0.0,4733.064031,0.0
7809,4911.36550401736,5169.85842528143,0.0,10924.7025272814,0.0
7810,28238.8255300311,24555.2314197313,0.0,30974.3478717313,0.0
7811,51566.2389011248,24555.2314197313,0.0,32578.2651047313,0.0
7812,74893.6056173917,24555.2314197313,0.0,33398.9130887313,0.0
7813,98220.9256789252,24555.2314197313,0.0,33387.0078397313,0.0
7814,98220.9256789252,0.206780896160605,0.0,5909.22849389616,0.0
7815,98220.7292370738,0.0,0.0,6778.222187,0.0
7816,90227.0094229838,0.0,7593.847204,0.0,0.0
7817,82179.6273952807,0.0,7644.841495,0.0,0.0
7818,56331.8510152562,0.0,24555.2314197313,0.0,14435.3934897313
7819,30484.1263307843,0.0,24555.2314197313,0.0,18262.1285247313
7820,23108.3480562159,0.0,7006.931441,0.0,0.0
7821,14516.8275384671,0.0,8161.900586,0.0,0.0
7822,8776.20393849628,0.0,5453.564838,0.0,0.0
7823,893.59266819367,0.0,7488.464032,0.0,0.0
7824,0.0,0.0,848.911336957917,8004.61005404208,0.0
7825,0.0,0.0,0.0,6560.511872,0.0
7826,0.0,0.0,0.0,4754.429504,0.0
7827,16076.9212676343,16923.0750185624,0.0,21934.7108195624,0.0
7828,16076.8891137917,0.0,0.0,5807.215507,0.0
7829,9845.00011685561,0.0,5920.264001,0.0,0.0
7830,4133.42768685537,0.0,5425.975103,0.0,0.0
7831,0.0,0.0,3926.748449,0.0,0.0
7832,0.0,0.0,0.0,4453.375867,0.0
7833,4911.36550401736,5169.85842528143,0.0,11324.1944162814,0.0
7834,28238.8255300311,24555.2314197313,0.0,29137.3001007313,0.0
7835,51566.2389011248,24555.2314197313,0.0,30546.5379827313,0.0
7836,74893.6056173917,24555.2314197313,0.0,30159.9011797313,0.0
7837,98220.9256789252,24555.2314197313,0.0,32384.7755667313,0.0
7838,98220.9256789252,0.206780896160605,0.0,7374.67238189616,0.0
7839,98220.7292370738,0.0,0.0,9129.016603,0.0
7840,88476.2035671943,0.0,9257.112767,0.0,0.0
7841,79516.0979316293,0.0,8511.932249,0.0,0.0
7842,53668.3268786636,0.0,24555.2314197313,0.0,15326.3468337313
7843,27820.6075212401,0.0,24555.2314197313,0.0,18223.4151157313
7844,22289.1422010777,0.0,5254.839195,0.0,0.0
7845,15753.843332267,0.0,6208.491576,0.0,0.0
7846,8060.71030352769,0.0,7308.446445,0.0,0.0
7847,760.487168422876,0.0,6935.196663,0.0,0.0
7848,0.0,0.0,722.461365076113,6751.79350592389,0.0
7849,0.0,0.0,0.0,5305.34101,0.0
7850,0.0,0.0,0.0,5572.509458,0.0
7851,11666.346493132,12280.3647296126,0.0,18719.9881786126,0.0
7852,11666.323160439,0.0,0.0,4343.138759,0.0
7853,7944.5240688453,0.0,3535.686971,0.0,0.0
7854,4274.10910927085,0.0,3486.879117,0.0,0.0
7855,0.0,0.0,4060.395533,0.0,0.0
7856,0.0,0.0,0.0,4872.178312,0.0
7857,4911.36550401736,5169.85842528143,0.0,12391.0207212814,0.0
7858,28238.8255300311,24555.2314197313,0.0,31088.9976087313,0.0
7859,51566.2389011248,24555.2314197313,0.0,32725.8493417313,0.0
7860,74893.6056173917,24555.2314197313,0.0,34315.7682577313,0.0
7861,98220.9256789252,24555.2314197313,0.0,34002.0978417313,0.0
7862,98220.9256789252,0.206780896160605,0.0,9587.43907389616,0.0
7863,98220.7292370738,0.0,0.0,8945.42455,0.0
7864,90955.2706408785,0.0,6901.999047,0.0,0.0
7865,83108.896268232,0.0,7453.882839,0.0,0.0
7866,57261.1180296697,0.0,24555.2314197313,0.0,15962.8157997313
7867,31413.3914866638,0.0,24555.2314197313,0.0,17003.0606877313
7868,23833.4314304072,0.0,7200.902368,0.0,0.0
7869,14440.3999709127,0.0,8923.334603,0.0,0.0
7870,5925.72585748122,0.0,8088.912971,0.0,0.0
7871,0.0,0.0,5629.42830572803,844.346011271969,0.0
7872,0.0,0.0,0.0,3142.853092,0.0
7873,0.0,0.0,0.0,2753.375435,0.0
7874,0.0,0.0,0.0,1201.051866,0.0
7875,2554.61226264798,2689.06553962945,0.0,5360.68344162946,0.0
7876,2554.60715342346,0.0,0.0,0.0,0.0
7877,2554.60204420915,0.0,0.0,0.0,0.0
7878,1761.23937300506,0.0,753.6896839,0.0,0.0
7879,0.0,0.0,1673.174058,0.0,0.0
7880,0.0,0.0,0.0,3107.984435,0.0
7881,4911.36550401736,5169.85842528143,0.0,11233.1429142814,0.0
7882,28238.8255300311,24555.2314197313,0.0,31237.9948487313,0.0
7883,51566.2389011248,24555.2314197313,0.0,32277.3691147313,0.0
7884,74893.6056173917,24555.2314197313,0.0,34541.2795407313,0.0
7885,98220.9256789252,24555.2314197313,0.0,34766.1750897313,0.0
7886,98220.9256789252,0.206780896160605,0.0,10604.9497908962,0.0
7887,98220.9256789252,0.206780896160605,0.0,11425.0893108962,0.0
7888,86265.0100581265,0.0,11357.93322,0.0,0.0
7889,73575.0406649485,0.0,12055.30702,0.0,0.0
7890,59389.1223043408,0.0,13476.48265,0.0,0.0
7891,41730.0761542984,0.0,16775.9810032079,0.0,4526.94328320794
7892,28665.8993151987,0.0,12410.88871,0.0,0.0
7893,14944.331614979,0.0,13035.43485,0.0,0.0
7894,0.0,0.0,14197.08664,0.0,0.0
7895,0.0,0.0,0.0,12452.13209,0.0
7896,0.0,0.0,0.0,12101.8612,0.0
7897,0.0,0.0,0.0,10880.93471,0.0
7898,0.0,0.0,0.0,9543.214198,0.0
7899,5843.22602099399,6150.76423262526,0.0,12245.2767826253,0.0
7900,5843.21433454195,0.0,0.0,4836.397275,0.0
7901,4359.80912600802,0.0,1409.223846,0.0,0.0
7902,1908.98435796872,0.0,2328.275246,0.0,0.0
7903,0.0,0.0,1813.531513,0.0,0.0
7904,0.0,0.0,0.0,4166.15639,0.0
7905,4911.36550401736,5169.85842528143,0.0,10414.2303352814,0.0
7906,28238.8255300311,24555.2314197313,0.0,33843.3403537313,0.0
7907,51566.2389011248,24555.2314197313,0.0,34219.4266807313,0.0
7908,74893.6056173917,24555.2314197313,0.0,34787.0323397313,0.0
7909,98220.9256789252,24555.2314197313,0.0,35032.7793597313,0.0
7910,98220.9256789252,0.206780896160605,0.0,10577.1854808962,0.0
7911,98220.9256789252,0.206780896160605,0.0,8621.95559989616,0.0
7912,88324.397082337,0.0,9401.515547,0.0,0.0
7913,77549.2960440691,0.0,10236.17817,0.0,0.0
7914,57435.716530887,0.0,19107.7531938605,0.0,9114.03547786053
7915,31587.9896386842,0.0,24555.2314197313,0.0,13392.2864097313
7916,22093.1271679681,0.0,9020.05933,0.0,0.0
7917,10295.06739224,0.0,11208.11481,0.0,0.0
7918,0.0,0.0,9780.294462,0.0,0.0
7919,0.0,0.0,0.0,10994.12466,0.0
7920,0.0,0.0,0.0,14771.21076,0.0
7921,0.0,0.0,0.0,11475.56911,0.0
7922,3197.9943244673,3366.30981522874,0.0,12696.3433062287,0.0
7923,26525.4577772234,24555.2314197313,0.0,30238.6235007313,0.0
7924,26525.4047263078,0.0,0.0,6698.644308,0.0
7925,18153.3010418142,0.0,7953.448102,0.0,0.0
7926,8819.7113088963,0.0,8866.875755,0.0,0.0
7927,0.0,0.0,8378.708986,0.0,0.0
7928,0.0,0.0,0.0,7117.937721,0.0
7929,4911.36550401736,5169.85842528143,0.0,14104.9560302814,0.0
7930,28238.8255300311,24555.2314197313,0.0,35770.8096597313,0.0
7931,51566.2389011248,24555.2314197313,0.0,36889.0846597313,0.0
7932,74893.6056173917,24555.2314197313,0.0,37470.6726297313,0.0
7933,98220.9256789252,24555.2314197313,0.0,33931.9631947313,0.0
7934,98220.9256789252,0.206780896160605,0.0,10881.7285308962,0.0
7935,98220.7292370738,0.0,0.0,12143.77679,0.0
7936,87397.9636798259,0.0,10281.44066,0.0,0.0
7937,77502.7996986354,0.0,9400.239726,0.0,0.0
7938,51655.0326722662,0.0,24555.2314197313,0.0,16495.8857507313
7939,25807.3173414311,0.0,24555.2314197313,0.0,16346.2178727313
7940,16792.6205446911,0.0,8563.912923,0.0,0.0
7941,8904.74578260794,0.0,7493.449118,0.0,0.0
7942,2741.29141522164,0.0,5855.26473,0.0,0.0
7943,0.0,0.0,2604.22163600687,3556.74501599313,0.0
7944,0.0,0.0,0.0,6397.732215,0.0
7945,0.0,0.0,0.0,7952.525172,0.0
7946,0.0,0.0,0.0,7489.98629,0.0
7947,14075.26192555,14816.0651847895,0.0,21704.5059747895,0.0
7948,14075.2337750261,0.0,0.0,5657.536214,0.0
7949,7928.92788982175,0.0,5838.963848,0.0,0.0
7950,3517.03561722913,0.0,4191.282594,0.0,0.0
7951,0.0,0.0,3341.177154,0.0,0.0
7952,0.0,0.0,0.0,2399.752638,0.0
7953,4911.36550401736,5169.85842528143,0.0,8311.64911928143,0.0
7954,28238.8255300311,24555.2314197313,0.0,30523.2860667313,0.0
7955,51566.2389011248,24555.2314197313,0.0,31281.2978397313,0.0
7956,74893.6056173917,24555.2314197313,0.0,32942.6197307313,0.0
7957,98220.9256789252,24555.2314197313,0.0,33699.4696107313,0.0
7958,98220.9256789252,0.206780896160605,0.0,9204.74786789616,0.0
7959,98220.9256789252,0.206780896160605,0.0,8444.66522489616,0.0
7960,89622.9523360212,0.0,8167.888056,0.0,0.0
7961,80451.1061985376,0.0,8713.083547,0.0,0.0
7962,61949.0288044339,0.0,17576.8206672967,0.0,8005.67135029669
7963,36101.2928856066,0.0,24555.2314197313,0.0,15059.7175277313
7964,24748.4112619682,0.0,10785.16895,0.0,0.0
7965,12187.8359756719,0.0,11932.4995,0.0,0.0
7966,0.0,0.0,11578.42102,0.0,0.0
7967,0.0,0.0,0.0,10351.8616,0.0
7968,0.0,0.0,0.0,9073.071183,0.0
7969,0.0,0.0,0.0,6530.257556,0.0
7970,3978.24394558795,4187.62520588206,0.0,12142.4187168821,0.0
7971,27305.7058378448,24555.2314197313,0.0,34092.7992807313,0.0
7972,27305.6512264331,0.0,0.0,9008.972493,0.0
7973,18800.7000972359,0.0,8079.651692,0.0,0.0
7974,9628.97050215153,0.0,8713.107394,0.0,0.0
7975,0.0,0.0,9147.503682,0.0,0.0
7976,0.0,0.0,0.0,7293.15176,0.0
7977,4911.36550401736,5169.85842528143,0.0,12325.8096062814,0.0
7978,28238.8255300311,24555.2314197313,0.0,32215.1785487313,0.0
7979,51566.2389011248,24555.2314197313,0.0,32920.9971837313,0.0
7980,74893.6056173917,24555.2314197313,0.0,33876.1205427313,0.0
7981,98220.9256789252,24555.2314197313,0.0,33873.3370497313,0.0
7982,98220.9256789252,0.206780896160605,0.0,11597.3261108962,0.0
7983,98220.7292370738,0.0,0.0,10153.23573,0.0
7984,89817.5179787733,0.0,7982.864076,0.0,0.0
7985,83298.84568479,0.0,6192.568026,0.0,0.0
7986,57451.0670663288,0.0,24555.2314197313,0.0,16884.2740147313
7987,31603.3401434249,0.0,24555.2314197313,0.0,12846.3214197313
7988,21254.7251430604,0.0,9831.124204,0.0,0.0
7989,10808.3397778206,0.0,9924.025713,0.0,0.0
7990,2218.09586956214,0.0,8160.711177,0.0,0.0
7991,0.0,0.0,2107.18686170188,6717.50548729812,0.0
7992,0.0,0.0,0.0,8625.788434,0.0
7993,0.0,0.0,0.0,4843.251775,0.0
7994,0.0,0.0,0.0,3993.546822,0.0
7995,12639.5407877632,13304.7797765928,0.0,17638.2957865928,0.0
7996,12639.5155086816,0.0,0.0,3562.160367,0.0
7997,9979.80604544004,0.0,2526.699975,0.0,0.0
7998,5143.44029003847,0.0,4594.528506,0.0,0.0
7999,0.0,0.0,4886.258503,0.0,0.0
8000,0.0,0.0,0.0,6703.375234,0.0
8001,4911.36550401736,5169.85842528143,0.0,12949.2482452814,0.0
8002,28238.8255300311,24555.2314197313,0.0,34863.0002097313,0.0
8003,51566.2389011248,24555.2314197313,0.0,33426.6840477313,0.0
8004,74893.6056173917,24555.2314197313,0.0,34170.5480407313,0.0
8005,98220.9256789252,24555.2314197313,0.0,33755.9615027313,0.0
8006,98220.9256789252,0.206780896160605,0.0,6792.99023789616,0.0
8007,98220.9256789252,0.206780896160605,0.0,7616.52517689616,0.0
8008,90345.7188497054,0.0,7481.259868,0.0,0.0
8009,80707.0669835309,0.0,9156.547616,0.0,0.0
8010,55424.9253038124,0.0,24017.8812523052,0.0,18115.7983733052
8011,29577.202433192,0.0,24555.2314197313,0.0,14050.5606497313
8012,19144.9869387872,0.0,9910.548523,0.0,0.0
8013,10913.3540161817,0.0,7820.014901,0.0,0.0
8014,0.0,0.0,10367.66558,0.0,0.0
8015,0.0,0.0,0.0,9380.567334,0.0
8016,0.0,0.0,0.0,11795.38541,0.0
8017,0.0,0.0,0.0,12204.99545,0.0
8018,6164.0249124819,6488.44727629673,0.0,15641.4428652967,0.0
8019,29491.4824331768,24555.2314197313,0.0,34221.0163097313,0.0
8020,29491.4234502119,0.0,0.0,9733.862225,0.0
8021,16293.9331621019,0.0,12537.55974,0.0,0.0
8022,6741.32830686714,0.0,9074.943654,0.0,0.0
8023,0.0,0.0,6404.249083,0.0,0.0
8024,0.0,0.0,0.0,6316.81491,0.0
8025,4911.36550401736,5169.85842528143,0.0,10605.8909762814,0.0
8026,28238.8255300311,24555.2314197313,0.0,33399.4221887313,0.0
8027,51566.2389011248,24555.2314197313,0.0,33022.6929467313,0.0
8028,74893.6056173917,24555.2314197313,0.0,32647.5789857313,0.0
8029,98220.9256789252,24555.2314197313,0.0,31529.9640137313,0.0
8030,98220.9256789252,0.206780896160605,0.0,6716.92237489616,0.0
8031,98220.7292370738,0.0,0.0,6722.742061,0.0
8032,87570.8422061417,0.0,10117.20606,0.0,0.0
8033,75205.9475802467,0.0,11746.48351,0.0,0.0
8034,49358.1851475818,0.0,24555.2314197313,0.0,15142.3384517313
8035,23510.4744104417,0.0,24555.2314197313,0.0,13972.1241597313
8036,15360.7094473877,0.0,7742.232045,0.0,0.0
8037,7621.23611017928,0.0,7352.470485,0.0,0.0
8038,404.740305601801,0.0,6855.656534,0.0,0.0
8039,0.0,0.0,384.50252131513,6473.05808868487,0.0
8040,0.0,0.0,0.0,6721.173116,0.0
8041,0.0,0.0,0.0,4984.772912,0.0
8042,3715.6376164768,3911.19749102821,0.0,8016.07439302821,0.0
8043,27043.1000339463,24555.2314197313,0.0,26322.0869767313,0.0
8044,27043.0459477462,0.0,0.0,8709.933133,0.0
8045,17568.0207184964,0.0,9001.222586,0.0,0.0
8046,8028.06960771816,0.0,9062.920176,0.0,0.0
8047,0.0,0.0,7626.650874,0.0,0.0
8048,0.0,0.0,0.0,4658.939664,0.0
8049,4911.36550401736,5169.85842528143,0.0,9767.37551928143,0.0
8050,28238.8255300311,24555.2314197313,0.0,31212.9485047313,0.0
8051,51566.2389011248,24555.2314197313,0.0,33990.3628117313,0.0
8052,74893.6056173917,24555.2314197313,0.0,33111.3905237313,0.0
8053,98220.9256789252,24555.2314197313,0.0,34162.9445177313,0.0
8054,98220.9256789252,0.206780896160605,0.0,9758.74952889616,0.0
8055,98220.9256789252,0.206780896160605,0.0,9807.85566989616,0.0
8056,88751.6334002317,0.0,8995.641045,0.0,0.0
8057,79942.5935401228,0.0,8368.419239,0.0,0.0
8058,63592.0383137356,0.0,15532.8755741401,0.0,3835.70845414014
8059,37744.2991088892,0.0,24555.2314197313,0.0,13357.0768397313
8060,25003.1293466068,0.0,12104.03956,0.0,0.0
8061,11264.9108771902,0.0,13051.26004,0.0,0.0
8062,0.0,0.0,10701.64393,0.0,0.0
8063,0.0,0.0,0.0,13234.28806,0.0
8064,0.0,0.0,0.0,16692.9241,0.0
8065,0.0,0.0,0.0,12408.91561,0.0
8066,2018.74187658034,2124.99144903193,0.0,9835.84370403193,0.0
8067,25346.2076878413,24555.2314197313,0.0,33165.5978747313,0.0
8068,25346.1569954259,0.0,0.0,7792.817212,0.0
8069,16442.3905031119,0.0,8458.53001,0.0,0.0
8070,8502.323366752,0.0,7543.032539,0.0,0.0
8071,0.0,0.0,8077.191044,0.0,0.0
8072,0.0,0.0,0.0,4868.729854,0.0
8073,4911.36550401736,5169.85842528143,0.0,10797.6030672814,0.0
8074,28238.8255300311,24555.2314197313,0.0,29181.1964747313,0.0
8075,51566.2389011248,24555.2314197313,0.0,31426.1821477313,0.0
8076,74893.6056173917,24555.2314197313,0.0,30785.8460137313,0.0
8077,98220.9256789252,24555.2314197313,0.0,31602.4452007313,0.0
8078,98220.9256789252,0.206780896160605,0.0,8278.07205489616,0.0
8079,98220.9256789252,0.206780896160605,0.0,4682.63929989616,0.0
8080,92437.5714318107,0.0,5493.999915,0.0,0.0
8081,84731.5207198257,0.0,7320.572545,0.0,0.0
8082,60506.3106031266,0.0,23013.7886209748,0.0,15609.0149809748
8083,34658.5775697356,0.0,24555.2314197313,0.0,13809.3200597313
8084,24382.8941862646,0.0,9761.833363,0.0,0.0
8085,13610.2381362657,0.0,10233.97692,0.0,0.0
8086,0.0,0.0,12929.70037,0.0,0.0
8087,0.0,0.0,0.0,9660.149433,0.0
8088,0.0,0.0,0.0,9795.686299,0.0
8089,0.0,0.0,0.0,6070.412931,0.0
8090,3616.96541868131,3807.33201966454,0.0,7356.38388366454,0.0
8091,26944.4280334952,24555.2314197313,0.0,30152.8505437313,0.0
8092,26944.3741446391,0.0,0.0,6342.005926,0.0
8093,16600.7151695751,0.0,9826.424832,0.0,0.0
8094,8287.75657235525,0.0,7897.279126,0.0,0.0
8095,0.0,0.0,7873.352997,0.0,0.0
8096,0.0,0.0,0.0,5697.359912,0.0
8097,4911.36550401736,5169.85842528143,0.0,11160.8463092814,0.0
8098,28238.8255300311,24555.2314197313,0.0,30842.2243707313,0.0
8099,51566.2389011248,24555.2314197313,0.0,32761.7656237313,0.0
8100,74893.6056173917,24555.2314197313,0.0,32086.2875037313,0.0
8101,98220.9256789252,24555.2314197313,0.0,30451.7243527313,0.0
8102,98220.9256789252,0.206780896160605,0.0,7353.32427989616,0.0
8103,98220.7292370738,0.0,0.0,8593.888798,0.0
8104,88928.7752240364,0.0,8827.169693,0.0,0.0
8105,79998.260974907,0.0,8483.819572,0.0,0.0
8106,54150.4889576153,0.0,24555.2314197313,0.0,18453.7625737313
8107,28302.7686358676,0.0,24555.2314197313,0.0,17821.4692797313
8108,23089.9230303303,0.0,4952.14955,0.0,0.0
8109,19532.7416231158,0.0,3379.278466,0.0,0.0
8110,15185.0287418431,0.0,4130.290125,0.0,0.0
8111,8661.71612862776,0.0,6197.118131,0.0,0.0
8112,0.0,0.0,8228.61386493572,410.895775064277,0.0
8113,0.0,0.0,0.0,6948.221881,0.0
8114,513.857782117779,540.902928545031,0.0,7391.48514154503,0.0
8115,23841.3266031469,24555.2314197313,0.0,28791.9103577313,0.0
8116,23841.2789204937,0.0,0.0,8361.250908,0.0
8117,16244.925014778,0.0,7216.490912,0.0,0.0
8118,6391.9376722964,0.0,9360.30711,0.0,0.0
8119,0.0,0.0,6072.328644,0.0,0.0
8120,0.0,0.0,0.0,6373.987317,0.0
8121,4911.36550401736,5169.85842528143,0.0,12702.4196872814,0.0
8122,28238.8255300311,24555.2314197313,0.0,30852.4219717313,0.0
8123,51566.2389011248,24555.2314197313,0.0,31324.0897547313,0.0
8124,74893.6056173917,24555.2314197313,0.0,28177.8400227313,0.0
8125,98220.9256789252,24555.2314197313,0.0,31355.6779217313,0.0
8126,98220.9256789252,0.206780896160605,0.0,7427.44699689616,0.0
8127,98220.7292370738,0.0,0.0,8976.083716,0.0
8128,87037.707385089,0.0,10623.68414,0.0,0.0
8129,74095.4207517795,0.0,12295.00693,0.0,0.0
8130,48247.6605401683,0.0,24555.2314197313,0.0,14927.5074097313
8131,22399.9520240774,0.0,24555.2314197313,0.0,14989.7122977313
8132,13814.8438420681,0.0,8155.810213,0.0,0.0
8133,6214.78489659093,0.0,7220.02975,0.0,0.0
8134,1746.00258491588,0.0,4245.331388,0.0,0.0
8135,0.0,0.0,1658.69913826517,5941.55378173483,0.0
8136,0.0,0.0,0.0,8362.276873,0.0
8137,0.0,0.0,0.0,7605.314441,0.0
8138,0.0,0.0,0.0,7726.11509,0.0
8139,14664.1729933125,15435.9715719079,0.0,20712.7663669079,0.0
8140,14664.1436649665,0.0,0.0,2636.063923,0.0
8141,11248.7099598371,0.0,3244.634158,0.0,0.0
8142,6591.7348845224,0.0,4424.104949,0.0,0.0
8143,0.0,0.0,6262.135616,0.0,0.0
8144,0.0,0.0,0.0,8212.476469,0.0
8145,4911.36550401736,5169.85842528143,0.0,12165.6521042814,0.0
8146,28238.8255300311,24555.2314197313,0.0,32767.5202577313,0.0
8147,51566.2389011248,24555.2314197313,0.0,34697.1939997313,0.0
8148,74893.6056173917,24555.2314197313,0.0,35909.3291797313,0.0
8149,98220.9256789252,24555.2314197313,0.0,36561.8289697313,0.0
8150,98220.9256789252,0.206780896160605,0.0,13821.1999208962,0.0
8151,98220.7292370738,0.0,0.0,12851.4488,0.0
8152,85329.412616668,0.0,12246.56417,0.0,0.0
8153,72075.252599948,0.0,12591.28989,0.0,0.0
8154,46227.4964286731,0.0,24555.2314197313,0.0,15420.2374967313
8155,20379.7919529104,0.0,24555.2314197313,0.0,17931.8411307313
8156,16251.4516259581,0.0,3921.884589,0.0,0.0
8157,11852.1497346338,0.0,4179.305919,0.0,0.0
8158,8794.73231770274,0.0,2904.524027,0.0,0.0
8159,7442.55695455389,0.0,1284.549885,0.0,0.0
8160,5609.77526943999,0.0,1741.12846,0.0,0.0
8161,5609.76404988945,0.0,0.0,0.0,0.0
8162,5609.75283036135,0.0,0.0,306.0589711,0.0
8163,14622.7905635256,9487.41995017886,0.0,12184.9591521789,0.0
8164,14622.7613179445,0.0,0.0,2538.636848,0.0
8165,10248.654437685,0.0,4155.373753,0.0,0.0
8166,4617.55648458665,0.0,5349.523583,0.0,0.0
8167,0.0,0.0,4386.669887,0.0,0.0
8168,0.0,0.0,0.0,5381.249361,0.0
8169,4911.36550401736,5169.85842528143,0.0,9142.04067128143,0.0
8170,28238.8255300311,24555.2314197313,0.0,28707.4214627313,0.0
8171,51566.2389011248,24555.2314197313,0.0,29752.9341017313,0.0
8172,74893.6056173917,24555.2314197313,0.0,30960.8711227313,0.0
8173,98220.9256789252,24555.2314197313,0.0,28747.5530657313,0.0
8174,98220.9256789252,0.206780896160605,0.0,6735.25325089616,0.0
8175,98220.7292370738,0.0,0.0,4920.17487,0.0
8176,89902.1170945627,0.0,7902.494916,0.0,0.0
8177,79295.5731534864,0.0,10076.04593,0.0,0.0
8178,53447.8025415704,0.0,24555.2314197313,0.0,16478.1677687313
8179,27600.0836251955,0.0,24555.2314197313,0.0,19101.0816457313
8180,23098.3559345019,0.0,4276.588866,0.0,0.0
8181,17906.785689369,0.0,4931.947846,0.0,0.0
8182,11718.5722526397,0.0,5878.768742,0.0,0.0
8183,9252.33675444261,0.0,2342.901458,0.0,0.0
8184,7547.94864240068,0.0,1619.151127,0.0,0.0
8185,7547.93354650339,0.0,0.0,2849.20679,0.0
8186,7547.9184506363,0.0,0.0,2791.109187,0.0
8187,14791.8182639693,7625.17358859991,0.0,12456.1316025999,0.0
8188,14791.7886803328,0.0,0.0,4792.879754,0.0
8189,10011.3494704396,0.0,4541.389145,0.0,0.0
8190,3728.08087300385,0.0,5969.086146,0.0,0.0
8191,0.0,0.0,3541.669746,0.0,0.0
8192,0.0,0.0,0.0,4365.031515,0.0
8193,4911.36550401736,5169.85842528143,0.0,10333.1286282814,0.0
8194,28238.8255300311,24555.2314197313,0.0,30071.5004537313,0.0
8195,51566.2389011248,24555.2314197313,0.0,33274.3217937313,0.0
8196,74893.6056173917,24555.2314197313,0.0,33345.2709177313,0.0
8197,98220.9256789252,24555.2314197313,0.0,34205.3290397313,0.0
8198,98220.9256789252,0.206780896160605,0.0,8718.59909189616,0.0
8199,98220.9256789252,0.206780896160605,0.0,11272.1552208962,0.0
8200,86491.8140791791,0.0,11142.4694,0.0,0.0
8201,76731.5425987088,0.0,9272.093572,0.0,0.0
8202,57086.2786160638,0.0,18662.8549935819,0.0,8559.11589358185
8203,31238.5524227368,0.0,24555.2314197313,0.0,11515.3494497313
8204,21072.7244151056,0.0,9657.477254,0.0,0.0
8205,11575.3547086042,0.0,9022.461183,0.0,0.0
8206,0.0,0.0,10996.56498,0.0,0.0
8207,0.0,0.0,0.0,10805.00061,0.0
8208,0.0,0.0,0.0,7126.689997,0.0
8209,0.0,0.0,0.0,3896.113632,0.0
8210,0.0,0.0,0.0,4503.846849,0.0
8211,19740.1354932649,20779.0899929105,0.0,24607.5983749105,0.0
8212,19740.096012994,0.0,0.0,4761.300075,0.0
8213,13050.4078949072,0.0,6355.166206,0.0,0.0
8214,6327.04570461772,0.0,6387.169285,0.0,0.0
8215,0.0,0.0,6010.681398,0.0,0.0
8216,0.0,0.0,0.0,7179.448388,0.0
8217,4911.36550401736,5169.85842528143,0.0,10515.0301412814,0.0
8218,28238.8255300311,24555.2314197313,0.0,30966.9196777313,0.0
8219,51566.2389011248,24555.2314197313,0.0,32364.6905087313,0.0
8220,74893.6056173917,24555.2314197313,0.0,32275.9932807313,0.0
8221,98220.9256789252,24555.2314197313,0.0,30117.5185247313,0.0
8222,98220.9256789252,0.206780896160605,0.0,4562.97073389616,0.0
8223,98220.7292370738,0.0,0.0,7329.640459,0.0
8224,87491.8027324575,0.0,10192.29356,0.0,0.0
8225,79245.9881983257,0.0,7833.357573,0.0,0.0
8226,53398.2176855795,0.0,24555.2314197313,0.0,16463.9947307313
8227,27550.4988683743,0.0,24555.2314197313,0.0,17920.8526517313
8228,20739.8015305345,0.0,6470.110125,0.0,0.0
8229,12212.8862298788,0.0,8100.53013,0.0,0.0
8230,5000.67766305372,0.0,6851.574934,0.0,0.0
8231,0.0,0.0,4750.63427861348,1329.48054438652,0.0
8232,0.0,0.0,0.0,3289.533101,0.0
8233,0.0,0.0,0.0,4621.799731,0.0
8234,222.833287220536,234.561354968985,0.0,5773.06869896898,0.0
8235,23550.3026902987,24555.2314197313,0.0,29328.9900017313,0.0
8236,23550.2555896933,0.0,0.0,6229.094775,0.0
8237,14700.5608649716,0.0,8407.165243,0.0,0.0
8238,5222.45125858673,0.0,9004.176195,0.0,0.0
8239,0.0,0.0,4961.318773,0.0,0.0
8240,0.0,0.0,0.0,4586.444477,0.0
8241,4911.36550401736,5169.85842528143,0.0,11107.6846222814,0.0
8242,28238.8255300311,24555.2314197313,0.0,35463.1508497313,0.0
8243,51566.2389011248,24555.2314197313,0.0,35120.5660197313,0.0
8244,74893.6056173917,24555.2314197313,0.0,36934.8446297313,0.0
8245,98220.9256789252,24555.2314197313,0.0,37930.5237397313,0.0
8246,98220.9256789252,0.206780896160605,0.0,12274.8491308962,0.0
8247,98220.9256789252,0.206780896160605,0.0,8579.67361389616,0.0
8248,87505.9719633896,0.0,10179.01941,0.0,0.0
8249,78290.3647851299,0.0,8754.660558,0.0,0.0
8250,63997.0527648077,0.0,13578.497667613,0.0,4813.75482761301
8251,38149.3127499324,0.0,24555.2314197313,0.0,13470.4450097313
8252,25893.157988149,0.0,11643.27454,0.0,0.0
8253,12795.6533492014,0.0,12442.58021,0.0,0.0
8254,0.0,0.0,12155.84637,0.0,0.0
8255,0.0,0.0,0.0,13926.96783,0.0
8256,0.0,0.0,0.0,11271.38217,0.0
8257,0.0,0.0,0.0,10668.34802,0.0
8258,0.0,0.0,0.0,12091.43659,0.0
8259,11797.8789392684,12418.8199360721,0.0,23429.3916260721,0.0
8260,11797.8553435106,0.0,0.0,8768.576304,0.0
8261,4578.38977095778,0.0,6858.469878,0.0,0.0
8262,1123.93122365192,0.0,3281.726921,0.0,0.0
8263,0.0,0.0,1067.732527,0.0,0.0
8264,0.0,0.0,0.0,3856.082424,0.0
8265,4911.36550401736,5169.85842528143,0.0,10983.0453002814,0.0
8266,28238.8255300311,24555.2314197313,0.0,30809.8313027313,0.0
8267,51566.2389011248,24555.2314197313,0.0,32129.3632067313,0.0
8268,74893.6056173917,24555.2314197313,0.0,31709.9138847313,0.0
8269,98220.9256789252,24555.2314197313,0.0,33867.0581097313,0.0
8270,98220.9256789252,0.206780896160605,0.0,7655.73485189616,0.0
8271,98220.7292370738,0.0,0.0,7023.267343,0.0
8272,87430.2954061417,0.0,10250.72552,0.0,0.0
8273,76665.4436929193,0.0,10226.44301,0.0,0.0
8274,50817.6783412621,0.0,24555.2314197313,0.0,12881.8357097313
8275,24969.9646851357,0.0,24555.2314197313,0.0,16357.6580097313
8276,15627.83875468,0.0,8874.972191,0.0,0.0
8277,8710.44978216038,0.0,6571.489831,0.0,0.0
8278,2760.99465494503,0.0,5651.965821,0.0,0.0
8279,0.0,0.0,2622.93967630794,5609.22157669206,0.0
8280,0.0,0.0,0.0,8041.397812,0.0
8281,0.0,0.0,0.0,4499.358226,0.0
8282,0.0,0.0,0.0,5798.442215,0.0
8283,16972.1318845643,17865.4019837519,0.0,21455.5000087519,0.0
8284,16972.0979403006,0.0,0.0,5103.871339,0.0
8285,12407.6293287363,0.0,4336.212934,0.0,0.0
8286,6175.1598503197,0.0,5920.82243,0.0,0.0
8287,0.0,0.0,5866.390125,0.0,0.0
8288,0.0,0.0,0.0,5690.431368,0.0
8289,4911.36550401736,5169.85842528143,0.0,14327.0737882814,0.0
8290,28238.8255300311,24555.2314197313,0.0,34006.6026597313,0.0
8291,51566.2389011248,24555.2314197313,0.0,33593.4744777313,0.0
8292,74893.6056173917,24555.2314197313,0.0,32706.9412597313,0.0
8293,98220.9256789252,24555.2314197313,0.0,32232.4421717313,0.0
8294,98220.9256789252,0.206780896160605,0.0,8485.99004989616,0.0
8295,98220.9256789252,0.206780896160605,0.0,8654.75204789616,0.0
8296,85745.1470476001,0.0,11851.80308,0.0,0.0
8297,73655.7865467797,0.0,11484.72956,0.0,0.0
8298,52378.7907850251,0.0,20213.0060276725,0.0,8333.85610767251
8299,26531.0740066737,0.0,24555.2314197313,0.0,16045.6788917313
8300,16489.2024192625,0.0,9539.727599,0.0,0.0
8301,6637.79727138402,0.0,9358.803561,0.0,0.0
8302,0.0,0.0,6305.894796,0.0,0.0
8303,0.0,0.0,0.0,6797.19412,0.0
8304,0.0,0.0,0.0,6000.40416,0.0
8305,0.0,0.0,0.0,4993.396286,0.0
8306,0.0,0.0,0.0,5900.873347,0.0
8307,15755.6162087891,16584.8591671465,0.0,22372.8356761465,0.0
8308,15755.5846975567,0.0,0.0,6413.507579,0.0
8309,10267.9880011242,0.0,5213.186926,0.0,0.0
8310,6009.41619146396,0.0,4045.62371,0.0,0.0
8311,0.0,0.0,5708.933964,0.0,0.0
8312,0.0,0.0,0.0,9461.14953,0.0
8313,4911.36550401736,5169.85842528143,0.0,15000.3786082814,0.0
8314,28238.8255300311,24555.2314197313,0.0,34702.1300797313,0.0
8315,51566.2389011248,24555.2314197313,0.0,34802.0931797313,0.0
8316,74893.6056173917,24555.2314197313,0.0,33172.9164587313,0.0
8317,98220.9256789252,24555.2314197313,0.0,32131.6484817313,0.0
8318,98220.9256789252,0.206780896160605,0.0,6471.90650389616,0.0
8319,98220.9256789252,0.206780896160605,0.0,8714.24831989616,0.0
8320,87395.2087844422,0.0,10284.24443,0.0,0.0
8321,76673.7511729721,0.0,10185.21868,0.0,0.0
8322,53235.8883349712,0.0,22265.8240159736,0.0,13233.5987459736
8323,27388.1698424247,0.0,24555.2314197313,0.0,15006.9798417313
8324,20283.9862429272,0.0,6748.922382,0.0,0.0
8325,10790.635233902,0.0,9018.644919,0.0,0.0
8326,0.0,0.0,10251.08297,0.0,0.0
8327,0.0,0.0,0.0,7332.387589,0.0
8328,0.0,0.0,0.0,7446.470332,0.0
8329,0.0,0.0,0.0,7926.14058,0.0
8330,250.663136354253,263.855933004477,0.0,4593.20372600448,0.0
8331,23578.1324837727,24555.2314197313,0.0,30990.2727437313,0.0
8332,23578.0853275077,0.0,0.0,5514.73785,0.0
8333,17112.5639050213,0.0,6142.200553,0.0,0.0
8334,8257.31516831455,0.0,8412.453786,0.0,0.0
8335,0.0,0.0,7844.433721,0.0,0.0
8336,0.0,0.0,0.0,9211.47415,0.0
8337,4911.36550401736,5169.85842528143,0.0,15416.3380752814,0.0
8338,28238.8255300311,24555.2314197313,0.0,33385.2897987313,0.0
8339,51566.2389011248,24555.2314197313,0.0,35615.0065097313,0.0
8340,74893.6056173917,24555.2314197313,0.0,33523.1007497313,0.0
8341,98220.9256789252,24555.2314197313,0.0,31654.6193577313,0.0
8342,98220.9256789252,0.206780896160605,0.0,5334.43568189616,0.0
8343,98220.9256789252,0.206780896160605,0.0,10133.6636408962,0.0
8344,88154.285642337,0.0,9563.121415,0.0,0.0
8345,76931.1422074499,0.0,10661.81877,0.0,0.0
8346,63799.208643327,0.0,12475.1907167465,0.0,1818.75695674654
8347,37951.46902414,0.0,24555.2314197313,0.0,15372.6423097313
8348,25795.8730369914,0.0,11547.74408,0.0,0.0
8349,12959.4647715611,0.0,12194.53884,0.0,0.0
8350,0.0,0.0,12311.46691,0.0,0.0
8351,0.0,0.0,0.0,11310.951,0.0
8352,0.0,0.0,0.0,8167.665247,0.0
8353,0.0,0.0,0.0,5503.211814,0.0
8354,0.0,0.0,0.0,5793.197107,0.0
8355,15063.3505801774,15856.1585054499,0.0,22590.4257804499,0.0
8356,15063.3204534763,0.0,0.0,4835.842062,0.0
8357,9574.5109215722,0.0,5214.340435,0.0,0.0
8358,4934.69623044509,0.0,4407.805765,0.0,0.0
8359,0.0,0.0,4687.952043,0.0,0.0
8360,0.0,0.0,0.0,7468.384674,0.0
8361,4911.36550401736,5169.85842528143,0.0,10911.9472352814,0.0
8362,28238.8255300311,24555.2314197313,0.0,31277.7163907313,0.0
8363,51566.2389011248,24555.2314197313,0.0,33850.3095557313,0.0
8364,74893.6056173917,24555.2314197313,0.0,36271.8852197313,0.0
8365,98220.9256789252,24555.2314197313,0.0,37963.9150697313,0.0
8366,98220.9256789252,0.206780896160605,0.0,12405.1554608962,0.0
8367,98220.9256789252,0.206780896160605,0.0,11351.3670908962,0.0
8368,87240.8487739159,0.0,10430.88644,0.0,0.0
8369,77514.4933922184,0.0,9239.871855,0.0,0.0
8370,52759.5000613984,0.0,23517.0963867416,0.0,14336.9131987416
8371,26911.7825216285,0.0,24555.2314197313,0.0,17051.1021567313
8372,18842.5508791161,0.0,7665.718928,0.0,0.0
8373,9526.4808498038,0.0,8850.230727,0.0,0.0
8374,0.0,0.0,9050.138707,0.0,0.0
8375,0.0,0.0,0.0,10085.36339,0.0
8376,0.0,0.0,0.0,9677.061997,0.0
8377,0.0,0.0,0.0,8833.330587,0.0
8378,0.0,0.0,0.0,5958.798183,0.0
8379,21996.2527449306,23153.9502578216,0.0,30400.6838158216,0.0
8380,21996.2087524251,0.0,0.0,8287.61302,0.0
8381,11975.6313452707,0.0,9519.506744,0.0,0.0
8382,5140.16191085014,0.0,6493.673209,0.0,0.0
8383,0.0,0.0,4883.144049,0.0,0.0
8384,0.0,0.0,0.0,4093.698687,0.0
8385,4911.36550401736,5169.85842528143,0.0,8711.79736628143,0.0
8386,28238.8255300311,24555.2314197313,0.0,29804.9277547313,0.0
8387,51566.2389011248,24555.2314197313,0.0,31360.2810437313,0.0
8388,74893.6056173917,24555.2314197313,0.0,29966.9230137313,0.0
8389,98220.9256789252,24555.2314197313,0.0,34638.4216497313,0.0
8390,98220.9256789252,0.206780896160605,0.0,12000.4030708962,0.0
8391,98220.9256789252,0.206780896160605,0.0,11271.9451508962,0.0
8392,84080.8270897054,0.0,13432.90704,0.0,0.0
8393,70305.2861385775,0.0,13086.60415,0.0,0.0
8394,52815.4319993552,0.0,16615.2278522175,0.0,2098.98769221754
8395,26967.7143477215,0.0,24555.2314197313,0.0,12813.0804197313
8396,14934.0241701875,0.0,11431.95443,0.0,0.0
8397,6860.54326424442,0.0,7669.778486,0.0,0.0
8398,0.0,0.0,6517.503066,0.0,0.0
8399,0.0,0.0,0.0,5548.04717,0.0
8400,0.0,0.0,0.0,4766.166155,0.0
8401,0.0,0.0,0.0,4302.831196,0.0
8402,0.0,0.0,0.0,4816.866006,0.0
8403,22159.1377811058,23325.4081906376,0.0,29719.9825526376,0.0
8404,22159.0934628302,0.0,0.0,5935.87703,0.0
8405,14860.5459151696,0.0,6933.578068,0.0,0.0
8406,6658.61783091987,0.0,7791.803445,0.0,0.0
8407,0.0,0.0,6325.674288,0.0,0.0
8408,0.0,0.0,0.0,6436.161308,0.0
8409,4911.36550401736,5169.85842528143,0.0,9221.97020128143,0.0
8410,28238.8255300311,24555.2314197313,0.0,29314.0389207313,0.0
8411,51566.2389011248,24555.2314197313,0.0,32707.3219457313,0.0
8412,74893.6056173917,24555.2314197313,0.0,33749.2403997313,0.0
8413,98220.9256789252,24555.2314197313,0.0,36491.1536397313,0.0
8414,98220.9256789252,0.206780896160605,0.0,13806.8142508962,0.0
8415,98220.9256789252,0.206780896160605,0.0,12938.0773408962,0.0
8416,83292.9919002317,0.0,14181.35047,0.0,0.0
8417,68675.8134405637,0.0,13886.16128,0.0,0.0
8418,46547.5724325238,0.0,21021.6984735924,0.0,8235.31586359241
8419,20699.8673166091,0.0,24555.2314197313,0.0,12851.8311897313
8420,11018.9728295061,0.0,9196.810433,0.0,0.0
8421,3956.30652313936,0.0,6709.512055,0.0,0.0
8422,0.0,0.0,3758.48368,0.0,0.0
8423,0.0,0.0,0.0,2095.437969,0.0
8424,0.0,0.0,0.0,3514.960552,0.0
8425,0.0,0.0,0.0,2769.73701,0.0
8426,0.0,0.0,0.0,2912.118662,0.0
8427,14078.4587760507,14819.4302905797,0.0,18483.6031975797,0.0
8428,14078.4306191332,0.0,0.0,1825.691172,0.0
8429,9912.97789069297,0.0,3957.153343,0.0,0.0
8430,5431.8422784214,0.0,4257.059997,0.0,0.0
8431,0.0,0.0,5160.239844,0.0,0.0
8432,0.0,0.0,0.0,7268.347337,0.0
8433,4911.36550401736,5169.85842528143,0.0,13071.2316862814,0.0
8434,28238.8255300311,24555.2314197313,0.0,33802.0454137313,0.0
8435,51566.2389011248,24555.2314197313,0.0,32397.6661147313,0.0
8436,74893.6056173917,24555.2314197313,0.0,30508.7134417313,0.0
8437,98220.9256789252,24555.2314197313,0.0,31151.6899617313,0.0
8438,98220.9256789252,0.206780896160605,0.0,6277.89157589616,0.0
8439,98220.7292370738,0.0,0.0,7340.885167,0.0
8440,92075.2411198259,0.0,5838.027092,0.0,0.0
8441,84318.5285630279,0.0,7368.701986,0.0,0.0
8442,58470.747905201,0.0,24555.2314197313,0.0,15814.1357347313
8443,32623.0189429354,0.0,24555.2314197313,0.0,15815.7621697313
8444,23648.9517684764,0.0,8525.301832,0.0,0.0
8445,12976.4975547834,0.0,10138.78657,0.0,0.0
8446,2711.50885020937,0.0,9751.714614,0.0,0.0
8447,0.0,0.0,2575.92825583209,5742.72559016791,0.0
8448,0.0,0.0,0.0,7141.04877,0.0
8449,0.0,0.0,0.0,5220.8833,0.0
8450,0.0,0.0,0.0,5483.648243,0.0
8451,7069.83506613689,7441.93164856515,0.0,12969.7859395652,0.0
8452,7069.82092646676,0.0,0.0,5106.003053,0.0
8453,2851.85561208807,0.0,4007.053616,0.0,0.0
8454,1875.24105258737,0.0,927.778413,0.0,0.0
8455,0.0,0.0,1781.475437,0.0,0.0
8456,0.0,0.0,0.0,4159.920436,0.0
8457,4911.36550401736,5169.85842528143,0.0,9286.81778028143,0.0
8458,28238.8255300311,24555.2314197313,0.0,27734.6390447313,0.0
8459,51566.2389011248,24555.2314197313,0.0,32549.1799797313,0.0
8460,74893.6056173917,24555.2314197313,0.0,31599.3673307313,0.0
8461,98220.9256789252,24555.2314197313,0.0,30364.5705067313,0.0
8462,98220.9256789252,0.206780896160605,0.0,10124.8640408962,0.0
8463,98220.9256789252,0.206780896160605,0.0,9236.57546689616,0.0
8464,86199.252510758,0.0,11420.40289,0.0,0.0
8465,69466.337912253,0.0,15896.10509,0.0,0.0
8466,55721.4271690509,0.0,13057.53322,0.0,0.0
8467,34592.1168717415,0.0,20072.7389117323,0.0,8707.63261173234
8468,21027.1928348762,0.0,12886.61211,0.0,0.0
8469,9952.87682259575,0.0,10520.56026,0.0,0.0
8470,0.0,0.0,9455.214071,0.0,0.0
8471,0.0,0.0,0.0,7441.567914,0.0
8472,0.0,0.0,0.0,7029.276623,0.0
8473,0.0,0.0,0.0,6073.648388,0.0
8474,0.0,0.0,0.0,7195.07978,0.0
8475,16980.9541855141,17874.6886163306,0.0,25636.6442653306,0.0
8476,16980.9202236057,0.0,0.0,8673.695315,0.0
8477,11605.7672407127,0.0,5106.36307,0.0,0.0
8478,6504.58908602028,0.0,4846.097196,0.0,0.0
8479,0.0,0.0,6179.347273,0.0,0.0
8480,0.0,0.0,0.0,8801.567645,0.0
8481,4911.36550401736,5169.85842528143,0.0,16228.3511152814,0.0
8482,28238.8255300311,24555.2314197313,0.0,36726.4655897313,0.0
8483,51566.2389011248,24555.2314197313,0.0,35749.8040997313,0.0
8484,74893.6056173917,24555.2314197313,0.0,37326.3105297313,0.0
8485,98220.9256789252,24555.2314197313,0.0,34592.7219397313,0.0
8486,98220.9256789252,0.206780896160605,0.0,8017.60359189616,0.0
8487,98220.7292370738,0.0,0.0,9171.332625,0.0
8488,89947.8148303522,0.0,7859.082067,0.0,0.0
8489,80349.3089063015,0.0,9118.409727,0.0,0.0
8490,54501.5361869139,0.0,24555.2314197313,0.0,17150.9398577313
8491,28653.8151630717,0.0,24555.2314197313,0.0,16807.7773837313
8492,19712.7812038625,0.0,8493.927819,0.0,0.0
8493,12382.1849646159,0.0,6964.028973,0.0,0.0
8494,5340.8517223512,0.0,6689.243054,0.0,0.0
8495,1420.8751922267,0.0,3723.967556,0.0,0.0
8496,0.0,0.0,1349.8287329525,2152.0389160475,0.0
8497,0.0,0.0,0.0,5321.811173,0.0
8498,0.0,0.0,0.0,4545.61477,0.0
8499,18053.9038778543,19004.1093451098,0.0,22388.8972511098,0.0
8500,18053.8677700466,0.0,0.0,6292.952102,0.0
8501,10212.5909928374,0.0,7449.178636,0.0,0.0
8502,6121.72242660275,0.0,3886.305734,0.0,0.0
8503,0.0,0.0,5815.624674,0.0,0.0
8504,0.0,0.0,0.0,8550.999742,0.0
8505,4911.36550401736,5169.85842528143,0.0,16494.9995552814,0.0
8506,28238.8255300311,24555.2314197313,0.0,36567.6139897313,0.0
8507,51566.2389011248,24555.2314197313,0.0,34210.8487747313,0.0
8508,74893.6056173917,24555.2314197313,0.0,36329.8442397313,0.0
8509,98220.9256789252,24555.2314197313,0.0,35383.5750997313,0.0
8510,98220.9256789252,0.206780896160605,0.0,9131.30933789616,0.0
8511,98220.9256789252,0.206780896160605,0.0,8982.50588189616,0.0
8512,88377.0916233896,0.0,9351.455733,0.0,0.0
8513,77491.9688165748,0.0,10340.69875,0.0,0.0
8514,57553.8715353366,0.0,18941.0451824355,0.0,8942.25323743554
8515,31706.1444068238,0.0,24555.2314197313,0.0,14353.6067797313
8516,19652.9644682192,0.0,11450.4607,0.0,0.0
8517,9709.03984544811,0.0,9446.691051,0.0,0.0
8518,0.0,0.0,9223.569406,0.0,0.0
8519,0.0,0.0,0.0,8372.658565,0.0
8520,0.0,0.0,0.0,6994.79016,0.0
8521,0.0,0.0,0.0,4694.358861,0.0
8522,0.0,0.0,0.0,5503.542658,0.0
8523,21538.8036098647,22672.4248524892,0.0,29453.4412644892,0.0
8524,21538.7605322575,0.0,0.0,5655.711356,0.0
8525,13524.2945084206,0.0,7613.701799,0.0,0.0
8526,6138.33686404215,0.0,7016.634066,0.0,0.0
8527,0.0,0.0,5831.408358,0.0,0.0
8528,0.0,0.0,0.0,4944.41064,0.0
8529,4911.36550401736,5169.85842528143,0.0,11022.3031262814,0.0
8530,28238.8255300311,24555.2314197313,0.0,33306.3824867313,0.0
8531,51566.2389011248,24555.2314197313,0.0,33755.6739967313,0.0
8532,74893.6056173917,24555.2314197313,0.0,34282.6476417313,0.0
8533,98220.9256789252,24555.2314197313,0.0,32187.6031607313,0.0
8534,98220.9256789252,0.206780896160605,0.0,7062.36912189616,0.0
8535,98220.7292370738,0.0,0.0,6645.821193,0.0
8536,92320.9804787733,0.0,5604.574701,0.0,0.0
8537,87277.1998810228,0.0,4791.416158,0.0,0.0
8538,61429.4133058533,0.0,24555.2314197313,0.0,15136.6229737313
8539,35581.6784262569,0.0,24555.2314197313,0.0,14443.1347797313
8540,23411.4673786895,0.0,11561.63289,0.0,0.0
8541,12653.529429439,0.0,10219.99657,0.0,0.0
8542,1751.3279644854,0.0,10357.06735,0.0,0.0
8543,0.0,0.0,1663.758238738,11780.965111262,0.0
8544,0.0,0.0,0.0,14318.15837,0.0
8545,0.0,0.0,0.0,13374.6383,0.0
8546,0.0,0.0,0.0,11523.00705,0.0
8547,18479.6914486628,19452.3067880661,0.0,30289.3614780661,0.0
8548,18479.6544892799,0.0,0.0,8734.140999,0.0
8549,9548.7999015499,0.0,8484.276747,0.0,0.0
8550,4681.97505131852,0.0,4623.465465,0.0,0.0
8551,0.0,0.0,4447.867403,0.0,0.0
8552,0.0,0.0,0.0,7671.289919,0.0
8553,4911.36550401736,5169.85842528143,0.0,13562.0635712814,0.0
8554,28238.8255300311,24555.2314197313,0.0,33401.7694817313,0.0
8555,51566.2389011248,24555.2314197313,0.0,34230.4166867313,0.0
8556,74893.6056173917,24555.2314197313,0.0,34242.1475087313,0.0
8557,98220.9256789252,24555.2314197313,0.0,34659.0050597313,0.0
8558,98220.9256789252,0.206780896160605,0.0,11373.8612808962,0.0
8559,98220.9256789252,0.206780896160605,0.0,9987.63797689616,0.0
8560,87441.4774686528,0.0,10240.28918,0.0,0.0
8561,76363.8488593821,0.0,10523.58104,0.0,0.0
8562,55578.6042999614,0.0,19745.8372401368,0.0,8767.07880013677
8563,29730.8811219831,0.0,24555.2314197313,0.0,13475.2990197313
8564,19613.8735686419,0.0,9611.100687,0.0,0.0
8565,9716.23684194737,0.0,9402.717624,0.0,0.0
8566,0.0,0.0,9230.406539,0.0,0.0
8567,0.0,0.0,0.0,11646.31787,0.0
8568,0.0,0.0,0.0,11018.75519,0.0
8569,0.0,0.0,0.0,9249.356068,0.0
8570,0.0,0.0,0.0,7079.99296,0.0
8571,16388.9428419946,17251.518781047,0.0,24847.014183047,0.0
8572,16388.9100641089,0.0,0.0,6750.573166,0.0
8573,10658.2225578677,0.0,5444.121992,0.0,0.0
8574,3679.13236563315,0.0,6630.115432,0.0,0.0
8575,0.0,0.0,3495.168757,0.0,0.0
8576,0.0,0.0,0.0,4608.762606,0.0
8577,4911.36550401736,5169.85842528143,0.0,11129.2437312814,0.0
8578,28238.8255300311,24555.2314197313,0.0,33057.6087777313,0.0
8579,51566.2389011248,24555.2314197313,0.0,34246.7005427313,0.0
8580,74893.6056173917,24555.2314197313,0.0,36557.8114597313,0.0
8581,98220.9256789252,24555.2314197313,0.0,36355.2961897313,0.0
8582,98220.9256789252,0.206780896160605,0.0,11835.3379508962,0.0
8583,98220.9256789252,0.206780896160605,0.0,13455.1414808962,0.0
8584,86250.994142337,0.0,11371.24834,0.0,0.0
8585,73903.7388929803,0.0,11729.72861,0.0,0.0
8586,61317.8756205696,0.0,11956.4296916863,0.0,460.371481686299
8587,35470.1409640485,0.0,24555.2314197313,0.0,15126.5342207313
8588,24348.4758658719,0.0,10565.51445,0.0,0.0
8589,11416.0390215517,0.0,12285.76874,0.0,0.0
8590,0.0,0.0,10845.21538,0.0,0.0
8591,0.0,0.0,0.0,8539.887708,0.0
8592,0.0,0.0,0.0,9493.498125,0.0
8593,0.0,0.0,0.0,9811.63784,0.0
8594,2551.71695367352,2686.01784597213,0.0,11965.1573599721,0.0
8595,25879.1816989843,24555.2314197313,0.0,29334.1891307313,0.0
8596,25879.129940621,0.0,0.0,5971.8746,0.0
8597,18769.1419202558,0.0,6754.439449,0.0,0.0
8598,8535.19651144565,0.0,9722.212477,0.0,0.0
8599,0.0,0.0,8108.420469,0.0,0.0
8600,0.0,0.0,0.0,10510.24,0.0
8601,4911.36550401736,5169.85842528143,0.0,13067.6598482814,0.0
8602,28238.8255300311,24555.2314197313,0.0,32733.1815717313,0.0
8603,51566.2389011248,24555.2314197313,0.0,31589.6392357313,0.0
8604,74893.6056173917,24555.2314197313,0.0,28353.8517087313,0.0
8605,98220.9256789252,24555.2314197313,0.0,27538.4316407313,0.0
8606,98220.9256789252,0.206780896160605,0.0,4531.40757989616,0.0
8607,98220.9256789252,0.206780896160605,0.0,7718.46304089616,0.0
8608,89859.4262212844,0.0,7943.237865,0.0,0.0
8609,80350.2498234846,0.0,9033.546845,0.0,0.0
8610,56950.5694807275,0.0,22229.5436601445,0.0,12810.4526901445
8611,31102.8435588188,0.0,24555.2314197313,0.0,14157.9009897313
8612,19743.2902057633,0.0,10791.51659,0.0,0.0
8613,11200.1177370776,0.0,8115.976333,0.0,0.0
8614,0.0,0.0,10640.09057,0.0,0.0
8615,0.0,0.0,0.0,8503.076168,0.0
8616,0.0,0.0,0.0,13165.52981,0.0
8617,0.0,0.0,0.0,10696.44103,0.0
8618,0.0,0.0,0.0,10070.22657,0.0
8619,17667.3351398443,18597.1948840467,0.0,28460.7488890467,0.0
8620,17667.2998051741,0.0,0.0,9685.106592,0.0
8621,9382.75922004814,0.0,7870.279988,0.0,0.0
8622,4313.58064295076,0.0,4815.701821,0.0,0.0
8623,0.0,0.0,4097.893415,0.0,0.0
8624,0.0,0.0,0.0,2465.865528,0.0
8625,4911.36550401736,5169.85842528143,0.0,10522.0434972814,0.0
8626,28238.8255300311,24555.2314197313,0.0,30087.4679757313,0.0
8627,51566.2389011248,24555.2314197313,0.0,29713.5715047313,0.0
8628,74893.6056173917,24555.2314197313,0.0,28564.3415557313,0.0
8629,98220.9256789252,24555.2314197313,0.0,33483.3403317313,0.0
8630,98220.9256789252,0.206780896160605,0.0,7177.23803189616,0.0
8631,98220.9256789252,0.206780896160605,0.0,7024.95135189616,0.0
8632,87549.006542337,0.0,10138.13656,0.0,0.0
8633,75959.878581166,0.0,11009.50522,0.0,0.0
8634,54465.638815132,0.0,20419.3834539631,0.0,10740.0834159631
8635,28617.9178630846,0.0,24555.2314197313,0.0,15125.7364677313
8636,17871.8404272488,0.0,10208.71919,0.0,0.0
8637,9882.31030567324,0.0,7590.019659,0.0,0.0
8638,0.0,0.0,9388.176014,0.0,0.0
8639,0.0,0.0,0.0,7686.919407,0.0
8640,0.0,0.0,0.0,6545.182396,0.0
8641,0.0,0.0,0.0,4981.588433,0.0
8642,0.0,0.0,0.0,3606.834954,0.0
8643,13425.171961231,14131.7599591905,0.0,15743.9316641905,0.0
8644,13425.1451108871,0.0,0.0,2064.39273,0.0
8645,11308.0834405968,0.0,2011.183079,0.0,0.0
8646,5731.16234548258,0.0,5298.053555,0.0,0.0
8647,0.0,0.0,5444.593339,0.0,0.0
8648,0.0,0.0,0.0,2484.454674,0.0
8649,4911.36550401736,5169.85842528143,0.0,7617.81664428143,0.0
8650,28238.8255300311,24555.2314197313,0.0,31589.9644767313,0.0
8651,51566.2389011248,24555.2314197313,0.0,31833.7421627313,0.0
8652,74893.6056173917,24555.2314197313,0.0,30389.1209047313,0.0
8653,98220.9256789252,24555.2314197313,0.0,28643.4039007313,0.0
8654,98220.9256789252,0.206780896160605,0.0,6325.18805289616,0.0
8655,98220.7292370738,0.0,0.0,4677.759282,0.0
8656,91610.4483903522,0.0,6279.580185,0.0,0.0
8657,84296.5328915607,0.0,6948.045664,0.0,0.0
8658,58448.7522777251,0.0,24555.2314197313,0.0,16772.3890537313
8659,32601.0233594508,0.0,24555.2314197313,0.0,19681.4301107313
8660,27725.3654216146,0.0,4631.813099,0.0,0.0
8661,19122.2413035153,0.0,8172.915234,0.0,0.0
8662,13120.2288874538,0.0,5701.875463,0.0,0.0
8663,8712.12277541705,0.0,4187.675878,0.0,0.0
8664,361.828376434663,0.0,7932.763126,0.0,0.0
8665,361.82765277791,0.0,0.0,7240.545521,0.0
8666,6450.98192475204,6409.63683750467,0.0,15852.6248835047,0.0
8667,29778.4388715329,24555.2314197313,0.0,33614.2226827313,0.0
8668,29778.3793146552,0.0,0.0,8282.42729,0.0
8669,22112.8347284229,0.0,7282.210778,0.0,0.0
8670,13700.3240743324,0.0,7991.843107,0.0,0.0
8671,0.0,0.0,13015.28184,0.0,0.0
8672,0.0,0.0,0.0,15066.49581,0.0
8673,4911.36550401736,5169.85842528143,0.0,19264.7067152814,0.0
8674,28238.8255300311,24555.2314197313,0.0,38206.9318997313,0.0
8675,51566.2389011248,24555.2314197313,0.0,40478.3875197313,0.0
8676,74893.6056173917,24555.2314197313,0.0,38004.3865497313,0.0
8677,98220.9256789252,24555.2314197313,0.0,40433.7690397313,0.0
8678,98220.9256789252,0.206780896160605,0.0,14781.4499008962,0.0
8679,98220.9256789252,0.206780896160605,0.0,14160.9393208962,0.0
8680,85046.0878476001,0.0,12515.90932,0.0,0.0
8681,75342.4212806876,0.0,9218.321651,0.0,0.0
8682,52129.4791959119,0.0,22052.1518299365,0.0,11245.9878899365
8683,26281.7629161837,0.0,24555.2314197313,0.0,15386.8988747313
8684,16176.2992673947,0.0,9600.140531,0.0,0.0
8685,8262.13493269092,0.0,7518.425383,0.0,0.0
8686,0.0,0.0,7849.012488,0.0,0.0
8687,0.0,0.0,0.0,8447.184828,0.0
8688,0.0,0.0,0.0,7749.123684,0.0
8689,0.0,0.0,0.0,6688.513505,0.0
8690,6783.81245394896,7140.85521468311,0.0,15776.0341586831,0.0
8691,30111.2687350688,24555.2314197313,0.0,33506.4398277313,0.0
8692,30111.2085125313,0.0,0.0,9648.226539,0.0
8693,18173.2259532722,0.0,11341.02622,0.0,0.0
8694,8240.25224471501,0.0,9436.290494,0.0,0.0
8695,0.0,0.0,7828.223976,0.0,0.0
8696,0.0,0.0,0.0,5808.45079,0.0
8697,4911.36550401736,5169.85842528143,0.0,13471.5520452814,0.0
8698,28238.8255300311,24555.2314197313,0.0,31599.8422107313,0.0
8699,51566.2389011248,24555.2314197313,0.0,31353.0182877313,0.0
8700,74893.6056173917,24555.2314197313,0.0,31834.3901107313,0.0
8701,98220.9256789252,24555.2314197313,0.0,33142.5559937313,0.0
8702,98220.9256789252,0.206780896160605,0.0,6762.99773889616,0.0
8703,98220.9256789252,0.206780896160605,0.0,8576.35509989616,0.0
8704,90657.5270339159,0.0,7185.042093,0.0,0.0
8705,81289.2244104408,0.0,8899.715243,0.0,0.0
8706,63678.6974726747,0.0,16729.8461413515,0.0,3155.27939135145
8707,37830.95809451,0.0,24555.2314197313,0.0,11774.0217997313
8708,24029.3096641727,0.0,13111.49413,0.0,0.0
8709,9940.67143713235,0.0,13384.16066,0.0,0.0
8710,0.0,0.0,9443.618978,0.0,0.0
8711,0.0,0.0,0.0,4306.428119,0.0
8712,0.0,0.0,0.0,3309.154122,0.0
8713,0.0,0.0,0.0,1050.640598,0.0
8714,0.0,0.0,0.0,2742.74705,0.0
8715,7264.14653252376,7646.47003423554,0.0,9021.44916223553,0.0
8716,7264.13200423069,0.0,0.0,2177.270116,0.0
8717,3620.07690754563,0.0,3461.83854,0.0,0.0
8718,2363.69590949708,0.0,1193.55507,0.0,0.0
8719,0.0,0.0,2245.506623,0.0,0.0
8720,0.0,0.0,0.0,2788.051585,0.0
8721,4911.36550401736,5169.85842528143,0.0,8573.98636328143,0.0
8722,28238.8255300311,24555.2314197313,0.0,33946.9040757313,0.0
8723,51566.2389011248,24555.2314197313,0.0,34429.0743817313,0.0
8724,74893.6056173917,24555.2314197313,0.0,34084.5530067313,0.0
8725,98220.9256789252,24555.2314197313,0.0,34952.1305397313,0.0
8726,98220.9256789252,0.206780896160605,0.0,13108.7697508962,0.0
8727,98220.9256789252,0.206780896160605,0.0,11217.6829408962,0.0
8728,86853.253910758,0.0,10799.10156,0.0,0.0
8729,74700.0614884607,0.0,11545.36778,0.0,0.0
8730,51508.2365729541,0.0,22032.0917396145,0.0,11881.2147896145
8731,25660.5215357111,0.0,24555.2314197313,0.0,16293.0119337313
8732,17247.6822672996,0.0,7992.14855,0.0,0.0
8733,9238.07282246143,0.0,7609.096202,0.0,0.0
8734,0.0,0.0,8776.151629,0.0,0.0
8735,0.0,0.0,0.0,9391.389058,0.0
8736,0.0,0.0,0.0,3608.161231,0.0
8737,0.0,0.0,0.0,4205.6405,0.0
8738,0.0,0.0,0.0,4330.713714,0.0
8739,16271.2782717163,17127.6613386488,0.0,20499.1088936488,0.0
8740,16271.2457291598,0.0,0.0,5161.649831,0.0
8741,10040.8656171947,0.0,5918.830191,0.0,0.0
8742,5058.78434809501,0.0,4732.958128,0.0,0.0
8743,0.0,0.0,4805.835519,0.0,0.0
8744,0.0,0.0,0.0,8101.420415,0.0
8745,4911.36550401736,5169.85842528143,0.0,12730.5644652814,0.0
8746,28238.8255300311,24555.2314197313,0.0,31873.5728197313,0.0
8747,51566.2389011248,24555.2314197313,0.0,31279.9635067313,0.0
8748,74893.6056173917,24555.2314197313,0.0,32068.1077267313,0.0
8749,98220.9256789252,24555.2314197313,0.0,32901.6883467313,0.0
8750,98220.9256789252,0.206780896160605,0.0,10431.8471708962,0.0
8751,98220.7292370738,0.0,0.0,8964.234387,0.0
8752,88359.9538082469,0.0,9367.550038,0.0,0.0
8753,77489.312709392,0.0,10326.94116,0.0,0.0
8754,51641.5457099968,0.0,24555.2314197313,0.0,14915.6439207313
8755,25793.8304061356,0.0,24555.2314197313,0.0,16008.8492437313
8756,16812.0293890011,0.0,8532.661958,0.0,0.0
8757,10375.9750859949,0.0,6114.219645,0.0,0.0
8758,2802.61769930791,0.0,7194.669803,0.0,0.0
8759,0.0,0.0,2662.48148936888,6882.04547463112,0.0
