datetime,PV_power_rate,load_kW,Elec Price
1/1/2023 0:00,0,0,0.152
1/1/2023 1:00,0,611.4729886,0.143
1/1/2023 2:00,0,3105.31046,0.137
1/1/2023 3:00,0,2301.628275,0.137
1/1/2023 4:00,0,2173.745017,0.145
1/1/2023 5:00,0,2900.581776,0.172
1/1/2023 6:00,0.026598164,2448.725473,0.204
1/1/2023 7:00,0.108376108,349.9212476,0.185
1/1/2023 8:00,0.164257763,4970.220921,0.144
1/1/2023 9:00,0.255931683,3167.047616,0.123
1/1/2023 10:00,0.321307193,4425.546993,0.113
1/1/2023 11:00,0.579142063,4528.576319,0.109
1/1/2023 12:00,0.741525833,7948.947259,0.11
1/1/2023 13:00,0.601147287,9649.184209,0.116
1/1/2023 14:00,0.622141523,11964.43627,0.127
1/1/2023 15:00,0.536982483,11487.75466,0.148
1/1/2023 16:00,0.359396597,8118.300455,0.181
1/1/2023 17:00,0.14330258,9544.460825,0.244
1/1/2023 18:00,0.01239976,9706.928529,0.279
1/1/2023 19:00,0,8725.512525,0.294
1/1/2023 20:00,0,8657.55141,0.249
1/1/2023 21:00,0,7902.294422,0.213
1/1/2023 22:00,0,9814.032176,0.181
1/1/2023 23:00,0,10726.45902,0.163
1/2/2023 0:00,0,5524.085626,0.152
1/2/2023 1:00,0,2367.211598,0.143
1/2/2023 2:00,0,2874.860374,0.137
1/2/2023 3:00,0,1080.323118,0.137
1/2/2023 4:00,0,0,0.145
1/2/2023 5:00,0.000111273,3627.086194,0.172
1/2/2023 6:00,0.095442716,1277.664549,0.204
1/2/2023 7:00,0.210569223,6452.76482,0.185
1/2/2023 8:00,0.33728794,7688.606383,0.144
1/2/2023 9:00,0.345759227,9282.511317,0.123
1/2/2023 10:00,0.418783957,5601.516778,0.113
1/2/2023 11:00,0.58672425,4232.611101,0.109
1/2/2023 12:00,0.741955857,5569.885965,0.11
1/2/2023 13:00,0.762330767,7573.26232,0.116
1/2/2023 14:00,0.66747658,9061.263107,0.127
1/2/2023 15:00,0.484007743,6250.387246,0.148
1/2/2023 16:00,0.349192363,6438.872252,0.181
1/2/2023 17:00,0.166532853,7699.015168,0.244
1/2/2023 18:00,0.027085086,8542.407067,0.279
1/2/2023 19:00,0,7605.87571,0.294
1/2/2023 20:00,0,6332.44506,0.249
1/2/2023 21:00,0,6259.812619,0.213
1/2/2023 22:00,0,6387.996775,0.181
1/2/2023 23:00,0,4591.201522,0.163
1/3/2023 0:00,0,2898.340921,0.152
1/3/2023 1:00,0,2910.934411,0.143
1/3/2023 2:00,0,2282.237002,0.137
1/3/2023 3:00,0,6087.28325,0.137
1/3/2023 4:00,0,5278.721723,0.145
1/3/2023 5:00,0.000165481,4032.30827,0.172
1/3/2023 6:00,0.046832908,5236.273839,0.204
1/3/2023 7:00,0.202981453,5987.610923,0.185
1/3/2023 8:00,0.441076223,6281.680237,0.144
1/3/2023 9:00,0.41908121,4989.785574,0.123
1/3/2023 10:00,0.636970033,7182.539838,0.113
1/3/2023 11:00,0.730745517,8493.991937,0.109
1/3/2023 12:00,0.744636277,7074.534154,0.11
1/3/2023 13:00,0.67002378,5135.386003,0.116
1/3/2023 14:00,0.586638947,6294.433192,0.127
1/3/2023 15:00,0.514914587,8634.210105,0.148
1/3/2023 16:00,0.35209524,12048.72508,0.181
1/3/2023 17:00,0.168260217,9169.977895,0.244
1/3/2023 18:00,0.028419669,10503.53276,0.279
1/3/2023 19:00,0,10207.89926,0.294
1/3/2023 20:00,0,9459.936918,0.249
1/3/2023 21:00,0,7333.323688,0.213
1/3/2023 22:00,0,6186.592589,0.181
1/3/2023 23:00,0,6299.681109,0.163
1/4/2023 0:00,0,5923.101806,0.152
1/4/2023 1:00,0,5592.595637,0.143
1/4/2023 2:00,0,5843.65794,0.137
1/4/2023 3:00,0,5229.876249,0.137
1/4/2023 4:00,0,4844.777082,0.145
1/4/2023 5:00,0.000737094,6629.890001,0.172
1/4/2023 6:00,0.05819407,5644.588212,0.204
1/4/2023 7:00,0.19970569,7497.795978,0.185
1/4/2023 8:00,0.382438433,9040.213709,0.144
1/4/2023 9:00,0.5388211,8689.526112,0.123
1/4/2023 10:00,0.656914553,9573.487536,0.113
1/4/2023 11:00,0.723832943,8751.099851,0.109
1/4/2023 12:00,0.74255802,9485.755731,0.11
1/4/2023 13:00,0.708701753,10386.20056,0.116
1/4/2023 14:00,0.582797733,10636.48583,0.127
1/4/2023 15:00,0.38618431,9024.685291,0.148
1/4/2023 16:00,0.291579793,11609.73619,0.181
1/4/2023 17:00,0.144492787,11643.79281,0.244
1/4/2023 18:00,0.026777574,11536.73259,0.279
1/4/2023 19:00,0,12618.95551,0.294
1/4/2023 20:00,0,10266.93162,0.249
1/4/2023 21:00,0,8126.54238,0.213
1/4/2023 22:00,0,5267.152189,0.181
1/4/2023 23:00,0,6937.137047,0.163
1/5/2023 0:00,0,7293.434609,0.152
1/5/2023 1:00,0,4342.518665,0.143
1/5/2023 2:00,0,4664.785723,0.137
1/5/2023 3:00,0,4989.628699,0.137
1/5/2023 4:00,0,5415.974388,0.145
1/5/2023 5:00,0.0001268,4589.569561,0.172
1/5/2023 6:00,0.027090249,2993.616407,0.204
1/5/2023 7:00,0.130749003,2381.866209,0.185
1/5/2023 8:00,0.357397943,1090.49997,0.144
1/5/2023 9:00,0.409101143,7923.194446,0.123
1/5/2023 10:00,0.423661378,5386.769816,0.113
1/5/2023 11:00,0.56489679,5590.736288,0.109
1/5/2023 12:00,0.741980963,7776.346441,0.11
1/5/2023 13:00,0.70382686,10090.04086,0.116
1/5/2023 14:00,0.131363203,8140.545351,0.127
1/5/2023 15:00,0.051678125,6078.360384,0.148
1/5/2023 16:00,0.062542829,10946.16163,0.181
1/5/2023 17:00,0.070209578,11292.18579,0.244
1/5/2023 18:00,0.032433791,11878.0514,0.279
1/5/2023 19:00,0,12762.5887,0.294
1/5/2023 20:00,0,13724.36432,0.249
1/5/2023 21:00,0,13501.71058,0.213
1/5/2023 22:00,0,12226.6923,0.181
1/5/2023 23:00,0,14425.7687,0.163
1/6/2023 0:00,0,10570.43848,0.152
1/6/2023 1:00,0,9374.218285,0.143
1/6/2023 2:00,0,9169.718376,0.137
1/6/2023 3:00,0,7085.358962,0.137
1/6/2023 4:00,0,7994.552619,0.145
1/6/2023 5:00,0,7291.319395,0.172
1/6/2023 6:00,0,8193.981206,0.204
1/6/2023 7:00,0.000124477,7045.185296,0.185
1/6/2023 8:00,0.012015145,10817.37124,0.144
1/6/2023 9:00,0.090684295,8526.047917,0.123
1/6/2023 10:00,0.333942833,8346.952878,0.113
1/6/2023 11:00,0.524493543,8250.437869,0.109
1/6/2023 12:00,0.686306967,9505.638826,0.11
1/6/2023 13:00,0.551388223,11473.72995,0.116
1/6/2023 14:00,0.607216683,10878.7962,0.127
1/6/2023 15:00,0.51356472,12136.95496,0.148
1/6/2023 16:00,0.28946978,11979.93515,0.181
1/6/2023 17:00,0.130236793,13913.03603,0.244
1/6/2023 18:00,0.024819485,12170.66995,0.279
1/6/2023 19:00,0,9307.262795,0.294
1/6/2023 20:00,0,6250.949355,0.249
1/6/2023 21:00,0,4163.595723,0.213
1/6/2023 22:00,0,5098.689911,0.181
1/6/2023 23:00,0,5097.79014,0.163
1/7/2023 0:00,0,6844.955135,0.152
1/7/2023 1:00,0,3173.17394,0.143
1/7/2023 2:00,0,5065.058798,0.137
1/7/2023 3:00,0,3054.892576,0.137
1/7/2023 4:00,0,3850.577728,0.145
1/7/2023 5:00,0.001059192,6433.196385,0.172
1/7/2023 6:00,0.054426812,7881.317235,0.204
1/7/2023 7:00,0.19403459,11190.02801,0.185
1/7/2023 8:00,0.384923873,10131.52347,0.144
1/7/2023 9:00,0.5341457,11162.94161,0.123
1/7/2023 10:00,0.59839087,12871.46187,0.113
1/7/2023 11:00,0.711936617,13665.70452,0.109
1/7/2023 12:00,0.690503443,15088.19878,0.11
1/7/2023 13:00,0.643851557,14444.5326,0.116
1/7/2023 14:00,0.48840324,12123.56242,0.127
1/7/2023 15:00,0.506175633,6630.334655,0.148
1/7/2023 16:00,0.284642253,7074.215711,0.181
1/7/2023 17:00,0.081587363,11608.47008,0.244
1/7/2023 18:00,0.021596568,10412.81778,0.279
1/7/2023 19:00,0,11210.82732,0.294
1/7/2023 20:00,0,12335.12752,0.249
1/7/2023 21:00,0,12010.74742,0.213
1/7/2023 22:00,0,11861.11956,0.181
1/7/2023 23:00,0,12977.60419,0.163
1/8/2023 0:00,0,11904.31352,0.152
1/8/2023 1:00,0,5764.719949,0.143
1/8/2023 2:00,0,5567.03884,0.137
1/8/2023 3:00,0,5241.971406,0.137
1/8/2023 4:00,0,4902.544965,0.145
1/8/2023 5:00,0.001231779,5726.998451,0.172
1/8/2023 6:00,0.051991407,4081.71213,0.204
1/8/2023 7:00,0.19188214,5566.131369,0.185
1/8/2023 8:00,0.3881856,4380.348625,0.144
1/8/2023 9:00,0.55534419,5696.987104,0.123
1/8/2023 10:00,0.685214683,4758.05526,0.113
1/8/2023 11:00,0.739226147,3562.473697,0.109
1/8/2023 12:00,0.75034189,8254.587612,0.11
1/8/2023 13:00,0.728380967,6091.269312,0.116
1/8/2023 14:00,0.53470716,6979.896522,0.127
1/8/2023 15:00,0.322837763,8469.546043,0.148
1/8/2023 16:00,0.219413873,10003.58446,0.181
1/8/2023 17:00,0.112787699,10758.35327,0.244
1/8/2023 18:00,0.007947118,9299.764999,0.279
1/8/2023 19:00,0,6930.740339,0.294
1/8/2023 20:00,0,5666.965151,0.249
1/8/2023 21:00,0,6331.972693,0.213
1/8/2023 22:00,0,6830.987434,0.181
1/8/2023 23:00,0,5281.953367,0.163
1/9/2023 0:00,0,4894.828076,0.152
1/9/2023 1:00,0,1509.669031,0.143
1/9/2023 2:00,0,2451.127981,0.137
1/9/2023 3:00,0,443.7296972,0.137
1/9/2023 4:00,0,2673.231649,0.145
1/9/2023 5:00,0,1842.099984,0.172
1/9/2023 6:00,0.064048113,5452.757003,0.204
1/9/2023 7:00,0.204208633,6172.360136,0.185
1/9/2023 8:00,0.397019373,6756.703626,0.144
1/9/2023 9:00,0.502798407,8012.496977,0.123
1/9/2023 10:00,0.575157617,9161.786586,0.113
1/9/2023 11:00,0.608100223,7258.723574,0.109
1/9/2023 12:00,0.500702827,7645.870139,0.11
1/9/2023 13:00,0.7022714,9193.214729,0.116
1/9/2023 14:00,0.59664272,8532.255527,0.127
1/9/2023 15:00,0.48676935,7931.684306,0.148
1/9/2023 16:00,0.32763505,8647.329452,0.181
1/9/2023 17:00,0.11740822,11742.58513,0.244
1/9/2023 18:00,0.01759533,12375.29653,0.279
1/9/2023 19:00,0,12206.39636,0.294
1/9/2023 20:00,0,10548.69855,0.249
1/9/2023 21:00,0,9720.3919,0.213
1/9/2023 22:00,0,7860.225108,0.181
1/9/2023 23:00,0,7745.219088,0.163
1/10/2023 0:00,0,7392.298792,0.152
1/10/2023 1:00,0,4536.325872,0.143
1/10/2023 2:00,0,4685.238261,0.137
1/10/2023 3:00,0,8416.509885,0.137
1/10/2023 4:00,0,9686.393923,0.145
1/10/2023 5:00,0.003250409,7165.936812,0.172
1/10/2023 6:00,0.048940798,3323.850218,0.204
1/10/2023 7:00,0.151113593,2615.626708,0.185
1/10/2023 8:00,0.393125067,5106.143609,0.144
1/10/2023 9:00,0.395348687,7553.110554,0.123
1/10/2023 10:00,0.48056538,8165.154454,0.113
1/10/2023 11:00,0.45332296,11914.04538,0.109
1/10/2023 12:00,0.260038753,15051.48643,0.11
1/10/2023 13:00,0.45848111,15890.11738,0.116
1/10/2023 14:00,0.406250863,14678.4105,0.127
1/10/2023 15:00,0.32607181,15399.8439,0.148
1/10/2023 16:00,0.15908784,13531.64284,0.181
1/10/2023 17:00,0.03265722,14916.17603,0.244
1/10/2023 18:00,0.00929681,13580.25238,0.279
1/10/2023 19:00,0,10213.59648,0.294
1/10/2023 20:00,0,8597.399718,0.249
1/10/2023 21:00,0,10178.17064,0.213
1/10/2023 22:00,0,11867.38621,0.181
1/10/2023 23:00,0,10934.48535,0.163
1/11/2023 0:00,0,12586.77045,0.152
1/11/2023 1:00,0,13835.38081,0.143
1/11/2023 2:00,0,13290.11023,0.137
1/11/2023 3:00,0,12961.90243,0.137
1/11/2023 4:00,0,11074.05255,0.145
1/11/2023 5:00,0.001205802,8162.896499,0.172
1/11/2023 6:00,0.029998543,4381.749931,0.204
1/11/2023 7:00,0.149849567,5152.864457,0.185
1/11/2023 8:00,0.29748938,4843.744673,0.144
1/11/2023 9:00,0.26425438,5856.204858,0.123
1/11/2023 10:00,0.168632943,8833.354227,0.113
1/11/2023 11:00,0.2638755,9077.441614,0.109
1/11/2023 12:00,0.193736427,12216.30471,0.11
1/11/2023 13:00,0.037774488,11403.09187,0.116
1/11/2023 14:00,0.100529705,12489.75062,0.127
1/11/2023 15:00,0.12027538,13221.18811,0.148
1/11/2023 16:00,0.009782695,15617.35273,0.181
1/11/2023 17:00,0.013959251,15274.16489,0.244
1/11/2023 18:00,0.005042475,16847.70703,0.279
1/11/2023 19:00,0,15416.34208,0.294
1/11/2023 20:00,0,14907.77581,0.249
1/11/2023 21:00,0,17083.68891,0.213
1/11/2023 22:00,0,14465.55591,0.181
1/11/2023 23:00,0,12226.26107,0.163
1/12/2023 0:00,0,10529.02104,0.152
1/12/2023 1:00,0,8948.903405,0.143
1/12/2023 2:00,0,7806.859239,0.137
1/12/2023 3:00,0,7671.073511,0.137
1/12/2023 4:00,0,7173.101018,0.145
1/12/2023 5:00,5.31E-05,10161.82678,0.172
1/12/2023 6:00,0.019445182,8732.779892,0.204
1/12/2023 7:00,0.077110509,9409.766974,0.185
1/12/2023 8:00,0.153387847,9167.331366,0.144
1/12/2023 9:00,0.244845553,8385.342159,0.123
1/12/2023 10:00,0.371039323,10901.32803,0.113
1/12/2023 11:00,0.526576497,10525.67215,0.109
1/12/2023 12:00,0.242980077,9172.908784,0.11
1/12/2023 13:00,0.27035846,9626.258384,0.116
1/12/2023 14:00,0.134493317,11164.08749,0.127
1/12/2023 15:00,0.211840953,13604.1328,0.148
1/12/2023 16:00,0.150176923,11830.35595,0.181
1/12/2023 17:00,0.029910663,8949.144014,0.244
1/12/2023 18:00,0.009232042,6767.172118,0.279
1/12/2023 19:00,0,7905.233957,0.294
1/12/2023 20:00,0,7258.73749,0.249
1/12/2023 21:00,0,8015.082105,0.213
1/12/2023 22:00,0,10069.89825,0.181
1/12/2023 23:00,0,10960.6825,0.163
1/13/2023 0:00,0,7314.358859,0.152
1/13/2023 1:00,0,6835.535605,0.143
1/13/2023 2:00,0,5214.520175,0.137
1/13/2023 3:00,0,6488.085298,0.137
1/13/2023 4:00,0,6682.37154,0.145
1/13/2023 5:00,0,7350.918643,0.172
1/13/2023 6:00,0.03654344,5009.121755,0.204
1/13/2023 7:00,0.112284507,4831.42472,0.185
1/13/2023 8:00,0.156156153,5297.517039,0.144
1/13/2023 9:00,0.508501233,6627.406825,0.123
1/13/2023 10:00,0.372478623,5603.924282,0.113
1/13/2023 11:00,0.475766817,6354.959743,0.109
1/13/2023 12:00,0.33315766,6907.826533,0.11
1/13/2023 13:00,0.292965173,9163.521636,0.116
1/13/2023 14:00,0.304864893,7606.564186,0.127
1/13/2023 15:00,0.202323217,7226.836425,0.148
1/13/2023 16:00,0.122079245,2386.305373,0.181
1/13/2023 17:00,0.061365851,3978.989152,0.244
1/13/2023 18:00,0.014655931,4328.219798,0.279
1/13/2023 19:00,0,6433.985524,0.294
1/13/2023 20:00,0,8286.503785,0.249
1/13/2023 21:00,0,6380.752764,0.213
1/13/2023 22:00,0,7460.337633,0.181
1/13/2023 23:00,0,8012.987465,0.163
1/14/2023 0:00,0,8045.357648,0.152
1/14/2023 1:00,0,7756.08103,0.143
1/14/2023 2:00,0,7189.810573,0.137
1/14/2023 3:00,0,7358.590943,0.137
1/14/2023 4:00,0,7563.890304,0.145
1/14/2023 5:00,0.000441172,7418.981701,0.172
1/14/2023 6:00,0.035621377,8550.203341,0.204
1/14/2023 7:00,0.13855879,7961.798102,0.185
1/14/2023 8:00,0.406896513,9372.824112,0.144
1/14/2023 9:00,0.304539613,8607.719846,0.123
1/14/2023 10:00,0.191008003,9945.205762,0.113
1/14/2023 11:00,0.22991755,12758.52105,0.109
1/14/2023 12:00,0.451607227,13823.14264,0.11
1/14/2023 13:00,0.429188127,10167.05966,0.116
1/14/2023 14:00,0.299899687,9956.614509,0.127
1/14/2023 15:00,0.46670601,9407.993867,0.148
1/14/2023 16:00,0.2855742,9024.421787,0.181
1/14/2023 17:00,0.056041113,10372.7148,0.244
1/14/2023 18:00,0.016747398,9926.662913,0.279
1/14/2023 19:00,0,7571.188818,0.294
1/14/2023 20:00,0,8455.594389,0.249
1/14/2023 21:00,0,8312.846633,0.213
1/14/2023 22:00,0,9392.974174,0.181
1/14/2023 23:00,0,10917.3848,0.163
1/15/2023 0:00,0,7559.465256,0.152
1/15/2023 1:00,0,6998.051613,0.143
1/15/2023 2:00,0,5926.385905,0.137
1/15/2023 3:00,0,3454.046965,0.137
1/15/2023 4:00,0,3050.803912,0.145
1/15/2023 5:00,0,2144.181324,0.172
1/15/2023 6:00,0.007805888,0,0.204
1/15/2023 7:00,0.039698893,0,0.185
1/15/2023 8:00,0.056142181,0,0.144
1/15/2023 9:00,0.081303232,0,0.123
1/15/2023 10:00,0.24667072,309.2916024,0.113
1/15/2023 11:00,0.1575174,2305.009109,0.109
1/15/2023 12:00,0.485713067,4672.860407,0.11
1/15/2023 13:00,0.688438733,6027.048959,0.116
1/15/2023 14:00,0.621417433,6911.547211,0.127
1/15/2023 15:00,0.5608765,4830.025083,0.148
1/15/2023 16:00,0.20106395,4332.371813,0.181
1/15/2023 17:00,0.19596887,5930.642288,0.244
1/15/2023 18:00,0.034998828,1735.821173,0.279
1/15/2023 19:00,0,4997.9874,0.294
1/15/2023 20:00,0,6092.594951,0.249
1/15/2023 21:00,0,7305.876206,0.213
1/15/2023 22:00,0,7340.939345,0.181
1/15/2023 23:00,0,3208.502597,0.163
1/16/2023 0:00,0,2313.390717,0.152
1/16/2023 1:00,0,0,0.143
1/16/2023 2:00,0,1118.780192,0.137
1/16/2023 3:00,0,2462.881218,0.137
1/16/2023 4:00,0,1404.759482,0.145
1/16/2023 5:00,0.000282253,281.4046072,0.172
1/16/2023 6:00,0.030851339,3636.76064,0.204
1/16/2023 7:00,0.127390083,4400.208204,0.185
1/16/2023 8:00,0.153479737,4809.879125,0.144
1/16/2023 9:00,0.42274135,6980.925619,0.123
1/16/2023 10:00,0.172790253,8201.513618,0.113
1/16/2023 11:00,0.165094037,12648.82644,0.109
1/16/2023 12:00,0.2956857,9744.142812,0.11
1/16/2023 13:00,0.735938297,8744.280924,0.116
1/16/2023 14:00,0.606521343,4003.715944,0.127
1/16/2023 15:00,0.50342065,5652.872526,0.148
1/16/2023 16:00,0.389524543,6135.708536,0.181
1/16/2023 17:00,0.163184053,4481.291238,0.244
1/16/2023 18:00,0.031931797,4549.594201,0.279
1/16/2023 19:00,0,6232.396774,0.294
1/16/2023 20:00,0,9707.158733,0.249
1/16/2023 21:00,0,10126.60552,0.213
1/16/2023 22:00,0,9368.776763,0.181
1/16/2023 23:00,0,7875.469498,0.163
1/17/2023 0:00,0,7870.887035,0.152
1/17/2023 1:00,0,6650.704024,0.143
1/17/2023 2:00,0,5491.524475,0.137
1/17/2023 3:00,0,6191.376768,0.137
1/17/2023 4:00,0,7518.970445,0.145
1/17/2023 5:00,0.000103471,8371.742606,0.172
1/17/2023 6:00,0.022940827,9655.16934,0.204
1/17/2023 7:00,0.15839676,11998.21369,0.185
1/17/2023 8:00,0.283441027,10582.44166,0.144
1/17/2023 9:00,0.550735833,9818.764193,0.123
1/17/2023 10:00,0.64017135,12638.66749,0.113
1/17/2023 11:00,0.774433447,13046.00362,0.109
1/17/2023 12:00,0.763845843,13022.53909,0.11
1/17/2023 13:00,0.621972623,15068.89255,0.116
1/17/2023 14:00,0.379184167,14233.76035,0.127
1/17/2023 15:00,0.504591823,11870.32503,0.148
1/17/2023 16:00,0.316260187,8246.442729,0.181
1/17/2023 17:00,0.171003247,9997.098825,0.244
1/17/2023 18:00,0.034901244,8152.778487,0.279
1/17/2023 19:00,0,5925.263333,0.294
1/17/2023 20:00,0,5165.428275,0.249
1/17/2023 21:00,0,5359.8703,0.213
1/17/2023 22:00,0,8593.610667,0.181
1/17/2023 23:00,0,7465.387688,0.163
1/18/2023 0:00,0,2535.687054,0.152
1/18/2023 1:00,0,3476.294368,0.143
1/18/2023 2:00,0,917.8393759,0.137
1/18/2023 3:00,0,1213.920097,0.137
1/18/2023 4:00,0,1013.584795,0.145
1/18/2023 5:00,0.001063614,627.40598,0.172
1/18/2023 6:00,0.065607018,4098.659896,0.204
1/18/2023 7:00,0.179047943,2577.207069,0.185
1/18/2023 8:00,0.37116484,5749.204072,0.144
1/18/2023 9:00,0.510740843,7263.079382,0.123
1/18/2023 10:00,0.043651818,7721.828336,0.113
1/18/2023 11:00,0.54863229,7498.081656,0.109
1/18/2023 12:00,0.463647653,7059.43573,0.11
1/18/2023 13:00,0.19125249,6979.00172,0.116
1/18/2023 14:00,0.19051518,10694.65035,0.127
1/18/2023 15:00,0.147121273,7423.169175,0.148
1/18/2023 16:00,0.128751833,6412.20016,0.181
1/18/2023 17:00,0.097192565,6974.206216,0.244
1/18/2023 18:00,0.015424406,7604.147898,0.279
1/18/2023 19:00,0,8973.087462,0.294
1/18/2023 20:00,0,6363.950787,0.249
1/18/2023 21:00,0,6643.916535,0.213
1/18/2023 22:00,0,4894.09406,0.181
1/18/2023 23:00,0,6527.66714,0.163
1/19/2023 0:00,0,7374.927786,0.152
1/19/2023 1:00,0,5762.668829,0.143
1/19/2023 2:00,0,2290.667527,0.137
1/19/2023 3:00,0,3406.968089,0.137
1/19/2023 4:00,0,5304.613274,0.145
1/19/2023 5:00,0,5156.797631,0.172
1/19/2023 6:00,0.005778566,5358.375254,0.204
1/19/2023 7:00,0.017553742,5375.903694,0.185
1/19/2023 8:00,0.03582328,4548.406528,0.144
1/19/2023 9:00,0.08537534,5269.280136,0.123
1/19/2023 10:00,0.35890355,5455.980847,0.113
1/19/2023 11:00,0.264930513,6935.268442,0.109
1/19/2023 12:00,0.187229007,7453.53863,0.11
1/19/2023 13:00,0.334369223,8436.285168,0.116
1/19/2023 14:00,0.146458947,10120.83669,0.127
1/19/2023 15:00,0.29459623,8451.941,0.148
1/19/2023 16:00,0.280739883,10892.81127,0.181
1/19/2023 17:00,0.0662033,9051.023217,0.244
1/19/2023 18:00,0.033788055,11506.26794,0.279
1/19/2023 19:00,0,12928.22004,0.294
1/19/2023 20:00,0,12878.78047,0.249
1/19/2023 21:00,0,9081.371131,0.213
1/19/2023 22:00,0,9188.669643,0.181
1/19/2023 23:00,0,6510.717351,0.163
1/20/2023 0:00,0,5856.25332,0.152
1/20/2023 1:00,0,2098.600588,0.143
1/20/2023 2:00,0,3134.213762,0.137
1/20/2023 3:00,0,4774.910958,0.137
1/20/2023 4:00,0,5974.003678,0.145
1/20/2023 5:00,0,3504.340632,0.172
1/20/2023 6:00,0.006601739,7284.082623,0.204
1/20/2023 7:00,0.060745666,6988.884326,0.185
1/20/2023 8:00,0.09373847,4528.144921,0.144
1/20/2023 9:00,0.175810197,6256.827832,0.123
1/20/2023 10:00,0.116726935,6522.126751,0.113
1/20/2023 11:00,0.134913237,5400.947186,0.109
1/20/2023 12:00,0.143478157,9310.638507,0.11
1/20/2023 13:00,0.068502286,7963.416431,0.116
1/20/2023 14:00,0.085772217,11152.43395,0.127
1/20/2023 15:00,0.037420941,11003.43392,0.148
1/20/2023 16:00,0.061272758,12549.39428,0.181
1/20/2023 17:00,0.055883173,10504.85321,0.244
1/20/2023 18:00,0.013314935,6883.008827,0.279
1/20/2023 19:00,0,8583.529493,0.294
1/20/2023 20:00,0,9539.365297,0.249
1/20/2023 21:00,0,9711.116663,0.213
1/20/2023 22:00,0,8726.986848,0.181
1/20/2023 23:00,0,8605.511352,0.163
1/21/2023 0:00,0,4344.171087,0.152
1/21/2023 1:00,0,3991.410362,0.143
1/21/2023 2:00,0,4346.309083,0.137
1/21/2023 3:00,0,3625.463655,0.137
1/21/2023 4:00,0,7048.452262,0.145
1/21/2023 5:00,0,6005.70984,0.172
1/21/2023 6:00,0.009632658,6503.188935,0.204
1/21/2023 7:00,0.039793807,8544.17514,0.185
1/21/2023 8:00,0.221310573,9027.817008,0.144
1/21/2023 9:00,0.212378343,14303.31417,0.123
1/21/2023 10:00,0.181936587,14252.53619,0.113
1/21/2023 11:00,0.051229453,11059.08234,0.109
1/21/2023 12:00,0.012219438,10629.30304,0.11
1/21/2023 13:00,0.015200452,13527.63573,0.116
1/21/2023 14:00,0.03438125,12085.58539,0.127
1/21/2023 15:00,0.046183813,10215.68931,0.148
1/21/2023 16:00,0.031612206,11813.27738,0.181
1/21/2023 17:00,0.015258593,10562.86481,0.244
1/21/2023 18:00,0.001860018,12036.33486,0.279
1/21/2023 19:00,0,11118.95791,0.294
1/21/2023 20:00,0,12494.38277,0.249
1/21/2023 21:00,0,14247.70249,0.213
1/21/2023 22:00,0,15064.15693,0.181
1/21/2023 23:00,0,9651.086498,0.163
1/22/2023 0:00,0,7873.78865,0.152
1/22/2023 1:00,0,5417.279832,0.143
1/22/2023 2:00,0,5960.21512,0.137
1/22/2023 3:00,0,8607.685826,0.137
1/22/2023 4:00,0,8784.998526,0.145
1/22/2023 5:00,0,6661.491847,0.172
1/22/2023 6:00,0.012131989,8485.832584,0.204
1/22/2023 7:00,0.029836492,7717.499181,0.185
1/22/2023 8:00,0.061084273,8779.17987,0.144
1/22/2023 9:00,0.101892607,11029.99016,0.123
1/22/2023 10:00,0.1263831,11000.45916,0.113
1/22/2023 11:00,0.066729722,12790.88394,0.109
1/22/2023 12:00,0.027584257,10887.12601,0.11
1/22/2023 13:00,0.00206085,10305.71532,0.116
1/22/2023 14:00,0,11021.37098,0.127
1/22/2023 15:00,0,12328.76899,0.148
1/22/2023 16:00,0,12491.97526,0.181
1/22/2023 17:00,0.006750437,10979.93962,0.244
1/22/2023 18:00,0.003374625,9256.627128,0.279
1/22/2023 19:00,0,10006.81035,0.294
1/22/2023 20:00,0,7536.024086,0.249
1/22/2023 21:00,0,8179.315341,0.213
1/22/2023 22:00,0,6301.898497,0.181
1/22/2023 23:00,0,7627.914656,0.163
1/23/2023 0:00,0,6835.074415,0.152
1/23/2023 1:00,0,7563.809194,0.143
1/23/2023 2:00,0,7213.614025,0.137
1/23/2023 3:00,0,6971.439582,0.137
1/23/2023 4:00,0,4939.435064,0.145
1/23/2023 5:00,0,3575.153037,0.172
1/23/2023 6:00,0.023110632,4099.174299,0.204
1/23/2023 7:00,0.12081259,5367.212005,0.185
1/23/2023 8:00,0.084464303,4336.813667,0.144
1/23/2023 9:00,0.010784851,4334.024428,0.123
1/23/2023 10:00,0.048230334,6114.338074,0.113
1/23/2023 11:00,0.247554017,7433.181691,0.109
1/23/2023 12:00,0.29334044,8394.414986,0.11
1/23/2023 13:00,0.245948047,9823.433254,0.116
1/23/2023 14:00,0.179370717,7346.870455,0.127
1/23/2023 15:00,0.18580976,9528.102932,0.148
1/23/2023 16:00,0.14843816,9665.997883,0.181
1/23/2023 17:00,0.058541786,9050.522411,0.244
1/23/2023 18:00,0.02705859,8711.597497,0.279
1/23/2023 19:00,0,7986.098119,0.294
1/23/2023 20:00,0,7580.872966,0.249
1/23/2023 21:00,0,11305.07286,0.213
1/23/2023 22:00,0,9948.97975,0.181
1/23/2023 23:00,0,9482.700189,0.163
1/24/2023 0:00,0,7525.244932,0.152
1/24/2023 1:00,0,5345.520117,0.143
1/24/2023 2:00,0,5340.779558,0.137
1/24/2023 3:00,0,5822.702649,0.137
1/24/2023 4:00,0,6046.426184,0.145
1/24/2023 5:00,0,7322.617484,0.172
1/24/2023 6:00,0.041965918,4730.71945,0.204
1/24/2023 7:00,0.2264208,4182.009983,0.185
1/24/2023 8:00,0.137097107,6241.923866,0.144
1/24/2023 9:00,0.351014263,10509.1411,0.123
1/24/2023 10:00,0.486022693,11088.86734,0.113
1/24/2023 11:00,0.491514683,9749.430862,0.109
1/24/2023 12:00,0.34343744,8802.965368,0.11
1/24/2023 13:00,0.44576733,8033.501986,0.116
1/24/2023 14:00,0.377498287,8373.381756,0.127
1/24/2023 15:00,0.362848877,7268.420593,0.148
1/24/2023 16:00,0.23957255,8838.036132,0.181
1/24/2023 17:00,0.058610729,7223.127739,0.244
1/24/2023 18:00,0.00644924,7843.960352,0.279
1/24/2023 19:00,0,8184.767599,0.294
1/24/2023 20:00,0,7228.82452,0.249
1/24/2023 21:00,0,8540.031485,0.213
1/24/2023 22:00,0,9999.286472,0.181
1/24/2023 23:00,0,9501.252367,0.163
1/25/2023 0:00,0,9124.442264,0.152
1/25/2023 1:00,0,12634.35255,0.143
1/25/2023 2:00,0,11194.69829,0.137
1/25/2023 3:00,0,9308.378322,0.137
1/25/2023 4:00,0,5570.568324,0.145
1/25/2023 5:00,0.000373867,6096.688712,0.172
1/25/2023 6:00,0.0179161,4300.69751,0.204
1/25/2023 7:00,0.104651663,4131.95076,0.185
1/25/2023 8:00,0.382006277,8303.595438,0.144
1/25/2023 9:00,0.362300823,6686.176411,0.123
1/25/2023 10:00,0.489121833,8228.884384,0.113
1/25/2023 11:00,0.691696687,9041.286233,0.109
1/25/2023 12:00,0.605520727,10245.33502,0.11
1/25/2023 13:00,0.454490067,10336.40709,0.116
1/25/2023 14:00,0.404402227,12407.74553,0.127
1/25/2023 15:00,0.406122517,12295.40876,0.148
1/25/2023 16:00,0.198304227,12860.81244,0.181
1/25/2023 17:00,0.053667711,11258.952,0.244
1/25/2023 18:00,0.02192861,8327.597222,0.279
1/25/2023 19:00,0,7327.115164,0.294
1/25/2023 20:00,0,6657.195221,0.249
1/25/2023 21:00,0,7252.334254,0.213
1/25/2023 22:00,0,1479.476757,0.181
1/25/2023 23:00,0,0,0.163
1/26/2023 0:00,0,0,0.152
1/26/2023 1:00,0,0,0.143
1/26/2023 2:00,0,0,0.137
1/26/2023 3:00,0,0,0.137
1/26/2023 4:00,0,0,0.145
1/26/2023 5:00,0.000234635,0,0.172
1/26/2023 6:00,0.067871825,815.9371136,0.204
1/26/2023 7:00,0.201631377,2216.862924,0.185
1/26/2023 8:00,0.280468757,2010.606913,0.144
1/26/2023 9:00,0.508267677,5540.175337,0.123
1/26/2023 10:00,0.669379523,5852.563033,0.113
1/26/2023 11:00,0.579892287,7955.330467,0.109
1/26/2023 12:00,0.6848682,9651.130532,0.11
1/26/2023 13:00,0.486908513,9159.535382,0.116
1/26/2023 14:00,0.316131317,6672.320515,0.127
1/26/2023 15:00,0.480438563,7914.497646,0.148
1/26/2023 16:00,0.19503052,9558.053486,0.181
1/26/2023 17:00,0.061734117,10577.44693,0.244
1/26/2023 18:00,0.030638301,7747.777464,0.279
1/26/2023 19:00,0,4976.404221,0.294
1/26/2023 20:00,0,5752.175324,0.249
1/26/2023 21:00,0,3030.718783,0.213
1/26/2023 22:00,0,6551.434711,0.181
1/26/2023 23:00,0,8129.614176,0.163
1/27/2023 0:00,0,4339.507081,0.152
1/27/2023 1:00,0,4395.387853,0.143
1/27/2023 2:00,0,4553.401208,0.137
1/27/2023 3:00,0,5116.231394,0.137
1/27/2023 4:00,0,3997.277791,0.145
1/27/2023 5:00,0.000531268,2611.553336,0.172
1/27/2023 6:00,0.063746707,5366.816053,0.204
1/27/2023 7:00,0.213774027,8266.247603,0.185
1/27/2023 8:00,0.316311367,7494.816978,0.144
1/27/2023 9:00,0.543758967,11358.51375,0.123
1/27/2023 10:00,0.46763291,10821.61139,0.113
1/27/2023 11:00,0.375244297,12354.61474,0.109
1/27/2023 12:00,0.520154493,10240.47337,0.11
1/27/2023 13:00,0.665021013,12173.6856,0.116
1/27/2023 14:00,0.586881583,13351.05202,0.127
1/27/2023 15:00,0.520720443,11333.80218,0.148
1/27/2023 16:00,0.349677457,14090.47523,0.181
1/27/2023 17:00,0.186441347,10431.33114,0.244
1/27/2023 18:00,0.021388531,10333.1185,0.279
1/27/2023 19:00,0,7297.231272,0.294
1/27/2023 20:00,0,7976.448728,0.249
1/27/2023 21:00,0,9079.857218,0.213
1/27/2023 22:00,0,7902.541042,0.181
1/27/2023 23:00,0,8302.585091,0.163
1/28/2023 0:00,0,9356.982261,0.152
1/28/2023 1:00,0,6917.284071,0.143
1/28/2023 2:00,0,6781.850812,0.137
1/28/2023 3:00,0,7436.24759,0.137
1/28/2023 4:00,0,6152.368445,0.145
1/28/2023 5:00,3.05E-05,8023.18918,0.172
1/28/2023 6:00,0.027949417,4094.848343,0.204
1/28/2023 7:00,0.078199387,3620.531428,0.185
1/28/2023 8:00,0.242574577,4440.933188,0.144
1/28/2023 9:00,0.19171296,3908.256338,0.123
1/28/2023 10:00,0.42131244,6488.606176,0.113
1/28/2023 11:00,0.30036373,8393.264928,0.109
1/28/2023 12:00,0.333189427,9149.89344,0.11
1/28/2023 13:00,0.254297227,12252.96544,0.116
1/28/2023 14:00,0.238070997,11478.02003,0.127
1/28/2023 15:00,0.124173308,11253.04566,0.148
1/28/2023 16:00,0.069599345,8917.635418,0.181
1/28/2023 17:00,0.032519262,10052.04247,0.244
1/28/2023 18:00,0.016530477,7740.281786,0.279
1/28/2023 19:00,0,6947.694888,0.294
1/28/2023 20:00,0,9196.044644,0.249
1/28/2023 21:00,0,10323.48652,0.213
1/28/2023 22:00,0,8803.393163,0.181
1/28/2023 23:00,0,9509.680413,0.163
1/29/2023 0:00,0,8998.220958,0.152
1/29/2023 1:00,0,4808.111105,0.143
1/29/2023 2:00,0,5213.481873,0.137
1/29/2023 3:00,0,5489.986879,0.137
1/29/2023 4:00,0,3040.894401,0.145
1/29/2023 5:00,0.000222964,3702.002226,0.172
1/29/2023 6:00,0.032846672,3224.604894,0.204
1/29/2023 7:00,0.105020543,3706.51915,0.185
1/29/2023 8:00,0.155664607,4239.198703,0.144
1/29/2023 9:00,0.241904457,4514.153468,0.123
1/29/2023 10:00,0.230812777,5565.149674,0.113
1/29/2023 11:00,0.37302044,3356.05797,0.109
1/29/2023 12:00,0.212670433,3752.155501,0.11
1/29/2023 13:00,0.142594517,4424.896422,0.116
1/29/2023 14:00,0.19662887,4484.527899,0.127
1/29/2023 15:00,0.112623963,2753.452711,0.148
1/29/2023 16:00,0.117636173,5351.159555,0.181
1/29/2023 17:00,0.057847927,5427.188737,0.244
1/29/2023 18:00,0.019999443,3672.627269,0.279
1/29/2023 19:00,0,4057.018967,0.294
1/29/2023 20:00,0,6465.362263,0.249
1/29/2023 21:00,0,4863.534755,0.213
1/29/2023 22:00,0,6833.719675,0.181
1/29/2023 23:00,0,4400.83687,0.163
1/30/2023 0:00,0,4405.441465,0.152
1/30/2023 1:00,0,3833.510107,0.143
1/30/2023 2:00,0,3576.687805,0.137
1/30/2023 3:00,0,6866.333688,0.137
1/30/2023 4:00,0,7820.271499,0.145
1/30/2023 5:00,0.00028279,5915.755146,0.172
1/30/2023 6:00,0.053794049,5818.415238,0.204
1/30/2023 7:00,0.119765483,5984.237672,0.185
1/30/2023 8:00,0.275009217,7646.043731,0.144
1/30/2023 9:00,0.48260317,6975.600191,0.123
1/30/2023 10:00,0.598778187,8498.811905,0.113
1/30/2023 11:00,0.609370983,8578.290003,0.109
1/30/2023 12:00,0.58455848,7197.149497,0.11
1/30/2023 13:00,0.560306913,7996.562973,0.116
1/30/2023 14:00,0.399054187,8095.49918,0.127
1/30/2023 15:00,0.22276932,7613.728923,0.148
1/30/2023 16:00,0.18701421,7728.618064,0.181
1/30/2023 17:00,0.091644535,6796.840625,0.244
1/30/2023 18:00,0.023558556,5018.145022,0.279
1/30/2023 19:00,0,6249.391887,0.294
1/30/2023 20:00,0,2232.343053,0.249
1/30/2023 21:00,0,2947.821755,0.213
1/30/2023 22:00,0,5902.464486,0.181
1/30/2023 23:00,0,2943.042487,0.163
1/31/2023 0:00,0,3299.703866,0.152
1/31/2023 1:00,0,4361.421296,0.143
1/31/2023 2:00,0,5189.448616,0.137
1/31/2023 3:00,0,5554.649113,0.137
1/31/2023 4:00,0,7897.596439,0.145
1/31/2023 5:00,0,6172.691156,0.172
1/31/2023 6:00,0.108010573,2010.006337,0.204
1/31/2023 7:00,0.1593267,1918.866832,0.185
1/31/2023 8:00,0.097675735,2205.410122,0.144
1/31/2023 9:00,0.238928343,3023.169056,0.123
1/31/2023 10:00,0.672329967,3625.323224,0.113
1/31/2023 11:00,0.70007972,937.2519172,0.109
1/31/2023 12:00,0.743256637,1959.290721,0.11
1/31/2023 13:00,0.776687333,3734.323938,0.116
1/31/2023 14:00,0.7118653,5982.961538,0.127
1/31/2023 15:00,0.513161727,6242.955874,0.148
1/31/2023 16:00,0.239387523,7391.113204,0.181
1/31/2023 17:00,0.086217487,8001.464264,0.244
1/31/2023 18:00,0.023623634,6485.263804,0.279
1/31/2023 19:00,0,4537.399249,0.294
1/31/2023 20:00,0,5554.940169,0.249
1/31/2023 21:00,0,7964.846289,0.213
1/31/2023 22:00,0,9309.029341,0.181
1/31/2023 23:00,0,8242.089193,0.163
2/1/2023 0:00,0,9340.373,0.152
2/1/2023 1:00,0,8435.392155,0.143
2/1/2023 2:00,0,7327.357624,0.137
2/1/2023 3:00,0,5079.167021,0.137
2/1/2023 4:00,0,4977.728858,0.145
2/1/2023 5:00,0.000270548,7002.497887,0.172
2/1/2023 6:00,0.048252081,4620.814773,0.204
2/1/2023 7:00,0.115507035,6175.731553,0.185
2/1/2023 8:00,0.309235643,7100.614578,0.144
2/1/2023 9:00,0.32269735,7600.174552,0.123
2/1/2023 10:00,0.5693938,5493.269299,0.113
2/1/2023 11:00,0.773181127,6608.195323,0.109
2/1/2023 12:00,0.76326108,8088.379929,0.11
2/1/2023 13:00,0.714933623,13137.3307,0.116
2/1/2023 14:00,0.507265497,12838.57291,0.127
2/1/2023 15:00,0.42041453,12242.70954,0.148
2/1/2023 16:00,0.13848524,12917.7005,0.181
2/1/2023 17:00,0.095821313,8794.83934,0.244
2/1/2023 18:00,0.024699417,5661.639941,0.279
2/1/2023 19:00,2.38E-05,3695.343668,0.294
2/1/2023 20:00,0,2750.0583,0.249
2/1/2023 21:00,0,4834.76802,0.213
2/1/2023 22:00,0,7519.91075,0.181
2/1/2023 23:00,0,4146.784362,0.163
2/2/2023 0:00,0,7024.78903,0.152
2/2/2023 1:00,0,6918.244684,0.143
2/2/2023 2:00,0,7404.095556,0.137
2/2/2023 3:00,0,9126.312069,0.137
2/2/2023 4:00,0,9004.514195,0.145
2/2/2023 5:00,5.03E-06,6842.285039,0.172
2/2/2023 6:00,0.009001388,4841.06941,0.204
2/2/2023 7:00,0.023766569,4662.32759,0.185
2/2/2023 8:00,0.061445432,2526.602799,0.144
2/2/2023 9:00,0.172524447,6069.918774,0.123
2/2/2023 10:00,0.518443753,2405.037978,0.113
2/2/2023 11:00,0.556127783,8013.235304,0.109
2/2/2023 12:00,0.20611086,6660.419364,0.11
2/2/2023 13:00,0.110155417,5410.40345,0.116
2/2/2023 14:00,0.17576109,2806.910691,0.127
2/2/2023 15:00,0.275445493,5343.908003,0.148
2/2/2023 16:00,0.22241179,5731.242749,0.181
2/2/2023 17:00,0.10413538,4299.162195,0.244
2/2/2023 18:00,0.027850204,4325.387956,0.279
2/2/2023 19:00,0,5715.709358,0.294
2/2/2023 20:00,0,5069.699004,0.249
2/2/2023 21:00,0,2822.38095,0.213
2/2/2023 22:00,0,5362.179412,0.181
2/2/2023 23:00,0,6420.466425,0.163
2/3/2023 0:00,0,2255.327953,0.152
2/3/2023 1:00,0,1087.574578,0.143
2/3/2023 2:00,0,0,0.137
2/3/2023 3:00,0,0,0.137
2/3/2023 4:00,0,2909.456201,0.145
2/3/2023 5:00,0.000245232,2496.269584,0.172
2/3/2023 6:00,0.066222915,3921.258139,0.204
2/3/2023 7:00,0.191389753,3186.7589,0.185
2/3/2023 8:00,0.43081003,7612.316355,0.144
2/3/2023 9:00,0.568048957,5032.874979,0.123
2/3/2023 10:00,0.295214607,10758.74157,0.113
2/3/2023 11:00,0.616699087,17523.58232,0.109
2/3/2023 12:00,0.402956877,15177.61858,0.11
2/3/2023 13:00,0.489602153,17283.09922,0.116
2/3/2023 14:00,0.4356597,17936.35938,0.127
2/3/2023 15:00,0.351073083,16500.67921,0.148
2/3/2023 16:00,0.227172137,14727.56908,0.181
2/3/2023 17:00,0.049262327,11830.46748,0.244
2/3/2023 18:00,0.014382649,7645.933293,0.279
2/3/2023 19:00,0,7028.187981,0.294
2/3/2023 20:00,0,4165.792533,0.249
2/3/2023 21:00,0,1632.305432,0.213
2/3/2023 22:00,0,3652.506223,0.181
2/3/2023 23:00,0,3547.476018,0.163
2/4/2023 0:00,0,2907.376909,0.152
2/4/2023 1:00,0,2756.689161,0.143
2/4/2023 2:00,0,3232.72966,0.137
2/4/2023 3:00,0,2071.855458,0.137
2/4/2023 4:00,0,3351.7727,0.145
2/4/2023 5:00,0.000195647,430.5941582,0.172
2/4/2023 6:00,0.056661592,1513.232521,0.204
2/4/2023 7:00,0.138411433,0,0.185
2/4/2023 8:00,0.169493663,2402.533685,0.144
2/4/2023 9:00,0.269465927,291.7431002,0.123
2/4/2023 10:00,0.437138983,3481.096887,0.113
2/4/2023 11:00,0.26979895,6920.290313,0.109
2/4/2023 12:00,0.290352653,8639.380372,0.11
2/4/2023 13:00,0.550552533,10623.69183,0.116
2/4/2023 14:00,0.35168594,8656.127544,0.127
2/4/2023 15:00,0.325773533,7782.109546,0.148
2/4/2023 16:00,0.205090297,8869.291916,0.181
2/4/2023 17:00,0.125821397,9492.802825,0.244
2/4/2023 18:00,0.02480048,6952.4482,0.279
2/4/2023 19:00,0,6110.971636,0.294
2/4/2023 20:00,0,7138.142451,0.249
2/4/2023 21:00,0,5276.907625,0.213
2/4/2023 22:00,0,4328.434206,0.181
2/4/2023 23:00,0,6698.943742,0.163
2/5/2023 0:00,0,4275.813066,0.152
2/5/2023 1:00,0,2784.393805,0.143
2/5/2023 2:00,0,467.6396833,0.137
2/5/2023 3:00,0,4742.787534,0.137
2/5/2023 4:00,0,5501.230533,0.145
2/5/2023 5:00,4.56E-05,3709.884153,0.172
2/5/2023 6:00,0.028166971,2812.392961,0.204
2/5/2023 7:00,0.076427277,6247.766227,0.185
2/5/2023 8:00,0.109141782,4520.287073,0.144
2/5/2023 9:00,0.163816247,3479.459979,0.123
2/5/2023 10:00,0.32307034,6142.551049,0.113
2/5/2023 11:00,0.2007703,5778.731497,0.109
2/5/2023 12:00,0.27639729,6348.49116,0.11
2/5/2023 13:00,0.231543887,6777.477796,0.116
2/5/2023 14:00,0.270892183,8062.390869,0.127
2/5/2023 15:00,0.3017498,11261.46334,0.148
2/5/2023 16:00,0.184072753,11850.73145,0.181
2/5/2023 17:00,0.091910152,11262.97265,0.244
2/5/2023 18:00,0.020850042,14355.29575,0.279
2/5/2023 19:00,0,14428.55637,0.294
2/5/2023 20:00,0,15137.34795,0.249
2/5/2023 21:00,0,12316.31371,0.213
2/5/2023 22:00,0,12943.97936,0.181
2/5/2023 23:00,0,15005.94025,0.163
2/6/2023 0:00,0,14908.1788,0.152
2/6/2023 1:00,0,11781.76563,0.143
2/6/2023 2:00,0,12219.28101,0.137
2/6/2023 3:00,0,12477.04675,0.137
2/6/2023 4:00,0,7855.097756,0.145
2/6/2023 5:00,0,8555.647177,0.172
2/6/2023 6:00,0.019024933,6391.791757,0.204
2/6/2023 7:00,0.063322888,5323.017097,0.185
2/6/2023 8:00,0.32328742,7718.017294,0.144
2/6/2023 9:00,0.191057013,8712.392373,0.123
2/6/2023 10:00,0.188026713,11095.81984,0.113
2/6/2023 11:00,0.304838707,11743.09318,0.109
2/6/2023 12:00,0.162863313,10246.92118,0.11
2/6/2023 13:00,0.260290967,5149.116467,0.116
2/6/2023 14:00,0.17597701,8188.709915,0.127
2/6/2023 15:00,0.021169884,7407.245912,0.148
2/6/2023 16:00,0.046068219,5771.476686,0.181
2/6/2023 17:00,0.054895091,7490.524885,0.244
2/6/2023 18:00,0.009401709,5630.692514,0.279
2/6/2023 19:00,0,3648.557515,0.294
2/6/2023 20:00,0,3621.336091,0.249
2/6/2023 21:00,0,307.9932917,0.213
2/6/2023 22:00,0,0,0.181
2/6/2023 23:00,0,4199.797123,0.163
2/7/2023 0:00,0,5335.219068,0.152
2/7/2023 1:00,0,872.2364741,0.143
2/7/2023 2:00,0,1138.601561,0.137
2/7/2023 3:00,0,0,0.137
2/7/2023 4:00,0,5412.388168,0.145
2/7/2023 5:00,0.001467121,3572.862833,0.172
2/7/2023 6:00,0.055260047,2042.298707,0.204
2/7/2023 7:00,0.21994334,6047.747604,0.185
2/7/2023 8:00,0.383996353,5045.801377,0.144
2/7/2023 9:00,0.408344727,8481.010477,0.123
2/7/2023 10:00,0.52262148,8652.760686,0.113
2/7/2023 11:00,0.36733691,9888.81368,0.109
2/7/2023 12:00,0.55475372,8213.376015,0.11
2/7/2023 13:00,0.592392047,9145.395104,0.116
2/7/2023 14:00,0.191264783,10280.49548,0.127
2/7/2023 15:00,0.400031687,10346.80935,0.148
2/7/2023 16:00,0.09400399,9276.998442,0.181
2/7/2023 17:00,0.07055907,9844.282312,0.244
2/7/2023 18:00,0.006963654,10528.37337,0.279
2/7/2023 19:00,0,9473.619338,0.294
2/7/2023 20:00,0,7549.300757,0.249
2/7/2023 21:00,0,6874.408966,0.213
2/7/2023 22:00,0,9095.310024,0.181
2/7/2023 23:00,0,4258.974404,0.163
2/8/2023 0:00,0,6464.001365,0.152
2/8/2023 1:00,0,2428.251046,0.143
2/8/2023 2:00,0,4509.738134,0.137
2/8/2023 3:00,0,5725.051637,0.137
2/8/2023 4:00,0,7486.887883,0.145
2/8/2023 5:00,0,4736.972977,0.172
2/8/2023 6:00,0.029348045,4192.121875,0.204
2/8/2023 7:00,0.162551513,4941.043302,0.185
2/8/2023 8:00,0.22848841,5662.055046,0.144
2/8/2023 9:00,0.394855743,5290.264148,0.123
2/8/2023 10:00,0.513749203,6995.664642,0.113
2/8/2023 11:00,0.507442367,5701.56207,0.109
2/8/2023 12:00,0.532717653,9877.683347,0.11
2/8/2023 13:00,0.31464787,9353.855472,0.116
2/8/2023 14:00,0.180106847,10410.39127,0.127
2/8/2023 15:00,0.262421317,11024.47,0.148
2/8/2023 16:00,0.237149073,13682.81863,0.181
2/8/2023 17:00,0.11469394,13374.87163,0.244
2/8/2023 18:00,0.027541992,10067.36642,0.279
2/8/2023 19:00,0,12179.00404,0.294
2/8/2023 20:00,0,11734.46266,0.249
2/8/2023 21:00,0,7110.015729,0.213
2/8/2023 22:00,0,9538.314791,0.181
2/8/2023 23:00,0,7941.236728,0.163
2/9/2023 0:00,0,8204.860245,0.152
2/9/2023 1:00,0,7670.829511,0.143
2/9/2023 2:00,0,6690.15433,0.137
2/9/2023 3:00,0,6633.008001,0.137
2/9/2023 4:00,0,4795.389809,0.145
2/9/2023 5:00,0.000102173,4232.332195,0.172
2/9/2023 6:00,0.042012399,4560.358858,0.204
2/9/2023 7:00,0.21543634,7458.431446,0.185
2/9/2023 8:00,0.402155807,6764.284125,0.144
2/9/2023 9:00,0.413259867,4342.030822,0.123
2/9/2023 10:00,0.57601663,3476.530689,0.113
2/9/2023 11:00,0.48485909,6540.261919,0.109
2/9/2023 12:00,0.48681225,10010.51307,0.11
2/9/2023 13:00,0.679433683,6689.01526,0.116
2/9/2023 14:00,0.621525433,10072.93859,0.127
2/9/2023 15:00,0.264090103,9613.705278,0.148
2/9/2023 16:00,0.245076143,8274.574698,0.181
2/9/2023 17:00,0.10143985,10772.00186,0.244
2/9/2023 18:00,0.017267608,13773.6904,0.279
2/9/2023 19:00,0,10149.04404,0.294
2/9/2023 20:00,0,10483.86547,0.249
2/9/2023 21:00,0,9051.462564,0.213
2/9/2023 22:00,0,4954.643801,0.181
2/9/2023 23:00,0,3258.608094,0.163
2/10/2023 0:00,0,3773.54653,0.152
2/10/2023 1:00,0,2529.81409,0.143
2/10/2023 2:00,0,1443.395748,0.137
2/10/2023 3:00,0,544.0926227,0.137
2/10/2023 4:00,0,1154.750201,0.145
2/10/2023 5:00,6.59E-05,421.3161099,0.172
2/10/2023 6:00,0.051190864,0,0.204
2/10/2023 7:00,0.228425313,0,0.185
2/10/2023 8:00,0.362542733,0,0.144
2/10/2023 9:00,0.426570357,364.3405855,0.123
2/10/2023 10:00,0.481031427,2672.925339,0.113
2/10/2023 11:00,0.58108422,4317.096374,0.109
2/10/2023 12:00,0.513264663,8061.115354,0.11
2/10/2023 13:00,0.604434493,10420.84324,0.116
2/10/2023 14:00,0.530709647,11433.23195,0.127
2/10/2023 15:00,0.57647191,10009.44968,0.148
2/10/2023 16:00,0.366245833,9944.689865,0.181
2/10/2023 17:00,0.176368173,9103.551776,0.244
2/10/2023 18:00,0.022941346,11875.10594,0.279
2/10/2023 19:00,0,12078.65498,0.294
2/10/2023 20:00,0,13069.54053,0.249
2/10/2023 21:00,0,9680.402864,0.213
2/10/2023 22:00,0,11386.95761,0.181
2/10/2023 23:00,0,12857.33749,0.163
2/11/2023 0:00,0,10951.9923,0.152
2/11/2023 1:00,0,12177.76217,0.143
2/11/2023 2:00,0,9871.763819,0.137
2/11/2023 3:00,0,8429.356188,0.137
2/11/2023 4:00,0,6296.23837,0.145
2/11/2023 5:00,8.37E-05,4309.292008,0.172
2/11/2023 6:00,0.039737913,5991.562152,0.204
2/11/2023 7:00,0.19777983,8399.184546,0.185
2/11/2023 8:00,0.298943003,7156.95614,0.144
2/11/2023 9:00,0.464248733,8042.360805,0.123
2/11/2023 10:00,0.516823337,7213.287007,0.113
2/11/2023 11:00,0.586427603,5448.798455,0.109
2/11/2023 12:00,0.457468263,5843.406371,0.11
2/11/2023 13:00,0.53540844,11013.80907,0.116
2/11/2023 14:00,0.540464547,13818.98752,0.127
2/11/2023 15:00,0.324009523,15513.05402,0.148
2/11/2023 16:00,0.17258758,16489.59353,0.181
2/11/2023 17:00,0.081851938,12842.89886,0.244
2/11/2023 18:00,0.028468962,12380.07052,0.279
2/11/2023 19:00,0,11806.05896,0.294
2/11/2023 20:00,0,14486.35603,0.249
2/11/2023 21:00,0,10927.28706,0.213
2/11/2023 22:00,0,8332.353316,0.181
2/11/2023 23:00,0,8611.144067,0.163
2/12/2023 0:00,0,7209.930302,0.152
2/12/2023 1:00,0,5232.622723,0.143
2/12/2023 2:00,0,6035.80018,0.137
2/12/2023 3:00,0,7222.741643,0.137
2/12/2023 4:00,0,7108.980717,0.145
2/12/2023 5:00,0.000133653,6370.268477,0.172
2/12/2023 6:00,0.052476456,4157.777036,0.204
2/12/2023 7:00,0.199254617,7673.090477,0.185
2/12/2023 8:00,0.403823087,6555.099959,0.144
2/12/2023 9:00,0.531125973,5259.033922,0.123
2/12/2023 10:00,0.694310317,8711.375502,0.113
2/12/2023 11:00,0.65459628,9566.937322,0.109
2/12/2023 12:00,0.591698493,12823.60957,0.11
2/12/2023 13:00,0.691413797,12993.24328,0.116
2/12/2023 14:00,0.440723887,11426.66173,0.127
2/12/2023 15:00,0.360652537,10888.21809,0.148
2/12/2023 16:00,0.194768587,12017.70309,0.181
2/12/2023 17:00,0.197848267,15024.67899,0.244
2/12/2023 18:00,0.038778783,12447.36654,0.279
2/12/2023 19:00,0,14983.16605,0.294
2/12/2023 20:00,0,11845.24693,0.249
2/12/2023 21:00,0,11579.03802,0.213
2/12/2023 22:00,0,7021.209846,0.181
2/12/2023 23:00,0,5191.857099,0.163
2/13/2023 0:00,0,901.6049556,0.152
2/13/2023 1:00,0,0,0.143
2/13/2023 2:00,0,3602.570757,0.137
2/13/2023 3:00,0,5549.909592,0.137
2/13/2023 4:00,0,8141.881595,0.145
2/13/2023 5:00,0.000228502,7377.027462,0.172
2/13/2023 6:00,0.058111149,8803.104106,0.204
2/13/2023 7:00,0.205558283,5323.31468,0.185
2/13/2023 8:00,0.45145468,4939.71433,0.144
2/13/2023 9:00,0.397259223,5817.834831,0.123
2/13/2023 10:00,0.62081572,10559.37436,0.113
2/13/2023 11:00,0.6770764,9752.195236,0.109
2/13/2023 12:00,0.7746047,8773.289934,0.11
2/13/2023 13:00,0.72465321,8653.347655,0.116
2/13/2023 14:00,0.694817487,7432.129844,0.127
2/13/2023 15:00,0.5007563,11292.86209,0.148
2/13/2023 16:00,0.38545769,11648.67416,0.181
2/13/2023 17:00,0.143710993,8529.254722,0.244
2/13/2023 18:00,0.033105233,6330.712829,0.279
2/13/2023 19:00,0,9772.999947,0.294
2/13/2023 20:00,0,11008.0643,0.249
2/13/2023 21:00,0,8888.021082,0.213
2/13/2023 22:00,0,8362.314647,0.181
2/13/2023 23:00,0,7750.169209,0.163
2/14/2023 0:00,0,1485.189627,0.152
2/14/2023 1:00,0,0,0.143
2/14/2023 2:00,0,2112.198344,0.137
2/14/2023 3:00,0,3412.560437,0.137
2/14/2023 4:00,0,4084.153354,0.145
2/14/2023 5:00,0.000589185,4349.926771,0.172
2/14/2023 6:00,0.058199427,240.9630709,0.204
2/14/2023 7:00,0.181902813,0,0.185
2/14/2023 8:00,0.363573323,0,0.144
2/14/2023 9:00,0.295376687,0,0.123
2/14/2023 10:00,0.5468343,0,0.113
2/14/2023 11:00,0.57851648,0,0.109
2/14/2023 12:00,0.538284987,0,0.11
2/14/2023 13:00,0.763999397,471.126147,0.116
2/14/2023 14:00,0.702563307,0,0.127
2/14/2023 15:00,0.581461337,1327.473557,0.148
2/14/2023 16:00,0.398924023,873.1743941,0.181
2/14/2023 17:00,0.197915143,5167.260299,0.244
2/14/2023 18:00,0.02324294,5834.42741,0.279
2/14/2023 19:00,0,9430.319325,0.294
2/14/2023 20:00,0,7393.267051,0.249
2/14/2023 21:00,0,8947.439221,0.213
2/14/2023 22:00,0,9629.679475,0.181
2/14/2023 23:00,0,8728.458009,0.163
2/15/2023 0:00,0,5968.584263,0.152
2/15/2023 1:00,0,7432.960052,0.143
2/15/2023 2:00,0,8503.464868,0.137
2/15/2023 3:00,0,13908.98404,0.137
2/15/2023 4:00,0,12917.14847,0.145
2/15/2023 5:00,0,13650.19661,0.172
2/15/2023 6:00,0.05104101,13478.74922,0.204
2/15/2023 7:00,0.124534172,9434.219369,0.185
2/15/2023 8:00,0.32654949,7630.784722,0.144
2/15/2023 9:00,0.48920727,7442.936747,0.123
2/15/2023 10:00,0.50261702,10326.94277,0.113
2/15/2023 11:00,0.594429567,11150.90468,0.109
2/15/2023 12:00,0.589885377,10576.32164,0.11
2/15/2023 13:00,0.633190013,7928.427361,0.116
2/15/2023 14:00,0.68887364,11889.04386,0.127
2/15/2023 15:00,0.574537533,11309.67168,0.148
2/15/2023 16:00,0.35514066,9856.270838,0.181
2/15/2023 17:00,0.19471609,8167.144462,0.244
2/15/2023 18:00,0.037938839,7234.570335,0.279
2/15/2023 19:00,0,9594.360922,0.294
2/15/2023 20:00,0,6659.752792,0.249
2/15/2023 21:00,0,7776.390361,0.213
2/15/2023 22:00,0,9492.026094,0.181
2/15/2023 23:00,0,10636.10835,0.163
2/16/2023 0:00,0,9619.302536,0.152
2/16/2023 1:00,0,8339.029448,0.143
2/16/2023 2:00,0,8254.595843,0.137
2/16/2023 3:00,0,6838.518898,0.137
2/16/2023 4:00,0,5465.82218,0.145
2/16/2023 5:00,9.84E-05,7736.523929,0.172
2/16/2023 6:00,0.05150505,6999.573533,0.204
2/16/2023 7:00,0.223296297,4090.921028,0.185
2/16/2023 8:00,0.168321133,6483.970448,0.144
2/16/2023 9:00,0.30274284,9000.529858,0.123
2/16/2023 10:00,0.35616392,7595.641657,0.113
2/16/2023 11:00,0.37953664,7469.742588,0.109
2/16/2023 12:00,0.35760338,6002.667257,0.11
2/16/2023 13:00,0.380686737,7113.646084,0.116
2/16/2023 14:00,0.601001647,10042.8982,0.127
2/16/2023 15:00,0.535053887,13589.10828,0.148
2/16/2023 16:00,0.403886803,11587.84232,0.181
2/16/2023 17:00,0.213097127,7009.547946,0.244
2/16/2023 18:00,0.040295349,6413.122703,0.279
2/16/2023 19:00,0,5932.084599,0.294
2/16/2023 20:00,0,2251.530411,0.249
2/16/2023 21:00,0,764.1776694,0.213
2/16/2023 22:00,0,1396.88372,0.181
2/16/2023 23:00,0,7498.50154,0.163
2/17/2023 0:00,0,6035.501836,0.152
2/17/2023 1:00,0,4772.463547,0.143
2/17/2023 2:00,0,3889.410145,0.137
2/17/2023 3:00,0,4080.406974,0.137
2/17/2023 4:00,0,7037.446961,0.145
2/17/2023 5:00,0,6989.761152,0.172
2/17/2023 6:00,0.047538623,6089.65162,0.204
2/17/2023 7:00,0.203031643,6430.322503,0.185
2/17/2023 8:00,0.39450886,6765.312588,0.144
2/17/2023 9:00,0.56429702,7198.704495,0.123
2/17/2023 10:00,0.688006387,9519.629213,0.113
2/17/2023 11:00,0.769693417,10972.50216,0.109
2/17/2023 12:00,0.791269587,12791.68212,0.11
2/17/2023 13:00,0.77346192,13525.99071,0.116
2/17/2023 14:00,0.707151937,12914.00098,0.127
2/17/2023 15:00,0.576786357,11598.39245,0.148
2/17/2023 16:00,0.381139137,12378.25672,0.181
2/17/2023 17:00,0.201407073,13533.69718,0.244
2/17/2023 18:00,0.041750299,11383.66779,0.279
2/17/2023 19:00,0,16259.73768,0.294
2/17/2023 20:00,0,14773.94318,0.249
2/17/2023 21:00,0,14478.44541,0.213
2/17/2023 22:00,0,13916.45558,0.181
2/17/2023 23:00,0,12316.80738,0.163
2/18/2023 0:00,0,10651.78597,0.152
2/18/2023 1:00,0,10561.10448,0.143
2/18/2023 2:00,0,9248.503152,0.137
2/18/2023 3:00,0,8922.291337,0.137
2/18/2023 4:00,0,5158.527362,0.145
2/18/2023 5:00,0.000140629,1432.38116,0.172
2/18/2023 6:00,0.052322896,6770.919676,0.204
2/18/2023 7:00,0.18688853,9504.984423,0.185
2/18/2023 8:00,0.398033033,7629.846381,0.144
2/18/2023 9:00,0.519543637,9373.951062,0.123
2/18/2023 10:00,0.708784017,8709.670654,0.113
2/18/2023 11:00,0.761674047,9560.3217,0.109
2/18/2023 12:00,0.785282003,9297.876031,0.11
2/18/2023 13:00,0.6626567,8735.458918,0.116
2/18/2023 14:00,0.664083023,9829.879423,0.127
2/18/2023 15:00,0.444687527,14366.82222,0.148
2/18/2023 16:00,0.361768893,13964.5767,0.181
2/18/2023 17:00,0.16688356,16006.08345,0.244
2/18/2023 18:00,0.039366057,19196.50557,0.279
2/18/2023 19:00,0,10766.28265,0.294
2/18/2023 20:00,0,12038.06446,0.249
2/18/2023 21:00,0,10070.8644,0.213
2/18/2023 22:00,0,9449.825381,0.181
2/18/2023 23:00,0,10196.52478,0.163
2/19/2023 0:00,0,6718.59389,0.152
2/19/2023 1:00,0,5992.146685,0.143
2/19/2023 2:00,0,9154.197253,0.137
2/19/2023 3:00,0,8083.585769,0.137
2/19/2023 4:00,0,12386.88231,0.145
2/19/2023 5:00,0.000169785,11076.11973,0.172
2/19/2023 6:00,0.040163933,12655.40638,0.204
2/19/2023 7:00,0.17861172,14902.19353,0.185
2/19/2023 8:00,0.36499668,11398.96536,0.144
2/19/2023 9:00,0.47653103,9739.926714,0.123
2/19/2023 10:00,0.65697329,8967.714234,0.113
2/19/2023 11:00,0.60370642,10218.56576,0.109
2/19/2023 12:00,0.608011333,6290.68088,0.11
2/19/2023 13:00,0.64040829,9523.560699,0.116
2/19/2023 14:00,0.580461063,11882.46962,0.127
2/19/2023 15:00,0.369416347,10990.18748,0.148
2/19/2023 16:00,0.342280923,11047.09447,0.181
2/19/2023 17:00,0.17248177,10201.33368,0.244
2/19/2023 18:00,0.001016866,12036.67022,0.279
2/19/2023 19:00,0,12376.20682,0.294
2/19/2023 20:00,0,18377.80689,0.249
2/19/2023 21:00,0,20152.8638,0.213
2/19/2023 22:00,0,17880.67096,0.181
2/19/2023 23:00,0,16109.56036,0.163
2/20/2023 0:00,0,13561.67697,0.152
2/20/2023 1:00,0,10587.89307,0.143
2/20/2023 2:00,0,11873.83577,0.137
2/20/2023 3:00,0,12857.1928,0.137
2/20/2023 4:00,0,10054.12205,0.145
2/20/2023 5:00,0,10035.74961,0.172
2/20/2023 6:00,0.067957837,6567.765245,0.204
2/20/2023 7:00,0.162580593,7187.879127,0.185
2/20/2023 8:00,0.230951837,9086.401244,0.144
2/20/2023 9:00,0.369563153,9099.982435,0.123
2/20/2023 10:00,0.365227537,9124.103958,0.113
2/20/2023 11:00,0.36513313,8590.814758,0.109
2/20/2023 12:00,0.491421907,7904.996757,0.11
2/20/2023 13:00,0.45543306,8766.880088,0.116
2/20/2023 14:00,0.380058177,8334.293576,0.127
2/20/2023 15:00,0.278517893,9469.215105,0.148
2/20/2023 16:00,0.167886853,10558.40798,0.181
2/20/2023 17:00,0.055743737,8985.998291,0.244
2/20/2023 18:00,0.015299821,8281.084659,0.279
2/20/2023 19:00,0,11530.57724,0.294
2/20/2023 20:00,0,8938.211157,0.249
2/20/2023 21:00,0,8281.406175,0.213
2/20/2023 22:00,0,9156.309292,0.181
2/20/2023 23:00,0,10748.74489,0.163
2/21/2023 0:00,0,7798.102787,0.152
2/21/2023 1:00,0,3000.631131,0.143
2/21/2023 2:00,0,4358.517916,0.137
2/21/2023 3:00,0,7400.646484,0.137
2/21/2023 4:00,0,6743.593129,0.145
2/21/2023 5:00,0,8597.012235,0.172
2/21/2023 6:00,0.005548287,8528.862222,0.204
2/21/2023 7:00,0.017339139,6952.083739,0.185
2/21/2023 8:00,0.045647311,6583.962702,0.144
2/21/2023 9:00,0.059385548,7174.427702,0.123
2/21/2023 10:00,0.104583342,6862.176439,0.113
2/21/2023 11:00,0.116528663,3472.837251,0.109
2/21/2023 12:00,0.066166379,5834.631852,0.11
2/21/2023 13:00,0.065647857,9359.512285,0.116
2/21/2023 14:00,0.087819318,9584.386072,0.127
2/21/2023 15:00,0.119151878,7908.151445,0.148
2/21/2023 16:00,0.035515405,9653.820452,0.181
2/21/2023 17:00,0.007711707,10546.02272,0.244
2/21/2023 18:00,0.00010131,9083.748513,0.279
2/21/2023 19:00,0,7911.177349,0.294
2/21/2023 20:00,0,10769.12303,0.249
2/21/2023 21:00,0,10280.00314,0.213
2/21/2023 22:00,0,12244.97456,0.181
2/21/2023 23:00,0,11157.71665,0.163
2/22/2023 0:00,0,10149.14587,0.152
2/22/2023 1:00,0,12791.20131,0.143
2/22/2023 2:00,0,8879.895503,0.137
2/22/2023 3:00,0,12796.68025,0.137
2/22/2023 4:00,0,10362.61954,0.145
2/22/2023 5:00,0,10589.49603,0.172
2/22/2023 6:00,0.002072893,7661.8159,0.204
2/22/2023 7:00,0.01571621,3771.42684,0.185
2/22/2023 8:00,0.045637886,7003.457622,0.144
2/22/2023 9:00,0.085982167,10487.26618,0.123
2/22/2023 10:00,0.128771738,11235.21115,0.113
2/22/2023 11:00,0.132449463,9703.403798,0.109
2/22/2023 12:00,0.191185573,9735.422645,0.11
2/22/2023 13:00,0.158911483,8928.664671,0.116
2/22/2023 14:00,0.126250141,11077.9784,0.127
2/22/2023 15:00,0.088853507,11239.06898,0.148
2/22/2023 16:00,0.072368817,13104.08131,0.181
2/22/2023 17:00,0.044711288,14997.17336,0.244
2/22/2023 18:00,0.01073135,11815.1872,0.279
2/22/2023 19:00,0,14355.98351,0.294
2/22/2023 20:00,0,14728.97728,0.249
2/22/2023 21:00,0,14589.27393,0.213
2/22/2023 22:00,0,11917.20651,0.181
2/22/2023 23:00,0,11049.47977,0.163
2/23/2023 0:00,0,7751.409736,0.152
2/23/2023 1:00,0,5401.800745,0.143
2/23/2023 2:00,0,1612.32708,0.137
2/23/2023 3:00,0,7886.789102,0.137
2/23/2023 4:00,0,5233.495346,0.145
2/23/2023 5:00,0,7663.201671,0.172
2/23/2023 6:00,0.006635932,8976.953324,0.204
2/23/2023 7:00,0.062154273,7044.641998,0.185
2/23/2023 8:00,0.145302473,9222.55519,0.144
2/23/2023 9:00,0.165928653,8632.758795,0.123
2/23/2023 10:00,0.20625789,11806.1485,0.113
2/23/2023 11:00,0.21023128,12725.09205,0.109
2/23/2023 12:00,0.160299407,11229.13848,0.11
2/23/2023 13:00,0.248162517,11582.11179,0.116
2/23/2023 14:00,0.323117397,17922.71323,0.127
2/23/2023 15:00,0.206070477,24340.44857,0.148
2/23/2023 16:00,0.162041997,18466.93317,0.181
2/23/2023 17:00,0.108217067,18564.25356,0.244
2/23/2023 18:00,0.027654263,16203.93307,0.279
2/23/2023 19:00,0,14261.15511,0.294
2/23/2023 20:00,0,14515.91075,0.249
2/23/2023 21:00,0,13380.50743,0.213
2/23/2023 22:00,0,12441.96391,0.181
2/23/2023 23:00,0,10403.17356,0.163
2/24/2023 0:00,0,9500.294335,0.152
2/24/2023 1:00,0,8879.124134,0.143
2/24/2023 2:00,0,8561.721894,0.137
2/24/2023 3:00,0,10043.20904,0.137
2/24/2023 4:00,0,8794.256847,0.145
2/24/2023 5:00,0,8101.453832,0.172
2/24/2023 6:00,0.027379131,6026.295685,0.204
2/24/2023 7:00,0.157593063,4012.377219,0.185
2/24/2023 8:00,0.320156803,2524.609142,0.144
2/24/2023 9:00,0.44649906,3682.748601,0.123
2/24/2023 10:00,0.72101375,8324.421643,0.113
2/24/2023 11:00,0.584252667,7439.102611,0.109
2/24/2023 12:00,0.575505153,6203.383597,0.11
2/24/2023 13:00,0.506645677,8352.06111,0.116
2/24/2023 14:00,0.565322207,9596.835962,0.127
2/24/2023 15:00,0.33557802,7957.951036,0.148
2/24/2023 16:00,0.332652993,11456.23726,0.181
2/24/2023 17:00,0.24895185,10893.42719,0.244
2/24/2023 18:00,0.040645778,9599.590379,0.279
2/24/2023 19:00,0,14791.99749,0.294
2/24/2023 20:00,0,10999.86817,0.249
2/24/2023 21:00,0,10188.96354,0.213
2/24/2023 22:00,0,7484.692184,0.181
2/24/2023 23:00,0,8073.354891,0.163
2/25/2023 0:00,0,7057.283507,0.152
2/25/2023 1:00,0,7376.302707,0.143
2/25/2023 2:00,0,6389.485481,0.137
2/25/2023 3:00,0,6120.144956,0.137
2/25/2023 4:00,0,7765.680591,0.145
2/25/2023 5:00,0,6385.123116,0.172
2/25/2023 6:00,0.038025235,4990.222291,0.204
2/25/2023 7:00,0.218260733,6913.883783,0.185
2/25/2023 8:00,0.422017127,6842.339368,0.144
2/25/2023 9:00,0.546871893,7327.47082,0.123
2/25/2023 10:00,0.648065313,8444.146879,0.113
2/25/2023 11:00,0.70024907,9105.455311,0.109
2/25/2023 12:00,0.71929815,7971.83109,0.11
2/25/2023 13:00,0.57033547,6775.693284,0.116
2/25/2023 14:00,0.461871893,8867.058855,0.127
2/25/2023 15:00,0.35079988,10755.07046,0.148
2/25/2023 16:00,0.279982617,8422.797753,0.181
2/25/2023 17:00,0.108603038,7839.252364,0.244
2/25/2023 18:00,0.026909214,6690.515845,0.279
2/25/2023 19:00,0,8846.240204,0.294
2/25/2023 20:00,0,12512.09759,0.249
2/25/2023 21:00,0,12519.53816,0.213
2/25/2023 22:00,0,14097.14439,0.181
2/25/2023 23:00,0,11702.28287,0.163
2/26/2023 0:00,0,8558.514023,0.152
2/26/2023 1:00,0,6161.989175,0.143
2/26/2023 2:00,0,8765.349914,0.137
2/26/2023 3:00,0,7463.920596,0.137
2/26/2023 4:00,0,11915.16298,0.145
2/26/2023 5:00,0,7108.936627,0.172
2/26/2023 6:00,0.03614787,9822.867138,0.204
2/26/2023 7:00,0.17887161,10706.7531,0.185
2/26/2023 8:00,0.389236553,11617.7795,0.144
2/26/2023 9:00,0.548999687,10497.8633,0.123
2/26/2023 10:00,0.663520563,10851.04875,0.113
2/26/2023 11:00,0.670861053,9913.589234,0.109
2/26/2023 12:00,0.726200967,11147.22255,0.11
2/26/2023 13:00,0.763951183,13307.20225,0.116
2/26/2023 14:00,0.487158993,14512.87406,0.127
2/26/2023 15:00,0.52634929,12330.59977,0.148
2/26/2023 16:00,0.38254721,10678.1856,0.181
2/26/2023 17:00,0.188079073,12133.01471,0.244
2/26/2023 18:00,0.026829253,12895.68845,0.279
2/26/2023 19:00,0,14091.12013,0.294
2/26/2023 20:00,0,16193.87623,0.249
2/26/2023 21:00,0,15546.86279,0.213
2/26/2023 22:00,0,10552.11367,0.181
2/26/2023 23:00,0,8166.550589,0.163
2/27/2023 0:00,0,5202.190098,0.152
2/27/2023 1:00,0,4550.540812,0.143
2/27/2023 2:00,0,4909.037607,0.137
2/27/2023 3:00,0,3876.564804,0.137
2/27/2023 4:00,0,5089.077595,0.145
2/27/2023 5:00,0,3767.941366,0.172
2/27/2023 6:00,0.013149487,5906.08178,0.204
2/27/2023 7:00,0.120600673,5676.695598,0.185
2/27/2023 8:00,0.369336997,3877.306909,0.144
2/27/2023 9:00,0.5871592,3781.358905,0.123
2/27/2023 10:00,0.634925633,7502.736061,0.113
2/27/2023 11:00,0.739808067,6684.530179,0.109
2/27/2023 12:00,0.734544403,7565.90376,0.11
2/27/2023 13:00,0.73194203,13865.11513,0.116
2/27/2023 14:00,0.68398045,14313.73768,0.127
2/27/2023 15:00,0.485930813,11008.03595,0.148
2/27/2023 16:00,0.302541433,9519.195569,0.181
2/27/2023 17:00,0.159762767,8075.265551,0.244
2/27/2023 18:00,0.046655206,7409.329051,0.279
2/27/2023 19:00,0,10081.82004,0.294
2/27/2023 20:00,0,12702.71797,0.249
2/27/2023 21:00,0,15007.27284,0.213
2/27/2023 22:00,0,12088.54566,0.181
2/27/2023 23:00,0,11601.20438,0.163
2/28/2023 0:00,0,7609.512684,0.152
2/28/2023 1:00,0,5639.395673,0.143
2/28/2023 2:00,0,3898.001079,0.137
2/28/2023 3:00,0,1730.090322,0.137
2/28/2023 4:00,0,1923.996972,0.145
2/28/2023 5:00,0,5501.726397,0.172
2/28/2023 6:00,0.044642314,2149.197673,0.204
2/28/2023 7:00,0.209130923,6945.440248,0.185
2/28/2023 8:00,0.411436417,5346.367683,0.144
2/28/2023 9:00,0.61838691,4193.414428,0.123
2/28/2023 10:00,0.641496353,4566.322779,0.113
2/28/2023 11:00,0.763323583,4626.780293,0.109
2/28/2023 12:00,0.785270847,6906.68005,0.11
2/28/2023 13:00,0.775844247,8874.882267,0.116
2/28/2023 14:00,0.7017616,11561.61843,0.127
2/28/2023 15:00,0.28356721,11655.33032,0.148
2/28/2023 16:00,0.128543797,9386.881949,0.181
2/28/2023 17:00,0.189226627,7236.825043,0.244
2/28/2023 18:00,0.034078232,6309.662305,0.279
2/28/2023 19:00,0,6155.951413,0.294
2/28/2023 20:00,0,5227.379573,0.249
2/28/2023 21:00,0,3730.787332,0.213
2/28/2023 22:00,0,3909.761496,0.181
2/28/2023 23:00,0,3605.174436,0.163
3/1/2023 0:00,0,0,0.152
3/1/2023 1:00,0,0,0.143
3/1/2023 2:00,0,0,0.137
3/1/2023 3:00,0,0,0.137
3/1/2023 4:00,0,2381.534681,0.145
3/1/2023 5:00,0,4261.79854,0.172
3/1/2023 6:00,0.042831464,5667.824072,0.204
3/1/2023 7:00,0.182732277,6728.776438,0.185
3/1/2023 8:00,0.380648683,8227.176684,0.144
3/1/2023 9:00,0.532950753,8268.73381,0.123
3/1/2023 10:00,0.670590767,7314.093087,0.113
3/1/2023 11:00,0.746180413,7453.719341,0.109
3/1/2023 12:00,0.705144987,8126.350595,0.11
3/1/2023 13:00,0.441577993,8322.204163,0.116
3/1/2023 14:00,0.621602317,10407.62729,0.127
3/1/2023 15:00,0.554229233,9887.808949,0.148
3/1/2023 16:00,0.378256907,11403.89502,0.181
3/1/2023 17:00,0.196253817,12632.54653,0.244
3/1/2023 18:00,0.03278968,11806.30319,0.279
3/1/2023 19:00,0,12918.64982,0.294
3/1/2023 20:00,0,14497.23428,0.249
3/1/2023 21:00,0,12061.68182,0.213
3/1/2023 22:00,0,8080.636239,0.181
3/1/2023 23:00,0,5195.502363,0.163
3/2/2023 0:00,0,7519.27489,0.152
3/2/2023 1:00,0,5321.934844,0.143
3/2/2023 2:00,0,5080.358668,0.137
3/2/2023 3:00,0,3925.521315,0.137
3/2/2023 4:00,0,2967.164949,0.145
3/2/2023 5:00,0,3085.890057,0.172
3/2/2023 6:00,0.039080841,4626.260052,0.204
3/2/2023 7:00,0.164885233,7282.16148,0.185
3/2/2023 8:00,0.3447169,7991.160629,0.144
3/2/2023 9:00,0.514698247,6455.485254,0.123
3/2/2023 10:00,0.524279197,7095.701518,0.113
3/2/2023 11:00,0.428953213,10260.61915,0.109
3/2/2023 12:00,0.398229293,8334.180603,0.11
3/2/2023 13:00,0.584965303,9837.386972,0.116
3/2/2023 14:00,0.399300257,16579.73246,0.127
3/2/2023 15:00,0.494583183,16266.16998,0.148
3/2/2023 16:00,0.339258307,17907.0304,0.181
3/2/2023 17:00,0.166524403,16362.31092,0.244
3/2/2023 18:00,0.039135857,15273.70169,0.279
3/2/2023 19:00,0,14492.20767,0.294
3/2/2023 20:00,0,12768.37646,0.249
3/2/2023 21:00,0,15533.33948,0.213
3/2/2023 22:00,0,11157.90569,0.181
3/2/2023 23:00,0,9721.33659,0.163
3/3/2023 0:00,0,7761.641122,0.152
3/3/2023 1:00,0,6986.53224,0.143
3/3/2023 2:00,0,4655.005106,0.137
3/3/2023 3:00,0,4737.303486,0.137
3/3/2023 4:00,0,6000.791904,0.145
3/3/2023 5:00,0,6042.058238,0.172
3/3/2023 6:00,0.036647506,5302.549578,0.204
3/3/2023 7:00,0.17173148,3128.189765,0.185
3/3/2023 8:00,0.37189605,3279.130008,0.144
3/3/2023 9:00,0.539035507,6343.49255,0.123
3/3/2023 10:00,0.6743558,6685.702306,0.113
3/3/2023 11:00,0.716355847,7901.501834,0.109
3/3/2023 12:00,0.737634677,8134.225102,0.11
3/3/2023 13:00,0.567056737,10146.7178,0.116
3/3/2023 14:00,0.346706347,11335.88474,0.127
3/3/2023 15:00,0.16579222,7737.319169,0.148
3/3/2023 16:00,0.204903813,7247.896507,0.181
3/3/2023 17:00,0.051547752,7123.140107,0.244
3/3/2023 18:00,0.044217047,7433.678011,0.279
3/3/2023 19:00,0,5722.239533,0.294
3/3/2023 20:00,0,7354.121283,0.249
3/3/2023 21:00,0,7479.234721,0.213
3/3/2023 22:00,0,7849.000764,0.181
3/3/2023 23:00,0,6321.909546,0.163
3/4/2023 0:00,0,6379.080681,0.152
3/4/2023 1:00,0,4251.415148,0.143
3/4/2023 2:00,0,3377.998711,0.137
3/4/2023 3:00,0,4667.729884,0.137
3/4/2023 4:00,0,5963.718875,0.145
3/4/2023 5:00,0,8297.005029,0.172
3/4/2023 6:00,0.017019242,7104.167166,0.204
3/4/2023 7:00,0.116070377,6662.295888,0.185
3/4/2023 8:00,0.381804747,6165.98072,0.144
3/4/2023 9:00,0.455452753,7817.91531,0.123
3/4/2023 10:00,0.439363927,9400.670177,0.113
3/4/2023 11:00,0.31824272,9400.487609,0.109
3/4/2023 12:00,0.380930173,10966.53001,0.11
3/4/2023 13:00,0.429451287,9165.847621,0.116
3/4/2023 14:00,0.407851837,11587.12119,0.127
3/4/2023 15:00,0.285416817,10037.07333,0.148
3/4/2023 16:00,0.180990287,10186.55081,0.181
3/4/2023 17:00,0.148464923,11449.02474,0.244
3/4/2023 18:00,0.043496501,10284.1731,0.279
3/4/2023 19:00,0,5812.932347,0.294
3/4/2023 20:00,0,7801.090929,0.249
3/4/2023 21:00,0,8659.557953,0.213
3/4/2023 22:00,0,8691.528706,0.181
3/4/2023 23:00,0,9922.892279,0.163
3/5/2023 0:00,0,4784.20279,0.152
3/5/2023 1:00,0,4099.236254,0.143
3/5/2023 2:00,0,2924.287552,0.137
3/5/2023 3:00,0,3845.295706,0.137
3/5/2023 4:00,0,3999.262832,0.145
3/5/2023 5:00,0,5572.848388,0.172
3/5/2023 6:00,0.004363102,4795.209203,0.204
3/5/2023 7:00,0.030881062,4673.364564,0.185
3/5/2023 8:00,0.021436771,5857.91831,0.144
3/5/2023 9:00,0.006696133,7614.536291,0.123
3/5/2023 10:00,0.026662049,8137.517569,0.113
3/5/2023 11:00,0.0916843,8300.281181,0.109
3/5/2023 12:00,0.23064675,5182.63201,0.11
3/5/2023 13:00,0.414349247,9358.467658,0.116
3/5/2023 14:00,0.365739813,9200.012408,0.127
3/5/2023 15:00,0.251746013,8562.765496,0.148
3/5/2023 16:00,0.229553503,9884.416849,0.181
3/5/2023 17:00,0.116430315,13414.11582,0.244
3/5/2023 18:00,0.00792029,11570.66853,0.279
3/5/2023 19:00,0,11371.58593,0.294
3/5/2023 20:00,0,13051.67284,0.249
3/5/2023 21:00,0,9800.565165,0.213
3/5/2023 22:00,0,10581.81643,0.181
3/5/2023 23:00,0,11447.02632,0.163
3/6/2023 0:00,0,5232.331835,0.152
3/6/2023 1:00,0,2120.761445,0.143
3/6/2023 2:00,0,3136.345143,0.137
3/6/2023 3:00,0,3189.842571,0.137
3/6/2023 4:00,0,1819.714046,0.145
3/6/2023 5:00,0,2290.626469,0.172
3/6/2023 6:00,0.017492438,1032.502894,0.204
3/6/2023 7:00,0.090092546,4028.214607,0.185
3/6/2023 8:00,0.14307694,6844.575767,0.144
3/6/2023 9:00,0.304234823,8342.964932,0.123
3/6/2023 10:00,0.43144944,9885.331109,0.113
3/6/2023 11:00,0.23815781,8147.158487,0.109
3/6/2023 12:00,0.169829667,9518.086086,0.11
3/6/2023 13:00,0.23830143,10253.09877,0.116
3/6/2023 14:00,0.31721415,9725.762744,0.127
3/6/2023 15:00,0.097730583,8635.984628,0.148
3/6/2023 16:00,0.062206048,7882.299909,0.181
3/6/2023 17:00,0.077018581,8713.927052,0.244
3/6/2023 18:00,0.022021172,11277.58591,0.279
3/6/2023 19:00,0,10744.98975,0.294
3/6/2023 20:00,0,11160.33512,0.249
3/6/2023 21:00,0,7229.126406,0.213
3/6/2023 22:00,0,5058.170734,0.181
3/6/2023 23:00,0,3716.880728,0.163
3/7/2023 0:00,0,2861.216261,0.152
3/7/2023 1:00,0,2059.663437,0.143
3/7/2023 2:00,0,1825.928045,0.137
3/7/2023 3:00,0,0,0.137
3/7/2023 4:00,0,1976.445806,0.145
3/7/2023 5:00,0,4004.995698,0.172
3/7/2023 6:00,0.016610346,6998.292299,0.204
3/7/2023 7:00,0.229429457,3938.538176,0.185
3/7/2023 8:00,0.290542347,1926.391691,0.144
3/7/2023 9:00,0.529463733,4581.640098,0.123
3/7/2023 10:00,0.5862242,3291.641806,0.113
3/7/2023 11:00,0.691542867,4855.132967,0.109
3/7/2023 12:00,0.685339033,4448.653155,0.11
3/7/2023 13:00,0.6985899,6757.087339,0.116
3/7/2023 14:00,0.45981127,8962.267335,0.127
3/7/2023 15:00,0.196554623,12466.30337,0.148
3/7/2023 16:00,0.084639863,11887.2698,0.181
3/7/2023 17:00,0.016012735,12240.65045,0.244
3/7/2023 18:00,0.003847771,10426.61913,0.279
3/7/2023 19:00,0,8401.691179,0.294
3/7/2023 20:00,0,7297.237558,0.249
3/7/2023 21:00,0,6635.099229,0.213
3/7/2023 22:00,0,9396.937066,0.181
3/7/2023 23:00,0,7225.446827,0.163
3/8/2023 0:00,0,4205.685553,0.152
3/8/2023 1:00,0,3746.351246,0.143
3/8/2023 2:00,0,5437.876403,0.137
3/8/2023 3:00,0,7311.347208,0.137
3/8/2023 4:00,0,7645.80831,0.145
3/8/2023 5:00,0,6800.989694,0.172
3/8/2023 6:00,0.034843164,3594.819177,0.204
3/8/2023 7:00,0.171506097,3491.786628,0.185
3/8/2023 8:00,0.33970522,6249.607405,0.144
3/8/2023 9:00,0.524176173,7412.104325,0.123
3/8/2023 10:00,0.633201283,10913.42324,0.113
3/8/2023 11:00,0.768133887,10585.48477,0.109
3/8/2023 12:00,0.645663033,10022.58419,0.11
3/8/2023 13:00,0.28789333,13743.64085,0.116
3/8/2023 14:00,0.314470267,11774.88166,0.127
3/8/2023 15:00,0.528328,11662.97092,0.148
3/8/2023 16:00,0.323071463,13439.56305,0.181
3/8/2023 17:00,0.12038388,11667.59404,0.244
3/8/2023 18:00,0.021655898,10502.13294,0.279
3/8/2023 19:00,0,9858.986528,0.294
3/8/2023 20:00,0,7519.581476,0.249
3/8/2023 21:00,0,6325.067171,0.213
3/8/2023 22:00,0,6621.718981,0.181
3/8/2023 23:00,0,7086.696765,0.163
3/9/2023 0:00,0,6093.950928,0.152
3/9/2023 1:00,0,5980.08463,0.143
3/9/2023 2:00,0,4446.254909,0.137
3/9/2023 3:00,0,3114.099073,0.137
3/9/2023 4:00,0,3899.952359,0.145
3/9/2023 5:00,0,2757.012449,0.172
3/9/2023 6:00,0.027738652,5237.894669,0.204
3/9/2023 7:00,0.17066655,6379.073591,0.185
3/9/2023 8:00,0.374357527,7249.948847,0.144
3/9/2023 9:00,0.550342257,6293.718923,0.123
3/9/2023 10:00,0.67422536,7045.702945,0.113
3/9/2023 11:00,0.750514183,7029.090871,0.109
3/9/2023 12:00,0.7781166,8312.103914,0.11
3/9/2023 13:00,0.763778567,9994.901038,0.116
3/9/2023 14:00,0.696569737,11582.64665,0.127
3/9/2023 15:00,0.5293029,10704.51357,0.148
3/9/2023 16:00,0.28215572,10372.19496,0.181
3/9/2023 17:00,0.187503907,9387.687777,0.244
3/9/2023 18:00,0.026711871,10933.87539,0.279
3/9/2023 19:00,0,12995.2923,0.294
3/9/2023 20:00,0,12337.15103,0.249
3/9/2023 21:00,0,12679.19116,0.213
3/9/2023 22:00,0,9177.570859,0.181
3/9/2023 23:00,0,9356.450638,0.163
3/10/2023 0:00,0,9636.964511,0.152
3/10/2023 1:00,0,10791.94782,0.143
3/10/2023 2:00,0,7315.295523,0.137
3/10/2023 3:00,0,4121.862644,0.137
3/10/2023 4:00,0,3664.046653,0.145
3/10/2023 5:00,0,3924.374517,0.172
3/10/2023 6:00,0.034029708,4012.194137,0.204
3/10/2023 7:00,0.170973793,6779.330202,0.185
3/10/2023 8:00,0.37582683,8343.836031,0.144
3/10/2023 9:00,0.5465577,4513.718282,0.123
3/10/2023 10:00,0.667520333,8065.516303,0.113
3/10/2023 11:00,0.7476747,10532.16255,0.109
3/10/2023 12:00,0.78128517,6546.991876,0.11
3/10/2023 13:00,0.752818943,9236.779591,0.116
3/10/2023 14:00,0.680972267,8926.935427,0.127
3/10/2023 15:00,0.54777731,10831.9989,0.148
3/10/2023 16:00,0.36648811,12429.7073,0.181
3/10/2023 17:00,0.181312257,14024.82291,0.244
3/10/2023 18:00,0.023756261,14224.65704,0.279
3/10/2023 19:00,0,14566.726,0.294
3/10/2023 20:00,0,14272.99937,0.249
3/10/2023 21:00,0,8233.829527,0.213
3/10/2023 22:00,0,10272.13934,0.181
3/10/2023 23:00,0,10731.72362,0.163
3/11/2023 0:00,0,5269.104767,0.152
3/11/2023 1:00,0,4573.263972,0.143
3/11/2023 2:00,0,5104.57247,0.137
3/11/2023 3:00,0,4007.349615,0.137
3/11/2023 4:00,0,1391.229451,0.145
3/11/2023 5:00,0,3579.232265,0.172
3/11/2023 6:00,0.02238106,2816.247067,0.204
3/11/2023 7:00,0.075354407,2769.84524,0.185
3/11/2023 8:00,0.148523117,5342.883903,0.144
3/11/2023 9:00,0.392983237,6640.412732,0.123
3/11/2023 10:00,0.492015097,7814.663749,0.113
3/11/2023 11:00,0.54149962,7979.892901,0.109
3/11/2023 12:00,0.626411963,9066.232802,0.11
3/11/2023 13:00,0.655116287,8024.689461,0.116
3/11/2023 14:00,0.664534877,8031.566957,0.127
3/11/2023 15:00,0.545130317,8664.469197,0.148
3/11/2023 16:00,0.286824153,10315.67774,0.181
3/11/2023 17:00,0.21284444,12565.65083,0.244
3/11/2023 18:00,0.047917963,9698.866109,0.279
3/11/2023 19:00,0,10332.18696,0.294
3/11/2023 20:00,0,10766.82804,0.249
3/11/2023 21:00,0,12871.4071,0.213
3/11/2023 22:00,0,13656.37635,0.181
3/11/2023 23:00,0,14825.81172,0.163
3/12/2023 0:00,0,12005.67606,0.152
3/12/2023 1:00,0,8758.703592,0.143
3/12/2023 2:00,0,5142.141771,0.137
3/12/2023 3:00,0,5589.072023,0.137
3/12/2023 4:00,0,6949.672918,0.145
3/12/2023 5:00,0,6526.808198,0.172
3/12/2023 6:00,0.039661246,5375.911499,0.204
3/12/2023 7:00,0.110366669,4537.224159,0.185
3/12/2023 8:00,0.145256703,6169.03639,0.144
3/12/2023 9:00,0.132247007,3522.715272,0.123
3/12/2023 10:00,0.366546463,6945.746894,0.113
3/12/2023 11:00,0.800670337,5194.414134,0.109
3/12/2023 12:00,0.725350793,4789.361509,0.11
3/12/2023 13:00,0.7149175,5359.529318,0.116
3/12/2023 14:00,0.6724319,6098.987727,0.127
3/12/2023 15:00,0.509736167,7268.899733,0.148
3/12/2023 16:00,0.32496659,5072.60187,0.181
3/12/2023 17:00,0.087287278,6881.888946,0.244
3/12/2023 18:00,0.015402117,7431.236866,0.279
3/12/2023 19:00,0,9437.108673,0.294
3/12/2023 20:00,0,12241.65366,0.249
3/12/2023 21:00,0,8841.312205,0.213
3/12/2023 22:00,0,4079.564313,0.181
3/12/2023 23:00,0,4592.189457,0.163
3/13/2023 0:00,0,2432.519318,0.152
3/13/2023 1:00,0,2939.57387,0.143
3/13/2023 2:00,0,2188.783622,0.137
3/13/2023 3:00,0,6061.13585,0.137
3/13/2023 4:00,0,7314.972222,0.145
3/13/2023 5:00,0,5210.139827,0.172
3/13/2023 6:00,0.040841456,7356.830423,0.204
3/13/2023 7:00,0.129440053,6277.520111,0.185
3/13/2023 8:00,0.173172453,5704.245493,0.144
3/13/2023 9:00,0.123034605,2843.162447,0.123
3/13/2023 10:00,0.544484533,4616.734086,0.113
3/13/2023 11:00,0.54718872,7461.460733,0.109
3/13/2023 12:00,0.661261647,8257.113235,0.11
3/13/2023 13:00,0.625938487,11159.18384,0.116
3/13/2023 14:00,0.481152107,11664.78362,0.127
3/13/2023 15:00,0.415358747,13304.98979,0.148
3/13/2023 16:00,0.35444639,12518.30763,0.181
3/13/2023 17:00,0.148622063,10965.89335,0.244
3/13/2023 18:00,0.007485156,13072.75485,0.279
3/13/2023 19:00,0,11043.08675,0.294
3/13/2023 20:00,0,11948.25648,0.249
3/13/2023 21:00,0,10202.11787,0.213
3/13/2023 22:00,0,11863.60945,0.181
3/13/2023 23:00,0,10558.96562,0.163
3/14/2023 0:00,0,8496.037778,0.152
3/14/2023 1:00,0,7140.338284,0.143
3/14/2023 2:00,0,7429.534309,0.137
3/14/2023 3:00,0,7432.671879,0.137
3/14/2023 4:00,0,10505.46293,0.145
3/14/2023 5:00,0,14443.78767,0.172
3/14/2023 6:00,0.011278379,13980.37885,0.204
3/14/2023 7:00,0.056860572,11840.80103,0.185
3/14/2023 8:00,0.075175323,10616.5216,0.144
3/14/2023 9:00,0.433872223,10260.25161,0.123
3/14/2023 10:00,0.280476313,10110.44319,0.113
3/14/2023 11:00,0.366596347,12108.71626,0.109
3/14/2023 12:00,0.248105267,14507.33064,0.11
3/14/2023 13:00,0.293118087,13254.34281,0.116
3/14/2023 14:00,0.404265863,14626.38402,0.127
3/14/2023 15:00,0.50912848,16590.36329,0.148
3/14/2023 16:00,0.221088277,16870.21549,0.181
3/14/2023 17:00,0.131041857,13847.31179,0.244
3/14/2023 18:00,0.024289971,12429.01229,0.279
3/14/2023 19:00,0,12483.4601,0.294
3/14/2023 20:00,0,13969.83273,0.249
3/14/2023 21:00,0,11720.72344,0.213
3/14/2023 22:00,0,10777.8269,0.181
3/14/2023 23:00,0,9402.28134,0.163
3/15/2023 0:00,0,9308.4214,0.152
3/15/2023 1:00,0,8070.81136,0.143
3/15/2023 2:00,0,8223.273598,0.137
3/15/2023 3:00,0,5597.543217,0.137
3/15/2023 4:00,0,4689.918019,0.145
3/15/2023 5:00,0,5131.4775,0.172
3/15/2023 6:00,0.013002888,5950.311591,0.204
3/15/2023 7:00,0.06832635,4782.435422,0.185
3/15/2023 8:00,0.22428294,6220.056472,0.144
3/15/2023 9:00,0.39193554,5521.112124,0.123
3/15/2023 10:00,0.352139433,8914.659882,0.113
3/15/2023 11:00,0.18675307,12671.84902,0.109
3/15/2023 12:00,0.4596448,10540.7148,0.11
3/15/2023 13:00,0.645944453,12939.28622,0.116
3/15/2023 14:00,0.541483613,11797.79056,0.127
3/15/2023 15:00,0.358518533,12614.04956,0.148
3/15/2023 16:00,0.165556809,14991.61218,0.181
3/15/2023 17:00,0.05859773,18451.4136,0.244
3/15/2023 18:00,0.016957185,16894.84307,0.279
3/15/2023 19:00,0,15105.2656,0.294
3/15/2023 20:00,0,16710.88576,0.249
3/15/2023 21:00,0,12855.20333,0.213
3/15/2023 22:00,0,12449.81046,0.181
3/15/2023 23:00,0,11911.31633,0.163
3/16/2023 0:00,0,8066.789666,0.152
3/16/2023 1:00,0,4937.168997,0.143
3/16/2023 2:00,0,3284.001019,0.137
3/16/2023 3:00,0,4111.512746,0.137
3/16/2023 4:00,0,2070.742033,0.145
3/16/2023 5:00,0,1022.469758,0.172
3/16/2023 6:00,0.030407388,676.6060502,0.204
3/16/2023 7:00,0.117588775,1360.486216,0.185
3/16/2023 8:00,0.166181123,2314.847031,0.144
3/16/2023 9:00,0.281916397,3907.292038,0.123
3/16/2023 10:00,0.196014123,3455.244521,0.113
3/16/2023 11:00,0.413443417,6674.654331,0.109
3/16/2023 12:00,0.522260373,8595.941803,0.11
3/16/2023 13:00,0.436951557,8689.410077,0.116
3/16/2023 14:00,0.59298088,7170.598095,0.127
3/16/2023 15:00,0.499168843,10959.65868,0.148
3/16/2023 16:00,0.380711653,15714.22249,0.181
3/16/2023 17:00,0.16148901,13399.15359,0.244
3/16/2023 18:00,0.019524109,11810.62271,0.279
3/16/2023 19:00,0,10994.80797,0.294
3/16/2023 20:00,0,11273.92251,0.249
3/16/2023 21:00,0,10714.09214,0.213
3/16/2023 22:00,0,11239.30504,0.181
3/16/2023 23:00,0,15279.93617,0.163
3/17/2023 0:00,0,11563.22334,0.152
3/17/2023 1:00,0,7851.73202,0.143
3/17/2023 2:00,0,8108.499198,0.137
3/17/2023 3:00,0,6121.341003,0.137
3/17/2023 4:00,0,5187.17608,0.145
3/17/2023 5:00,0,6835.299377,0.172
3/17/2023 6:00,0.005730565,5909.452496,0.204
3/17/2023 7:00,0.043668427,8296.652349,0.185
3/17/2023 8:00,0.109775257,9114.135691,0.144
3/17/2023 9:00,0.24465952,12780.40915,0.123
3/17/2023 10:00,0.309792833,11792.52427,0.113
3/17/2023 11:00,0.139911573,11904.26814,0.109
3/17/2023 12:00,0.188252827,13047.60683,0.11
3/17/2023 13:00,0.022178988,11287.55562,0.116
3/17/2023 14:00,0.069938668,12709.64621,0.127
3/17/2023 15:00,0.096609909,15419.94611,0.148
3/17/2023 16:00,0.081386552,17748.90169,0.181
3/17/2023 17:00,0.110998967,17882.63698,0.244
3/17/2023 18:00,0.025506052,15346.09706,0.279
3/17/2023 19:00,0,14425.09331,0.294
3/17/2023 20:00,0,12172.52221,0.249
3/17/2023 21:00,0,11635.66159,0.213
3/17/2023 22:00,0,9947.69771,0.181
3/17/2023 23:00,0,8561.636584,0.163
3/18/2023 0:00,0,8975.09302,0.152
3/18/2023 1:00,0,8590.609908,0.143
3/18/2023 2:00,0,8104.133598,0.137
3/18/2023 3:00,0,7957.055141,0.137
3/18/2023 4:00,0,2226.425001,0.145
3/18/2023 5:00,0,3734.864089,0.172
3/18/2023 6:00,0.014282225,2642.47162,0.204
3/18/2023 7:00,0.149924953,4338.98576,0.185
3/18/2023 8:00,0.173413993,4184.52473,0.144
3/18/2023 9:00,0.19209725,5893.045356,0.123
3/18/2023 10:00,0.069823248,8561.098463,0.113
3/18/2023 11:00,0.094354943,8006.71916,0.109
3/18/2023 12:00,0.471215823,8282.496421,0.11
3/18/2023 13:00,0.555245833,10533.11129,0.116
3/18/2023 14:00,0.469973007,10631.13643,0.127
3/18/2023 15:00,0.323366357,11114.8648,0.148
3/18/2023 16:00,0.238117357,11395.08456,0.181
3/18/2023 17:00,0.097164438,10359.82708,0.244
3/18/2023 18:00,0.011466567,9162.054336,0.279
3/18/2023 19:00,0,9125.043395,0.294
3/18/2023 20:00,0,10552.29558,0.249
3/18/2023 21:00,0,7292.923153,0.213
3/18/2023 22:00,0,5569.944655,0.181
3/18/2023 23:00,0,8362.840021,0.163
3/19/2023 0:00,0,5992.751828,0.152
3/19/2023 1:00,0,5902.318683,0.143
3/19/2023 2:00,0,6288.639204,0.137
3/19/2023 3:00,0,8458.25811,0.137
3/19/2023 4:00,0,9171.257833,0.145
3/19/2023 5:00,0,8899.604602,0.172
3/19/2023 6:00,0.009147142,9392.699913,0.204
3/19/2023 7:00,0.069027611,7462.117923,0.185
3/19/2023 8:00,0.267292303,9128.832266,0.144
3/19/2023 9:00,0.5071884,11317.85284,0.123
3/19/2023 10:00,0.387930423,14708.68606,0.113
3/19/2023 11:00,0.517989853,13189.05523,0.109
3/19/2023 12:00,0.472335583,10076.08611,0.11
3/19/2023 13:00,0.555397443,8110.934012,0.116
3/19/2023 14:00,0.5027088,6882.915181,0.127
3/19/2023 15:00,0.220227983,6578.528715,0.148
3/19/2023 16:00,0.347070557,6254.07621,0.181
3/19/2023 17:00,0.113640221,6633.528094,0.244
3/19/2023 18:00,0.010275288,3391.522153,0.279
3/19/2023 19:00,0,8375.313468,0.294
3/19/2023 20:00,0,8669.082772,0.249
3/19/2023 21:00,0,7254.777192,0.213
3/19/2023 22:00,0,7038.840622,0.181
3/19/2023 23:00,0,8614.881673,0.163
3/20/2023 0:00,0,5662.322896,0.152
3/20/2023 1:00,0,1850.452836,0.143
3/20/2023 2:00,0,1724.841404,0.137
3/20/2023 3:00,0,3942.703725,0.137
3/20/2023 4:00,0,5267.972306,0.145
3/20/2023 5:00,0,7198.514648,0.172
3/20/2023 6:00,0.002298444,5194.79117,0.204
3/20/2023 7:00,0.100544922,6016.824817,0.185
3/20/2023 8:00,0.248192103,6850.477744,0.144
3/20/2023 9:00,0.144096157,5617.068838,0.123
3/20/2023 10:00,0.188226557,5426.669209,0.113
3/20/2023 11:00,0.514050417,9060.070585,0.109
3/20/2023 12:00,0.40018902,13736.67822,0.11
3/20/2023 13:00,0.23583695,16444.7854,0.116
3/20/2023 14:00,0.184888223,17439.55082,0.127
3/20/2023 15:00,0.121544487,16700.83526,0.148
3/20/2023 16:00,0.076327361,14603.82472,0.181
3/20/2023 17:00,0.044183659,11860.44076,0.244
3/20/2023 18:00,0.021292302,10109.93158,0.279
3/20/2023 19:00,0,9672.247997,0.294
3/20/2023 20:00,0,6940.836495,0.249
3/20/2023 21:00,0,5224.82089,0.213
3/20/2023 22:00,0,7148.180496,0.181
3/20/2023 23:00,0,7907.973712,0.163
3/21/2023 0:00,0,5824.192187,0.152
3/21/2023 1:00,0,2991.046989,0.143
3/21/2023 2:00,0,921.7716209,0.137
3/21/2023 3:00,0,344.2889572,0.137
3/21/2023 4:00,0,3751.896381,0.145
3/21/2023 5:00,0,4237.610705,0.172
3/21/2023 6:00,0.013761543,4923.705622,0.204
3/21/2023 7:00,0.05952117,3748.157429,0.185
3/21/2023 8:00,0.178065857,5981.705313,0.144
3/21/2023 9:00,0.233520617,6754.851472,0.123
3/21/2023 10:00,0.42547902,10357.67,0.113
3/21/2023 11:00,0.305623743,11622.26233,0.109
3/21/2023 12:00,0.29881484,11793.89213,0.11
3/21/2023 13:00,0.36937037,13905.98567,0.116
3/21/2023 14:00,0.521575767,16905.66842,0.127
3/21/2023 15:00,0.45490416,16081.83867,0.148
3/21/2023 16:00,0.223988777,16471.58372,0.181
3/21/2023 17:00,0.08137757,15218.21114,0.244
3/21/2023 18:00,0.014495722,15267.24891,0.279
3/21/2023 19:00,0,11009.02289,0.294
3/21/2023 20:00,0,11043.59715,0.249
3/21/2023 21:00,0,9859.886585,0.213
3/21/2023 22:00,0,9522.144935,0.181
3/21/2023 23:00,0,8208.449061,0.163
3/22/2023 0:00,0,8832.829433,0.152
3/22/2023 1:00,0,5589.366191,0.143
3/22/2023 2:00,0,6676.429312,0.137
3/22/2023 3:00,0,7302.873044,0.137
3/22/2023 4:00,0,7130.060688,0.145
3/22/2023 5:00,0,7474.036724,0.172
3/22/2023 6:00,0.02734971,5133.387505,0.204
3/22/2023 7:00,0.158139147,4224.985212,0.185
3/22/2023 8:00,0.32883509,727.4153203,0.144
3/22/2023 9:00,0.51054042,1819.105083,0.123
3/22/2023 10:00,0.54470861,923.9063296,0.113
3/22/2023 11:00,0.54344872,4107.43175,0.109
3/22/2023 12:00,0.557027167,3681.013664,0.11
3/22/2023 13:00,0.605153557,5987.866062,0.116
3/22/2023 14:00,0.380120207,9427.659166,0.127
3/22/2023 15:00,0.388987403,10616.18542,0.148
3/22/2023 16:00,0.29368137,11492.19289,0.181
3/22/2023 17:00,0.072637457,9396.467975,0.244
3/22/2023 18:00,0.007513435,8038.951574,0.279
3/22/2023 19:00,0,5616.436526,0.294
3/22/2023 20:00,0,9179.342574,0.249
3/22/2023 21:00,0,10643.84254,0.213
3/22/2023 22:00,0,9094.812429,0.181
3/22/2023 23:00,0,10420.43391,0.163
3/23/2023 0:00,0,14553.67634,0.152
3/23/2023 1:00,0,10129.50568,0.143
3/23/2023 2:00,0,7250.149657,0.137
3/23/2023 3:00,0,7296.342991,0.137
3/23/2023 4:00,0,3605.309683,0.145
3/23/2023 5:00,0,5677.23812,0.172
3/23/2023 6:00,0.028636607,5559.824494,0.204
3/23/2023 7:00,0.18482856,5274.265648,0.185
3/23/2023 8:00,0.344121407,3971.181129,0.144
3/23/2023 9:00,0.41560658,7425.227995,0.123
3/23/2023 10:00,0.569205033,5622.919056,0.113
3/23/2023 11:00,0.550562577,9503.511725,0.109
3/23/2023 12:00,0.530526637,9277.834285,0.11
3/23/2023 13:00,0.531422967,10328.67154,0.116
3/23/2023 14:00,0.541145953,11285.13928,0.127
3/23/2023 15:00,0.531961127,15796.2176,0.148
3/23/2023 16:00,0.34471424,11917.35879,0.181
3/23/2023 17:00,0.165889657,11234.52882,0.244
3/23/2023 18:00,0.039524577,11183.4816,0.279
3/23/2023 19:00,0,16404.20249,0.294
3/23/2023 20:00,0,14468.13474,0.249
3/23/2023 21:00,0,10568.49996,0.213
3/23/2023 22:00,0,10643.8066,0.181
3/23/2023 23:00,0,8505.601072,0.163
3/24/2023 0:00,0,8237.400371,0.152
3/24/2023 1:00,0,6826.963841,0.143
3/24/2023 2:00,0,7544.782523,0.137
3/24/2023 3:00,0,8465.600157,0.137
3/24/2023 4:00,0,8685.544356,0.145
3/24/2023 5:00,0,8307.303021,0.172
3/24/2023 6:00,0.035802679,9065.050745,0.204
3/24/2023 7:00,0.172562143,10300.926,0.185
3/24/2023 8:00,0.31875119,8687.286387,0.144
3/24/2023 9:00,0.414647123,9839.967695,0.123
3/24/2023 10:00,0.630164813,9289.846305,0.113
3/24/2023 11:00,0.61912713,11097.9596,0.109
3/24/2023 12:00,0.276931507,12094.91488,0.11
3/24/2023 13:00,0.023938795,11313.17053,0.116
3/24/2023 14:00,0.028233212,9723.815454,0.127
3/24/2023 15:00,0.116500437,10675.94824,0.148
3/24/2023 16:00,0.058866065,12383.87916,0.181
3/24/2023 17:00,0.023739297,12807.31021,0.244
3/24/2023 18:00,0.004376895,13741.95964,0.279
3/24/2023 19:00,0,11579.40686,0.294
3/24/2023 20:00,0,10013.06467,0.249
3/24/2023 21:00,0,9485.642391,0.213
3/24/2023 22:00,0,8685.268428,0.181
3/24/2023 23:00,0,7171.284106,0.163
3/25/2023 0:00,0,6939.165216,0.152
3/25/2023 1:00,0,3995.30033,0.143
3/25/2023 2:00,0,6970.293304,0.137
3/25/2023 3:00,0,4683.96458,0.137
3/25/2023 4:00,0,6798.501054,0.145
3/25/2023 5:00,0,8475.528611,0.172
3/25/2023 6:00,0.018659952,10633.14827,0.204
3/25/2023 7:00,0.16411657,11969.466,0.185
3/25/2023 8:00,0.32493598,11533.48521,0.144
3/25/2023 9:00,0.30157063,14497.83766,0.123
3/25/2023 10:00,0.09382192,15755.21736,0.113
3/25/2023 11:00,0.002406053,17613.95488,0.109
3/25/2023 12:00,0.041792756,15934.22315,0.11
3/25/2023 13:00,0.166257837,12985.55386,0.116
3/25/2023 14:00,0.26996276,10764.65984,0.127
3/25/2023 15:00,0.277136377,12406.96027,0.148
3/25/2023 16:00,0.167263477,9124.983403,0.181
3/25/2023 17:00,0.072397133,8891.172754,0.244
3/25/2023 18:00,0.027366849,7813.690319,0.279
3/25/2023 19:00,0,10426.36194,0.294
3/25/2023 20:00,0,10418.406,0.249
3/25/2023 21:00,0,8802.055496,0.213
3/25/2023 22:00,0,10416.9133,0.181
3/25/2023 23:00,0,8517.113058,0.163
3/26/2023 0:00,0,7295.604936,0.152
3/26/2023 1:00,0,5199.48792,0.143
3/26/2023 2:00,0,10383.57155,0.137
3/26/2023 3:00,0,10800.14263,0.137
3/26/2023 4:00,0,10100.69393,0.145
3/26/2023 5:00,0,5358.996567,0.172
3/26/2023 6:00,0.015084965,6317.629439,0.204
3/26/2023 7:00,0.093147297,7188.467008,0.185
3/26/2023 8:00,0.247854307,7777.281578,0.144
3/26/2023 9:00,0.354101467,7857.404161,0.123
3/26/2023 10:00,0.12207597,8697.243494,0.113
3/26/2023 11:00,0.262434283,6482.376651,0.109
3/26/2023 12:00,0.27487234,7040.454382,0.11
3/26/2023 13:00,0.095341045,5329.154711,0.116
3/26/2023 14:00,0.129444751,7052.841824,0.127
3/26/2023 15:00,0.244571847,7928.876855,0.148
3/26/2023 16:00,0.338280843,6861.125315,0.181
3/26/2023 17:00,0.1002621,7444.813778,0.244
3/26/2023 18:00,0.020485852,9634.25977,0.279
3/26/2023 19:00,0,11350.90248,0.294
3/26/2023 20:00,0,11194.73778,0.249
3/26/2023 21:00,0,10652.90983,0.213
3/26/2023 22:00,0,10732.91121,0.181
3/26/2023 23:00,0,11969.87267,0.163
3/27/2023 0:00,0,9813.774615,0.152
3/27/2023 1:00,0,10917.00894,0.143
3/27/2023 2:00,0,9722.720815,0.137
3/27/2023 3:00,0,6658.971721,0.137
3/27/2023 4:00,0,6554.08373,0.145
3/27/2023 5:00,0,7157.831211,0.172
3/27/2023 6:00,0.002991743,8544.197502,0.204
3/27/2023 7:00,0.022598927,8622.666044,0.185
3/27/2023 8:00,0.357716647,10329.41403,0.144
3/27/2023 9:00,0.575594097,9911.759789,0.123
3/27/2023 10:00,0.395974513,10695.64359,0.113
3/27/2023 11:00,0.264605363,11934.52446,0.109
3/27/2023 12:00,0.37641386,12503.31912,0.11
3/27/2023 13:00,0.332718273,7344.07625,0.116
3/27/2023 14:00,0.267172367,7115.834514,0.127
3/27/2023 15:00,0.230938657,7700.907156,0.148
3/27/2023 16:00,0.15292892,8388.241448,0.181
3/27/2023 17:00,0.062320903,9491.769006,0.244
3/27/2023 18:00,0.01009484,7287.951422,0.279
3/27/2023 19:00,0,8164.060387,0.294
3/27/2023 20:00,0,4810.210508,0.249
3/27/2023 21:00,0,8235.254081,0.213
3/27/2023 22:00,0,9222.560201,0.181
3/27/2023 23:00,0,7665.374753,0.163
3/28/2023 0:00,0,6015.604648,0.152
3/28/2023 1:00,0,3469.633547,0.143
3/28/2023 2:00,0,4836.73015,0.137
3/28/2023 3:00,0,3297.464482,0.137
3/28/2023 4:00,0,5713.19698,0.145
3/28/2023 5:00,0,5155.542244,0.172
3/28/2023 6:00,0.015711582,3396.021324,0.204
3/28/2023 7:00,0.1342647,3091.418658,0.185
3/28/2023 8:00,0.2564013,3838.800743,0.144
3/28/2023 9:00,0.373852933,3510.120006,0.123
3/28/2023 10:00,0.48120324,3961.120875,0.113
3/28/2023 11:00,0.184122727,5235.726715,0.109
3/28/2023 12:00,0.525796653,7773.273639,0.11
3/28/2023 13:00,0.2792553,7641.884121,0.116
3/28/2023 14:00,0.23327296,9310.942706,0.127
3/28/2023 15:00,0.441191377,13246.25338,0.148
3/28/2023 16:00,0.138521657,14216.68478,0.181
3/28/2023 17:00,0.032521279,14983.76207,0.244
3/28/2023 18:00,0.002611645,13439.60267,0.279
3/28/2023 19:00,0,15447.26223,0.294
3/28/2023 20:00,0,11896.57949,0.249
3/28/2023 21:00,0,12369.04689,0.213
3/28/2023 22:00,0,10942.97885,0.181
3/28/2023 23:00,0,10610.86697,0.163
3/29/2023 0:00,0,4682.731988,0.152
3/29/2023 1:00,0,2364.392059,0.143
3/29/2023 2:00,0,3533.842022,0.137
3/29/2023 3:00,0,7866.77306,0.137
3/29/2023 4:00,0,11924.15065,0.145
3/29/2023 5:00,0,6869.509268,0.172
3/29/2023 6:00,0.021052656,4961.640348,0.204
3/29/2023 7:00,0.186457997,9543.760522,0.185
3/29/2023 8:00,0.34235438,10388.06692,0.144
3/29/2023 9:00,0.586554973,8417.312942,0.123
3/29/2023 10:00,0.68298105,7221.420253,0.113
3/29/2023 11:00,0.499522357,9272.499917,0.109
3/29/2023 12:00,0.381115567,9018.34358,0.11
3/29/2023 13:00,0.354452817,13752.34592,0.116
3/29/2023 14:00,0.51927737,14224.90824,0.127
3/29/2023 15:00,0.394230563,11807.11274,0.148
3/29/2023 16:00,0.090252803,12494.95923,0.181
3/29/2023 17:00,0.04702695,11619.24617,0.244
3/29/2023 18:00,0.007053631,8990.714691,0.279
3/29/2023 19:00,0,7306.673204,0.294
3/29/2023 20:00,0,6710.80244,0.249
3/29/2023 21:00,0,10012.99856,0.213
3/29/2023 22:00,0,10619.8806,0.181
3/29/2023 23:00,0,12245.71116,0.163
3/30/2023 0:00,0,7308.530472,0.152
3/30/2023 1:00,0,10316.60463,0.143
3/30/2023 2:00,0,9158.103502,0.137
3/30/2023 3:00,0,8692.898156,0.137
3/30/2023 4:00,0,9279.74314,0.145
3/30/2023 5:00,0,9580.637736,0.172
3/30/2023 6:00,0.013124787,8375.319096,0.204
3/30/2023 7:00,0.039754305,4883.247892,0.185
3/30/2023 8:00,0.190536777,5378.079008,0.144
3/30/2023 9:00,0.426440847,8443.793694,0.123
3/30/2023 10:00,0.504705103,8452.620828,0.113
3/30/2023 11:00,0.663902733,6682.152369,0.109
3/30/2023 12:00,0.70627227,4720.152956,0.11
3/30/2023 13:00,0.628608297,10177.64642,0.116
3/30/2023 14:00,0.400826973,11621.40828,0.127
3/30/2023 15:00,0.423925113,12635.23362,0.148
3/30/2023 16:00,0.23010754,10812.10166,0.181
3/30/2023 17:00,0.07625268,14843.41795,0.244
3/30/2023 18:00,0.008956817,17674.06683,0.279
3/30/2023 19:00,0,16817.67423,0.294
3/30/2023 20:00,0,16711.9197,0.249
3/30/2023 21:00,0,15406.95153,0.213
3/30/2023 22:00,0,13481.09248,0.181
3/30/2023 23:00,0,14922.98056,0.163
3/31/2023 0:00,0,12471.79753,0.152
3/31/2023 1:00,0,10035.20114,0.143
3/31/2023 2:00,0,14457.50287,0.137
3/31/2023 3:00,0,14365.06119,0.137
3/31/2023 4:00,0,14102.4004,0.145
3/31/2023 5:00,0,14674.93278,0.172
3/31/2023 6:00,0,13244.11775,0.204
3/31/2023 7:00,0.002617794,12807.54923,0.185
3/31/2023 8:00,0.033022204,9915.896988,0.144
3/31/2023 9:00,0.098183815,8200.786467,0.123
3/31/2023 10:00,0.18187748,9806.363936,0.113
3/31/2023 11:00,0.46739377,13152.18691,0.109
3/31/2023 12:00,0.528299767,14253.25829,0.11
3/31/2023 13:00,0.544593333,12476.22759,0.116
3/31/2023 14:00,0.440844437,11559.61773,0.127
3/31/2023 15:00,0.197867517,11268.97797,0.148
3/31/2023 16:00,0.150187133,12349.3091,0.181
3/31/2023 17:00,0.082913132,11737.39634,0.244
3/31/2023 18:00,0.006294523,10211.78203,0.279
3/31/2023 19:00,0,8391.057276,0.294
3/31/2023 20:00,0,8104.535848,0.249
3/31/2023 21:00,0,9665.26723,0.213
3/31/2023 22:00,0,10725.75209,0.181
3/31/2023 23:00,0,10223.97766,0.163
4/1/2023 0:00,0,8802.046186,0.152
4/1/2023 1:00,0,5955.953337,0.143
4/1/2023 2:00,0,6577.914318,0.137
4/1/2023 3:00,0,8130.594117,0.137
4/1/2023 4:00,0,5563.206337,0.145
4/1/2023 5:00,0,6194.431447,0.172
4/1/2023 6:00,0.025129635,6645.105669,0.204
4/1/2023 7:00,0.15503127,2938.729959,0.185
4/1/2023 8:00,0.385859497,7336.856796,0.144
4/1/2023 9:00,0.56037952,12116.4526,0.123
4/1/2023 10:00,0.707522327,11629.01645,0.113
4/1/2023 11:00,0.540266033,11921.46625,0.109
4/1/2023 12:00,0.489131173,11716.89271,0.11
4/1/2023 13:00,0.163366383,11177.44612,0.116
4/1/2023 14:00,0.045900147,11830.41065,0.127
4/1/2023 15:00,0.07906639,11087.53782,0.148
4/1/2023 16:00,0.072240357,13423.46223,0.181
4/1/2023 17:00,0.059917164,10041.24053,0.244
4/1/2023 18:00,0.0096849,11474.54953,0.279
4/1/2023 19:00,0,11895.92682,0.294
4/1/2023 20:00,0,12623.56484,0.249
4/1/2023 21:00,0,13786.0672,0.213
4/1/2023 22:00,0,11862.80219,0.181
4/1/2023 23:00,0,8023.245637,0.163
4/2/2023 0:00,0,7588.461274,0.152
4/2/2023 1:00,0,7792.915504,0.143
4/2/2023 2:00,0,7000.896207,0.137
4/2/2023 3:00,0,6133.777945,0.137
4/2/2023 4:00,0,5894.126646,0.145
4/2/2023 5:00,0,6805.42683,0.172
4/2/2023 6:00,0.020110931,5465.165987,0.204
4/2/2023 7:00,0.21021978,5878.514388,0.185
4/2/2023 8:00,0.2133989,7763.819198,0.144
4/2/2023 9:00,0.39832138,9486.405445,0.123
4/2/2023 10:00,0.317339727,13250.37128,0.113
4/2/2023 11:00,0.269707427,14614.44741,0.109
4/2/2023 12:00,0.353833,13496.54185,0.11
4/2/2023 13:00,0.37787654,10921.08696,0.116
4/2/2023 14:00,0.20498295,12514.97786,0.127
4/2/2023 15:00,0.095557797,10274.02147,0.148
4/2/2023 16:00,0.085361567,8160.728405,0.181
4/2/2023 17:00,0.025775437,10481.9947,0.244
4/2/2023 18:00,0,12306.48839,0.279
4/2/2023 19:00,0,12966.86684,0.294
4/2/2023 20:00,0,9840.257033,0.249
4/2/2023 21:00,0,8024.510476,0.213
4/2/2023 22:00,0,7668.945239,0.181
4/2/2023 23:00,0,8677.354496,0.163
4/3/2023 0:00,0,9102.558208,0.152
4/3/2023 1:00,0,4418.745012,0.143
4/3/2023 2:00,0,5921.59978,0.137
4/3/2023 3:00,0,7650.983152,0.137
4/3/2023 4:00,0,5968.286761,0.145
4/3/2023 5:00,0,5927.163712,0.172
4/3/2023 6:00,0.001331296,3641.600056,0.204
4/3/2023 7:00,0.014581451,5660.252229,0.185
4/3/2023 8:00,0.089168199,4975.637186,0.144
4/3/2023 9:00,0.1242195,4886.189963,0.123
4/3/2023 10:00,0.169839363,7786.356807,0.113
4/3/2023 11:00,0.28481011,5720.132645,0.109
4/3/2023 12:00,0.29366478,4133.814475,0.11
4/3/2023 13:00,0.27937544,5459.785317,0.116
4/3/2023 14:00,0.34968945,9081.862294,0.127
4/3/2023 15:00,0.233453233,11122.14469,0.148
4/3/2023 16:00,0.17089914,10690.39379,0.181
4/3/2023 17:00,0.059613214,12317.48635,0.244
4/3/2023 18:00,0.002114432,12331.56813,0.279
4/3/2023 19:00,0,12985.89727,0.294
4/3/2023 20:00,0,13549.97614,0.249
4/3/2023 21:00,0,9720.669232,0.213
4/3/2023 22:00,0,10131.50216,0.181
4/3/2023 23:00,0,9787.808218,0.163
4/4/2023 0:00,0,8528.758529,0.152
4/4/2023 1:00,0,5989.932158,0.143
4/4/2023 2:00,0,7881.968083,0.137
4/4/2023 3:00,0,8094.555759,0.137
4/4/2023 4:00,0,7592.89586,0.145
4/4/2023 5:00,0,9328.968753,0.172
4/4/2023 6:00,0.037479757,6360.193784,0.204
4/4/2023 7:00,0.1350415,7322.635251,0.185
4/4/2023 8:00,0.243712203,8797.681436,0.144
4/4/2023 9:00,0.42352575,10640.11541,0.123
4/4/2023 10:00,0.259096047,9122.965058,0.113
4/4/2023 11:00,0.39444081,10916.3268,0.109
4/4/2023 12:00,0.347952137,12447.41192,0.11
4/4/2023 13:00,0.41608212,14688.62645,0.116
4/4/2023 14:00,0.483453457,13531.1827,0.127
4/4/2023 15:00,0.253329537,12330.29364,0.148
4/4/2023 16:00,0.091334613,9701.272176,0.181
4/4/2023 17:00,0.042601108,10074.43266,0.244
4/4/2023 18:00,0.003938753,9647.590312,0.279
4/4/2023 19:00,0,11418.21624,0.294
4/4/2023 20:00,0,11354.04835,0.249
4/4/2023 21:00,0,11045.81958,0.213
4/4/2023 22:00,0,11910.74659,0.181
4/4/2023 23:00,0,12449.3306,0.163
4/5/2023 0:00,0,10532.04075,0.152
4/5/2023 1:00,0,8792.085167,0.143
4/5/2023 2:00,0,6756.850305,0.137
4/5/2023 3:00,0,7096.099419,0.137
4/5/2023 4:00,0,8059.092293,0.145
4/5/2023 5:00,0,9004.321301,0.172
4/5/2023 6:00,0.022434326,9145.154254,0.204
4/5/2023 7:00,0.18120724,7904.783964,0.185
4/5/2023 8:00,0.23611424,5531.906213,0.144
4/5/2023 9:00,0.313936123,9934.102705,0.123
4/5/2023 10:00,0.50023661,9989.169386,0.113
4/5/2023 11:00,0.668205947,12169.8015,0.109
4/5/2023 12:00,0.7578429,14923.27804,0.11
4/5/2023 13:00,0.744474823,8540.061732,0.116
4/5/2023 14:00,0.27748715,7732.327578,0.127
4/5/2023 15:00,0.053622858,7408.023132,0.148
4/5/2023 16:00,0.071689139,7606.543248,0.181
4/5/2023 17:00,0.055085193,7811.758222,0.244
4/5/2023 18:00,0.004428743,7999.138387,0.279
4/5/2023 19:00,0,5588.777579,0.294
4/5/2023 20:00,0,8887.870063,0.249
4/5/2023 21:00,0,10638.18519,0.213
4/5/2023 22:00,0,11618.41458,0.181
4/5/2023 23:00,0,10836.33899,0.163
4/6/2023 0:00,0,10212.3631,0.152
4/6/2023 1:00,0,7564.376574,0.143
4/6/2023 2:00,0,6130.61791,0.137
4/6/2023 3:00,0,6232.167183,0.137
4/6/2023 4:00,0,4177.875327,0.145
4/6/2023 5:00,0,918.9613701,0.172
4/6/2023 6:00,0.031318017,3370.57212,0.204
4/6/2023 7:00,0.101740302,1927.896661,0.185
4/6/2023 8:00,0.274959593,6049.09133,0.144
4/6/2023 9:00,0.57494672,5353.135303,0.123
4/6/2023 10:00,0.6494398,6038.604012,0.113
4/6/2023 11:00,0.716548147,7657.152195,0.109
4/6/2023 12:00,0.749832253,9312.720051,0.11
4/6/2023 13:00,0.731596553,10373.62015,0.116
4/6/2023 14:00,0.58016792,9614.550247,0.127
4/6/2023 15:00,0.28043319,6560.042281,0.148
4/6/2023 16:00,0.188391843,7096.205948,0.181
4/6/2023 17:00,0.129668883,10465.52177,0.244
4/6/2023 18:00,0.009500824,10272.78171,0.279
4/6/2023 19:00,0,11750.7744,0.294
4/6/2023 20:00,0,9732.037264,0.249
4/6/2023 21:00,0,7728.090162,0.213
4/6/2023 22:00,0,7888.033683,0.181
4/6/2023 23:00,0,7867.322085,0.163
4/7/2023 0:00,0,9450.014423,0.152
4/7/2023 1:00,0,8164.383717,0.143
4/7/2023 2:00,0,5722.933587,0.137
4/7/2023 3:00,0,8660.606076,0.137
4/7/2023 4:00,0,4920.392955,0.145
4/7/2023 5:00,0,3014.862234,0.172
4/7/2023 6:00,0.016945438,2836.994891,0.204
4/7/2023 7:00,0.097525309,5847.954008,0.185
4/7/2023 8:00,0.154128563,4426.271219,0.144
4/7/2023 9:00,0.207800223,5909.385199,0.123
4/7/2023 10:00,0.232330633,7832.267405,0.113
4/7/2023 11:00,0.49009708,7516.581912,0.109
4/7/2023 12:00,0.538044283,6631.284349,0.11
4/7/2023 13:00,0.601988747,9213.180079,0.116
4/7/2023 14:00,0.44065233,9897.52457,0.127
4/7/2023 15:00,0.30114166,10294.61588,0.148
4/7/2023 16:00,0.161401003,10708.46519,0.181
4/7/2023 17:00,0.026919784,11149.21972,0.244
4/7/2023 18:00,0.003303501,10648.8098,0.279
4/7/2023 19:00,0,8069.550956,0.294
4/7/2023 20:00,0,7422.274493,0.249
4/7/2023 21:00,0,7851.95233,0.213
4/7/2023 22:00,0,6681.767569,0.181
4/7/2023 23:00,0,8413.665881,0.163
4/8/2023 0:00,0,5173.428441,0.152
4/8/2023 1:00,0,2435.276899,0.143
4/8/2023 2:00,0,3367.869498,0.137
4/8/2023 3:00,0,2468.508157,0.137
4/8/2023 4:00,0,3391.600096,0.145
4/8/2023 5:00,0,563.9736303,0.172
4/8/2023 6:00,0.002602868,3208.782461,0.204
4/8/2023 7:00,0.034613186,6026.623858,0.185
4/8/2023 8:00,0.052047899,8331.712221,0.144
4/8/2023 9:00,0.09022483,12459.22006,0.123
4/8/2023 10:00,0.162085297,9455.243165,0.113
4/8/2023 11:00,0.111942169,7017.853943,0.109
4/8/2023 12:00,0.072708635,10190.54184,0.11
4/8/2023 13:00,0.035292663,11318.18625,0.116
4/8/2023 14:00,0.038369699,9393.961207,0.127
4/8/2023 15:00,0.035980924,12197.25587,0.148
4/8/2023 16:00,0.014295189,10148.7165,0.181
4/8/2023 17:00,0.00080523,11293.77017,0.244
4/8/2023 18:00,0,11177.93669,0.279
4/8/2023 19:00,0,12037.98112,0.294
4/8/2023 20:00,0,11711.62425,0.249
4/8/2023 21:00,0,12856.19776,0.213
4/8/2023 22:00,0,11021.1919,0.181
4/8/2023 23:00,0,10696.1282,0.163
4/9/2023 0:00,0,9316.548843,0.152
4/9/2023 1:00,0,7069.074506,0.143
4/9/2023 2:00,0,5344.707225,0.137
4/9/2023 3:00,0,4089.463698,0.137
4/9/2023 4:00,0,3323.359866,0.145
4/9/2023 5:00,0,3468.626334,0.172
4/9/2023 6:00,0,1256.290926,0.204
4/9/2023 7:00,0.001695208,2259.781009,0.185
4/9/2023 8:00,0.00494515,3980.855044,0.144
4/9/2023 9:00,0.010317513,5995.896694,0.123
4/9/2023 10:00,0.018304565,9335.379466,0.113
4/9/2023 11:00,0.019822629,7574.449124,0.109
4/9/2023 12:00,0.02610466,8924.737322,0.11
4/9/2023 13:00,0.022694756,6522.406479,0.116
4/9/2023 14:00,0.014993601,11765.37294,0.127
4/9/2023 15:00,0.008265409,11442.24652,0.148
4/9/2023 16:00,0.004768536,10621.28716,0.181
4/9/2023 17:00,0,10834.53334,0.244
4/9/2023 18:00,0,10186.12127,0.279
4/9/2023 19:00,0,8462.426194,0.294
4/9/2023 20:00,0,10730.64764,0.249
4/9/2023 21:00,0,9693.281034,0.213
4/9/2023 22:00,0,12083.29721,0.181
4/9/2023 23:00,0,9819.167332,0.163
4/10/2023 0:00,0,11530.38327,0.152
4/10/2023 1:00,0,12951.9242,0.143
4/10/2023 2:00,0,16177.69438,0.137
4/10/2023 3:00,0,13901.14598,0.137
4/10/2023 4:00,0,15613.6249,0.145
4/10/2023 5:00,0,14063.33098,0.172
4/10/2023 6:00,0,12142.91572,0.204
4/10/2023 7:00,0.019104669,9671.063561,0.185
4/10/2023 8:00,0.253230393,6472.155983,0.144
4/10/2023 9:00,0.431611803,6919.17478,0.123
4/10/2023 10:00,0.390932917,8524.535542,0.113
4/10/2023 11:00,0.48162277,9351.421747,0.109
4/10/2023 12:00,0.503440723,11696.92538,0.11
4/10/2023 13:00,0.47145266,10166.07875,0.116
4/10/2023 14:00,0.477247033,8329.158741,0.127
4/10/2023 15:00,0.373474657,5917.915322,0.148
4/10/2023 16:00,0.185091501,5443.882494,0.181
4/10/2023 17:00,0.06399361,7568.99048,0.244
4/10/2023 18:00,0.005941631,8952.743109,0.279
4/10/2023 19:00,0,10625.93713,0.294
4/10/2023 20:00,0,8906.010103,0.249
4/10/2023 21:00,0,8682.213814,0.213
4/10/2023 22:00,0,7416.176279,0.181
4/10/2023 23:00,0,5197.285052,0.163
4/11/2023 0:00,0,4317.965359,0.152
4/11/2023 1:00,0,3120.099771,0.143
4/11/2023 2:00,0,5393.722363,0.137
4/11/2023 3:00,0,9797.684527,0.137
4/11/2023 4:00,0,10891.25066,0.145
4/11/2023 5:00,0,9400.510018,0.172
4/11/2023 6:00,0.009967815,10352.98685,0.204
4/11/2023 7:00,0.099298551,11321.62924,0.185
4/11/2023 8:00,0.216657997,7874.255989,0.144
4/11/2023 9:00,0.28810873,7399.813425,0.123
4/11/2023 10:00,0.4216897,7850.136003,0.113
4/11/2023 11:00,0.50511555,8174.708197,0.109
4/11/2023 12:00,0.405332973,7426.05342,0.11
4/11/2023 13:00,0.343043107,10677.69377,0.116
4/11/2023 14:00,0.311111847,11764.12393,0.127
4/11/2023 15:00,0.169044147,14226.34063,0.148
4/11/2023 16:00,0.216654415,11819.16213,0.181
4/11/2023 17:00,0.061820209,10814.57126,0.244
4/11/2023 18:00,0.00994046,8176.979933,0.279
4/11/2023 19:00,0,10421.09,0.294
4/11/2023 20:00,0,11322.95416,0.249
4/11/2023 21:00,0,11482.90348,0.213
4/11/2023 22:00,0,10931.96356,0.181
4/11/2023 23:00,0,7507.632101,0.163
4/12/2023 0:00,0,4819.543056,0.152
4/12/2023 1:00,0,4695.074378,0.143
4/12/2023 2:00,0,3119.04263,0.137
4/12/2023 3:00,0,2498.097911,0.137
4/12/2023 4:00,0,2822.639221,0.145
4/12/2023 5:00,0,4004.876126,0.172
4/12/2023 6:00,0.01017275,4739.219875,0.204
4/12/2023 7:00,0.041227105,4984.910504,0.185
4/12/2023 8:00,0.092864216,3361.057845,0.144
4/12/2023 9:00,0.127966994,4480.752686,0.123
4/12/2023 10:00,0.156515432,3716.326791,0.113
4/12/2023 11:00,0.15496874,6438.128354,0.109
4/12/2023 12:00,0.183986991,2229.375888,0.11
4/12/2023 13:00,0.18571975,2614.115855,0.116
4/12/2023 14:00,0.181366787,4788.771794,0.127
4/12/2023 15:00,0.16773064,7832.809586,0.148
4/12/2023 16:00,0.057104808,5279.883223,0.181
4/12/2023 17:00,0.014839231,4873.737421,0.244
4/12/2023 18:00,0.003422986,7757.24534,0.279
4/12/2023 19:00,0,9355.281062,0.294
4/12/2023 20:00,0,10745.33661,0.249
4/12/2023 21:00,0,10553.23491,0.213
4/12/2023 22:00,0,7187.547775,0.181
4/12/2023 23:00,0,4591.164144,0.163
4/13/2023 0:00,0,5210.296,0.152
4/13/2023 1:00,0,3270.730039,0.143
4/13/2023 2:00,0,4326.19326,0.137
4/13/2023 3:00,0,2414.859253,0.137
4/13/2023 4:00,0,6104.822487,0.145
4/13/2023 5:00,0,3529.039401,0.172
4/13/2023 6:00,0.009800027,4870.589936,0.204
4/13/2023 7:00,0.072390248,5188.630885,0.185
4/13/2023 8:00,0.151329083,5420.063855,0.144
4/13/2023 9:00,0.27611761,7345.620336,0.123
4/13/2023 10:00,0.379016887,9099.677383,0.113
4/13/2023 11:00,0.236760743,8070.862703,0.109
4/13/2023 12:00,0.11250137,10376.21702,0.11
4/13/2023 13:00,0.259387742,10343.16407,0.116
4/13/2023 14:00,0.234617217,11449.41095,0.127
4/13/2023 15:00,0.247156405,13088.34859,0.148
4/13/2023 16:00,0.136924448,10665.73501,0.181
4/13/2023 17:00,0.049485435,11746.82316,0.244
4/13/2023 18:00,0.008122501,12409.09786,0.279
4/13/2023 19:00,0,12747.92953,0.294
4/13/2023 20:00,0,12020.67332,0.249
4/13/2023 21:00,0,10596.13444,0.213
4/13/2023 22:00,0,11797.32639,0.181
4/13/2023 23:00,0,8853.213541,0.163
4/14/2023 0:00,0,4658.098048,0.152
4/14/2023 1:00,0,11230.72227,0.143
4/14/2023 2:00,0,8891.843271,0.137
4/14/2023 3:00,0,9032.340305,0.137
4/14/2023 4:00,0,6792.129573,0.145
4/14/2023 5:00,0,5359.217492,0.172
4/14/2023 6:00,0.000944546,7755.598878,0.204
4/14/2023 7:00,0.013917782,5991.179694,0.185
4/14/2023 8:00,0.030065682,4184.965672,0.144
4/14/2023 9:00,0.076641072,5358.830281,0.123
4/14/2023 10:00,0.092359723,7294.06545,0.113
4/14/2023 11:00,0.130937973,7622.538695,0.109
4/14/2023 12:00,0.220807755,10135.74709,0.11
4/14/2023 13:00,0.26103056,10276.16192,0.116
4/14/2023 14:00,0.302254423,12491.56083,0.127
4/14/2023 15:00,0.084380979,12636.15702,0.148
4/14/2023 16:00,0.034527754,14244.8698,0.181
4/14/2023 17:00,0.000863878,10570.09322,0.244
4/14/2023 18:00,0,9007.56226,0.279
4/14/2023 19:00,0,8447.429295,0.294
4/14/2023 20:00,0,5986.460231,0.249
4/14/2023 21:00,0,6028.619108,0.213
4/14/2023 22:00,0,7986.168515,0.181
4/14/2023 23:00,0,6173.023919,0.163
4/15/2023 0:00,0,7969.174374,0.152
4/15/2023 1:00,0,4049.188041,0.143
4/15/2023 2:00,0,6015.636314,0.137
4/15/2023 3:00,0,5961.016465,0.137
4/15/2023 4:00,0,7566.816007,0.145
4/15/2023 5:00,0,10777.56638,0.172
4/15/2023 6:00,0,9687.369206,0.204
4/15/2023 7:00,0,9959.10626,0.185
4/15/2023 8:00,0,12466.85255,0.144
4/15/2023 9:00,0,10712.10376,0.123
4/15/2023 10:00,0.001491292,13228.55723,0.113
4/15/2023 11:00,0.006705655,12603.26748,0.109
4/15/2023 12:00,0.01864388,11177.55668,0.11
4/15/2023 13:00,0.031277802,9773.998859,0.116
4/15/2023 14:00,0.015246728,9877.155796,0.127
4/15/2023 15:00,0.029351656,9412.11446,0.148
4/15/2023 16:00,0.019768079,12001.7104,0.181
4/15/2023 17:00,0.004263336,10569.70102,0.244
4/15/2023 18:00,0,11403.98368,0.279
4/15/2023 19:00,0,10852.62972,0.294
4/15/2023 20:00,0,10117.66316,0.249
4/15/2023 21:00,0,10827.11021,0.213
4/15/2023 22:00,0,9781.64639,0.181
4/15/2023 23:00,0,12475.23418,0.163
4/16/2023 0:00,0,13582.59846,0.152
4/16/2023 1:00,0,10797.7067,0.143
4/16/2023 2:00,0,10420.50084,0.137
4/16/2023 3:00,0,6299.285223,0.137
4/16/2023 4:00,0,3328.983584,0.145
4/16/2023 5:00,0,2946.150617,0.172
4/16/2023 6:00,0.002821415,4540.601098,0.204
4/16/2023 7:00,0.034242988,5293.839682,0.185
4/16/2023 8:00,0.044179231,6254.134228,0.144
4/16/2023 9:00,0.029345258,7042.383387,0.123
4/16/2023 10:00,0.032361417,7903.424487,0.113
4/16/2023 11:00,0.113435015,8097.838673,0.109
4/16/2023 12:00,0.076195199,11428.60152,0.11
4/16/2023 13:00,0.042588631,13288.14132,0.116
4/16/2023 14:00,0.02194053,12183.13803,0.127
4/16/2023 15:00,0.044273668,11232.37458,0.148
4/16/2023 16:00,0.054899845,12012.11565,0.181
4/16/2023 17:00,0.011204242,11956.23984,0.244
4/16/2023 18:00,0,8115.853495,0.279
4/16/2023 19:00,0,9642.064619,0.294
4/16/2023 20:00,0,8074.62123,0.249
4/16/2023 21:00,0,9840.788488,0.213
4/16/2023 22:00,0,11315.49878,0.181
4/16/2023 23:00,0,11795.86595,0.163
4/17/2023 0:00,0,8738.317368,0.152
4/17/2023 1:00,0,8169.523504,0.143
4/17/2023 2:00,0,7866.29433,0.137
4/17/2023 3:00,0,6320.125891,0.137
4/17/2023 4:00,0,5632.2247,0.145
4/17/2023 5:00,0,5740.428982,0.172
4/17/2023 6:00,0,7566.600706,0.204
4/17/2023 7:00,0,6698.404865,0.185
4/17/2023 8:00,0.007803655,7669.921511,0.144
4/17/2023 9:00,0.046477056,8639.767083,0.123
4/17/2023 10:00,0.087380629,9981.743016,0.113
4/17/2023 11:00,0.054524276,10869.59664,0.109
4/17/2023 12:00,0.067834636,10174.7609,0.11
4/17/2023 13:00,0.03330719,11354.05537,0.116
4/17/2023 14:00,0.039249881,11714.92608,0.127
4/17/2023 15:00,0.117319907,15024.2645,0.148
4/17/2023 16:00,0.081338366,11154.81565,0.181
4/17/2023 17:00,0.044295167,10872.54512,0.244
4/17/2023 18:00,0.001641549,11263.85032,0.279
4/17/2023 19:00,0,9593.098366,0.294
4/17/2023 20:00,0,7314.091844,0.249
4/17/2023 21:00,0,6806.712291,0.213
4/17/2023 22:00,0,5036.554356,0.181
4/17/2023 23:00,0,7658.538767,0.163
4/18/2023 0:00,0,7554.0967,0.152
4/18/2023 1:00,0,6025.772137,0.143
4/18/2023 2:00,0,5881.265376,0.137
4/18/2023 3:00,0,9502.791896,0.137
4/18/2023 4:00,0,5895.957428,0.145
4/18/2023 5:00,0,4065.91894,0.172
4/18/2023 6:00,0.000404489,9456.721586,0.204
4/18/2023 7:00,0.040454915,8163.211872,0.185
4/18/2023 8:00,0.012419628,8475.027682,0.144
4/18/2023 9:00,0.012007684,10461.51076,0.123
4/18/2023 10:00,0.06956419,8859.298078,0.113
4/18/2023 11:00,0.044173099,8258.161514,0.109
4/18/2023 12:00,0.034236104,7768.091038,0.11
4/18/2023 13:00,0.044525634,6699.429606,0.116
4/18/2023 14:00,0.069426388,7493.470758,0.127
4/18/2023 15:00,0.06473366,9196.398124,0.148
4/18/2023 16:00,0.021405694,10313.02685,0.181
4/18/2023 17:00,0.008700816,8301.462312,0.244
4/18/2023 18:00,0,7289.373901,0.279
4/18/2023 19:00,0,7560.893328,0.294
4/18/2023 20:00,0,8366.192426,0.249
4/18/2023 21:00,0,9631.109856,0.213
4/18/2023 22:00,0,10272.37036,0.181
4/18/2023 23:00,0,9677.492561,0.163
4/19/2023 0:00,0,9140.311522,0.152
4/19/2023 1:00,0,7470.046442,0.143
4/19/2023 2:00,0,1717.535179,0.137
4/19/2023 3:00,0,4754.792228,0.137
4/19/2023 4:00,0,4119.842116,0.145
4/19/2023 5:00,0,6185.450047,0.172
4/19/2023 6:00,0.016751009,7441.932156,0.204
4/19/2023 7:00,0.095712315,6556.327393,0.185
4/19/2023 8:00,0.192243433,6850.026976,0.144
4/19/2023 9:00,0.232745937,7814.306262,0.123
4/19/2023 10:00,0.22178275,6303.011885,0.113
4/19/2023 11:00,0.222800733,9214.290309,0.109
4/19/2023 12:00,0.136778655,14344.91199,0.11
4/19/2023 13:00,0.099693314,17091.23202,0.116
4/19/2023 14:00,0.024352434,17039.52995,0.127
4/19/2023 15:00,0.030103156,18467.80093,0.148
4/19/2023 16:00,0.04628231,14512.98428,0.181
4/19/2023 17:00,0.053077585,12720.60646,0.244
4/19/2023 18:00,0.004555491,14368.56616,0.279
4/19/2023 19:00,0,13546.85955,0.294
4/19/2023 20:00,0,13371.83796,0.249
4/19/2023 21:00,0,11666.7773,0.213
4/19/2023 22:00,0,12378.44363,0.181
4/19/2023 23:00,0,12357.10819,0.163
4/20/2023 0:00,0,13203.02705,0.152
4/20/2023 1:00,0,12354.84355,0.143
4/20/2023 2:00,0,13328.37463,0.137
4/20/2023 3:00,0,12437.69236,0.137
4/20/2023 4:00,0,15122.46724,0.145
4/20/2023 5:00,0,11857.6076,0.172
4/20/2023 6:00,0.013033792,9553.534561,0.204
4/20/2023 7:00,0.084898471,11773.83898,0.185
4/20/2023 8:00,0.206028267,10296.84686,0.144
4/20/2023 9:00,0.23873031,14041.90409,0.123
4/20/2023 10:00,0.187015993,14515.60663,0.113
4/20/2023 11:00,0.12530975,14127.49868,0.109
4/20/2023 12:00,0.252797637,11770.25507,0.11
4/20/2023 13:00,0.166873287,14823.43061,0.116
4/20/2023 14:00,0.207708563,13486.99569,0.127
4/20/2023 15:00,0.362595273,15209.44117,0.148
4/20/2023 16:00,0.125183073,11314.88755,0.181
4/20/2023 17:00,0.016456821,13146.24259,0.244
4/20/2023 18:00,0.0001919,13718.30905,0.279
4/20/2023 19:00,0,10383.02409,0.294
4/20/2023 20:00,0,9446.325754,0.249
4/20/2023 21:00,0,9981.870322,0.213
4/20/2023 22:00,0,10803.46395,0.181
4/20/2023 23:00,0,11564.02122,0.163
4/21/2023 0:00,0,7907.449158,0.152
4/21/2023 1:00,0,4327.392257,0.143
4/21/2023 2:00,0,3569.766149,0.137
4/21/2023 3:00,0,4310.670994,0.137
4/21/2023 4:00,0,6457.614527,0.145
4/21/2023 5:00,0,4855.92242,0.172
4/21/2023 6:00,0,4603.041993,0.204
4/21/2023 7:00,0.000351004,8118.562626,0.185
4/21/2023 8:00,0.005673533,5956.199605,0.144
4/21/2023 9:00,0.020507597,6837.113779,0.123
4/21/2023 10:00,0.017197154,7963.428917,0.113
4/21/2023 11:00,0.021369884,6458.491251,0.109
4/21/2023 12:00,0.045041101,7093.820429,0.11
4/21/2023 13:00,0.058130737,5819.140181,0.116
4/21/2023 14:00,0.118529383,6764.359572,0.127
4/21/2023 15:00,0.100960871,11983.03394,0.148
4/21/2023 16:00,0.097217483,12244.22306,0.181
4/21/2023 17:00,0.014941821,10292.18798,0.244
4/21/2023 18:00,0,10062.1352,0.279
4/21/2023 19:00,0,11033.69984,0.294
4/21/2023 20:00,0,13127.18308,0.249
4/21/2023 21:00,0,11260.31605,0.213
4/21/2023 22:00,0,10043.94885,0.181
4/21/2023 23:00,0,11697.0544,0.163
4/22/2023 0:00,0,5619.429217,0.152
4/22/2023 1:00,0,5393.395208,0.143
4/22/2023 2:00,0,5862.223261,0.137
4/22/2023 3:00,0,5829.977867,0.137
4/22/2023 4:00,0,5486.30289,0.145
4/22/2023 5:00,0,5271.751961,0.172
4/22/2023 6:00,0.000603216,2455.165555,0.204
4/22/2023 7:00,0.038511957,3631.239227,0.185
4/22/2023 8:00,0.115317305,5516.545865,0.144
4/22/2023 9:00,0.301472113,6362.393817,0.123
4/22/2023 10:00,0.380674247,7891.627635,0.113
4/22/2023 11:00,0.171353643,10391.10268,0.109
4/22/2023 12:00,0.416580687,11385.14745,0.11
4/22/2023 13:00,0.32022495,12025.02818,0.116
4/22/2023 14:00,0.080038147,12869.25535,0.127
4/22/2023 15:00,0.033934429,12628.71407,0.148
4/22/2023 16:00,0.018652776,9485.014233,0.181
4/22/2023 17:00,0.007444368,12748.01343,0.244
4/22/2023 18:00,0,11733.06162,0.279
4/22/2023 19:00,0,12924.22221,0.294
4/22/2023 20:00,0,14529.13536,0.249
4/22/2023 21:00,0,14652.43852,0.213
4/22/2023 22:00,0,15710.02536,0.181
4/22/2023 23:00,0,14451.08162,0.163
4/23/2023 0:00,0,10884.02886,0.152
4/23/2023 1:00,0,9041.592808,0.143
4/23/2023 2:00,0,4856.070656,0.137
4/23/2023 3:00,0,4949.985583,0.137
4/23/2023 4:00,0,6807.33985,0.145
4/23/2023 5:00,0,5006.888094,0.172
4/23/2023 6:00,0.00559528,7307.096523,0.204
4/23/2023 7:00,0.046390104,7619.515075,0.185
4/23/2023 8:00,0.124153328,9408.99129,0.144
4/23/2023 9:00,0.17977896,9755.84192,0.123
4/23/2023 10:00,0.294537763,10041.98906,0.113
4/23/2023 11:00,0.288915597,11268.8829,0.109
4/23/2023 12:00,0.146307487,10314.77589,0.11
4/23/2023 13:00,0.244306777,10004.68127,0.116
4/23/2023 14:00,0.12645129,14282.14257,0.127
4/23/2023 15:00,0.059132411,18227.3762,0.148
4/23/2023 16:00,0.032957567,17999.22575,0.181
4/23/2023 17:00,0.011265673,17308.19338,0.244
4/23/2023 18:00,0,17145.67581,0.279
4/23/2023 19:00,0,14494.64382,0.294
4/23/2023 20:00,0,12353.50757,0.249
4/23/2023 21:00,0,13508.07908,0.213
4/23/2023 22:00,0,12020.42925,0.181
4/23/2023 23:00,0,10561.9463,0.163
4/24/2023 0:00,0,12859.952,0.152
4/24/2023 1:00,0,9954.389443,0.143
4/24/2023 2:00,0,9753.539376,0.137
4/24/2023 3:00,0,10952.75883,0.137
4/24/2023 4:00,0,13408.95408,0.145
4/24/2023 5:00,0,12179.32727,0.172
4/24/2023 6:00,0.013670374,12641.24885,0.204
4/24/2023 7:00,0.119054173,12306.32804,0.185
4/24/2023 8:00,0.20769865,10255.52266,0.144
4/24/2023 9:00,0.20559901,8530.749863,0.123
4/24/2023 10:00,0.415919137,10940.7394,0.113
4/24/2023 11:00,0.512824213,10728.61081,0.109
4/24/2023 12:00,0.563174103,12335.173,0.11
4/24/2023 13:00,0.491036317,15508.56623,0.116
4/24/2023 14:00,0.482582707,15247.7166,0.127
4/24/2023 15:00,0.12274085,13628.23048,0.148
4/24/2023 16:00,0.065910686,13685.62093,0.181
4/24/2023 17:00,0.042003372,10901.21484,0.244
4/24/2023 18:00,0.00031712,12873.8124,0.279
4/24/2023 19:00,0,11057.03907,0.294
4/24/2023 20:00,0,10592.38463,0.249
4/24/2023 21:00,0,10176.05021,0.213
4/24/2023 22:00,0,6563.097869,0.181
4/24/2023 23:00,0,5594.72873,0.163
4/25/2023 0:00,0,5621.004771,0.152
4/25/2023 1:00,0,3919.617623,0.143
4/25/2023 2:00,0,4812.656411,0.137
4/25/2023 3:00,0,5593.840104,0.137
4/25/2023 4:00,0,5258.414194,0.145
4/25/2023 5:00,0,6782.060024,0.172
4/25/2023 6:00,0.007754319,6343.813529,0.204
4/25/2023 7:00,0.068907247,8273.254159,0.185
4/25/2023 8:00,0.33335358,5887.658393,0.144
4/25/2023 9:00,0.479211393,6197.333843,0.123
4/25/2023 10:00,0.600927957,9825.952392,0.113
4/25/2023 11:00,0.657813627,10502.21895,0.109
4/25/2023 12:00,0.673733467,13694.63503,0.11
4/25/2023 13:00,0.628243377,11690.50983,0.116
4/25/2023 14:00,0.5344429,8431.032453,0.127
4/25/2023 15:00,0.39601348,13796.12684,0.148
4/25/2023 16:00,0.218420837,13804.17573,0.181
4/25/2023 17:00,0.065696883,13028.32775,0.244
4/25/2023 18:00,0.000768889,14316.41925,0.279
4/25/2023 19:00,0,12608.45931,0.294
4/25/2023 20:00,0,10486.7516,0.249
4/25/2023 21:00,0,8247.629684,0.213
4/25/2023 22:00,0,11362.52167,0.181
4/25/2023 23:00,0,12640.59635,0.163
4/26/2023 0:00,0,10479.93918,0.152
4/26/2023 1:00,0,8773.885478,0.143
4/26/2023 2:00,0,9012.134589,0.137
4/26/2023 3:00,0,11695.97664,0.137
4/26/2023 4:00,0,10636.64343,0.145
4/26/2023 5:00,0,5622.844823,0.172
4/26/2023 6:00,0.010445577,7455.467374,0.204
4/26/2023 7:00,0.087536348,6423.081769,0.185
4/26/2023 8:00,0.40410765,9240.036347,0.144
4/26/2023 9:00,0.479560967,11647.12704,0.123
4/26/2023 10:00,0.401065437,13581.65153,0.113
4/26/2023 11:00,0.527781653,13146.1004,0.109
4/26/2023 12:00,0.66479459,12416.78471,0.11
4/26/2023 13:00,0.58188872,12551.72017,0.116
4/26/2023 14:00,0.53057151,12048.53942,0.127
4/26/2023 15:00,0.399985213,13843.78989,0.148
4/26/2023 16:00,0.228581147,12671.34939,0.181
4/26/2023 17:00,0.059547623,13934.58231,0.244
4/26/2023 18:00,0.00114364,13754.55969,0.279
4/26/2023 19:00,0,13425.0884,0.294
4/26/2023 20:00,0,14154.51289,0.249
4/26/2023 21:00,0,14044.29554,0.213
4/26/2023 22:00,0,11639.51254,0.181
4/26/2023 23:00,0,11464.19124,0.163
4/27/2023 0:00,0,12320.20767,0.152
4/27/2023 1:00,0,10286.29332,0.143
4/27/2023 2:00,0,6349.471012,0.137
4/27/2023 3:00,0,7507.228715,0.137
4/27/2023 4:00,0,6835.042802,0.145
4/27/2023 5:00,0,7418.973505,0.172
4/27/2023 6:00,0.006578725,8805.200033,0.204
4/27/2023 7:00,0.112577373,9153.093258,0.185
4/27/2023 8:00,0.29808254,9179.560289,0.144
4/27/2023 9:00,0.43130217,9128.825467,0.123
4/27/2023 10:00,0.609822743,11752.30129,0.113
4/27/2023 11:00,0.569587437,8273.507169,0.109
4/27/2023 12:00,0.592570833,8332.577102,0.11
4/27/2023 13:00,0.5481967,11898.68756,0.116
4/27/2023 14:00,0.50418852,13044.18176,0.127
4/27/2023 15:00,0.37478147,11799.42861,0.148
4/27/2023 16:00,0.211921503,16519.84623,0.181
4/27/2023 17:00,0.05909084,17954.74841,0.244
4/27/2023 18:00,0.001239366,16445.85405,0.279
4/27/2023 19:00,0,14189.01004,0.294
4/27/2023 20:00,0,11056.74608,0.249
4/27/2023 21:00,0,12521.02159,0.213
4/27/2023 22:00,0,7571.582913,0.181
4/27/2023 23:00,0,9601.734033,0.163
4/28/2023 0:00,0,9612.644863,0.152
4/28/2023 1:00,0,9213.229237,0.143
4/28/2023 2:00,0,7906.730041,0.137
4/28/2023 3:00,0,8169.322589,0.137
4/28/2023 4:00,0,8427.228524,0.145
4/28/2023 5:00,0,7156.017098,0.172
4/28/2023 6:00,0.014173418,9602.066426,0.204
4/28/2023 7:00,0.11668925,7729.78902,0.185
4/28/2023 8:00,0.278314363,9021.450364,0.144
4/28/2023 9:00,0.437818173,13072.41556,0.123
4/28/2023 10:00,0.578781507,14067.27253,0.113
4/28/2023 11:00,0.614076647,13224.12847,0.109
4/28/2023 12:00,0.66510232,13176.04831,0.11
4/28/2023 13:00,0.5526146,12478.86977,0.116
4/28/2023 14:00,0.3682628,12425.66427,0.127
4/28/2023 15:00,0.35570536,11392.72656,0.148
4/28/2023 16:00,0.151124198,12877.51327,0.181
4/28/2023 17:00,0.052522892,11607.86771,0.244
4/28/2023 18:00,0.000701684,10370.39524,0.279
4/28/2023 19:00,0,11825.92894,0.294
4/28/2023 20:00,0,12670.6179,0.249
4/28/2023 21:00,0,10361.57624,0.213
4/28/2023 22:00,0,9419.918132,0.181
4/28/2023 23:00,0,10874.1234,0.163
4/29/2023 0:00,0,11128.88173,0.152
4/29/2023 1:00,0,8554.796828,0.143
4/29/2023 2:00,0,8136.376987,0.137
4/29/2023 3:00,0,5707.409342,0.137
4/29/2023 4:00,0,3171.611753,0.145
4/29/2023 5:00,0,6660.988383,0.172
4/29/2023 6:00,0.014832052,7637.464457,0.204
4/29/2023 7:00,0.107503527,7766.106792,0.185
4/29/2023 8:00,0.277637907,7804.875137,0.144
4/29/2023 9:00,0.438787577,8789.329416,0.123
4/29/2023 10:00,0.549209033,12276.57542,0.113
4/29/2023 11:00,0.542910463,10234.10823,0.109
4/29/2023 12:00,0.61708439,8055.67405,0.11
4/29/2023 13:00,0.589753903,6402.58481,0.116
4/29/2023 14:00,0.4870756,4588.895231,0.127
4/29/2023 15:00,0.29788942,6731.40352,0.148
4/29/2023 16:00,0.048537787,8100.110081,0.181
4/29/2023 17:00,0.009412016,6406.883593,0.244
4/29/2023 18:00,0,11519.97418,0.279
4/29/2023 19:00,0,7415.681563,0.294
4/29/2023 20:00,0,7945.570936,0.249
4/29/2023 21:00,0,5200.464027,0.213
4/29/2023 22:00,0,7173.304138,0.181
4/29/2023 23:00,0,6408.795629,0.163
4/30/2023 0:00,0,6308.75944,0.152
4/30/2023 1:00,0,3215.523733,0.143
4/30/2023 2:00,0,0,0.137
4/30/2023 3:00,0,776.8119108,0.137
4/30/2023 4:00,0,2095.769005,0.145
4/30/2023 5:00,0,4500.779735,0.172
4/30/2023 6:00,0.012832392,6023.893364,0.204
4/30/2023 7:00,0.106537255,5299.107383,0.185
4/30/2023 8:00,0.16433074,6837.713941,0.144
4/30/2023 9:00,0.346309743,6587.630146,0.123
4/30/2023 10:00,0.563153883,9673.234203,0.113
4/30/2023 11:00,0.63087982,6867.324893,0.109
4/30/2023 12:00,0.649330403,7930.648677,0.11
4/30/2023 13:00,0.566393733,6312.709295,0.116
4/30/2023 14:00,0.44402955,6830.869251,0.127
4/30/2023 15:00,0.38305984,9714.055749,0.148
4/30/2023 16:00,0.20778556,12636.81543,0.181
4/30/2023 17:00,0.058094127,12759.18944,0.244
4/30/2023 18:00,0.000891658,12477.54785,0.279
4/30/2023 19:00,0,14029.89204,0.294
4/30/2023 20:00,0,11724.95346,0.249
4/30/2023 21:00,0,8397.823486,0.213
4/30/2023 22:00,0,9852.132801,0.181
4/30/2023 23:00,0,10105.12232,0.163
5/1/2023 0:00,0,13850.89153,0.152
5/1/2023 1:00,0,10717.04791,0.143
5/1/2023 2:00,0,8641.751813,0.137
5/1/2023 3:00,0,8338.62403,0.137
5/1/2023 4:00,0,7028.961638,0.145
5/1/2023 5:00,0,2424.411243,0.172
5/1/2023 6:00,0.001584228,111.775353,0.204
5/1/2023 7:00,0.04128295,3633.387501,0.185
5/1/2023 8:00,0.06082639,1065.190325,0.144
5/1/2023 9:00,0.267654303,311.0756299,0.123
5/1/2023 10:00,0.104142175,4112.208545,0.113
5/1/2023 11:00,0.159892027,2859.909927,0.109
5/1/2023 12:00,0.38660207,8908.533182,0.11
5/1/2023 13:00,0.48777733,8046.407079,0.116
5/1/2023 14:00,0.482304613,8439.109659,0.127
5/1/2023 15:00,0.341516573,10504.23003,0.148
5/1/2023 16:00,0.22096804,9518.954208,0.181
5/1/2023 17:00,0.05723997,10187.46658,0.244
5/1/2023 18:00,0.000204224,10218.89373,0.279
5/1/2023 19:00,0,11999.14039,0.294
5/1/2023 20:00,0,14813.28716,0.249
5/1/2023 21:00,0,16021.25536,0.213
5/1/2023 22:00,0,16547.58289,0.181
5/1/2023 23:00,0,15676.61219,0.163
5/2/2023 0:00,0,11834.88853,0.152
5/2/2023 1:00,0,7228.074565,0.143
5/2/2023 2:00,0,7247.799917,0.137
5/2/2023 3:00,0,10087.81925,0.137
5/2/2023 4:00,0,8013.120795,0.145
5/2/2023 5:00,0,7266.070021,0.172
5/2/2023 6:00,0.014101455,6628.614252,0.204
5/2/2023 7:00,0.17526291,4760.524783,0.185
5/2/2023 8:00,0.30830256,6684.625732,0.144
5/2/2023 9:00,0.442297933,6245.092416,0.123
5/2/2023 10:00,0.606793467,4150.749757,0.113
5/2/2023 11:00,0.67653195,5011.982321,0.109
5/2/2023 12:00,0.653468687,7869.176339,0.11
5/2/2023 13:00,0.564193507,10278.24469,0.116
5/2/2023 14:00,0.500231467,11033.39439,0.127
5/2/2023 15:00,0.390199787,14100.33522,0.148
5/2/2023 16:00,0.0924651,17290.99534,0.181
5/2/2023 17:00,0.035384215,17480.05072,0.244
5/2/2023 18:00,0.000732108,19256.30383,0.279
5/2/2023 19:00,0,17917.73872,0.294
5/2/2023 20:00,0,20576.44313,0.249
5/2/2023 21:00,0,21106.57238,0.213
5/2/2023 22:00,0,17622.33039,0.181
5/2/2023 23:00,0,15978.46938,0.163
5/3/2023 0:00,0,10838.50403,0.152
5/3/2023 1:00,0,6950.526267,0.143
5/3/2023 2:00,0,6766.70442,0.137
5/3/2023 3:00,0,6322.461767,0.137
5/3/2023 4:00,0,6308.633342,0.145
5/3/2023 5:00,0,6691.049695,0.172
5/3/2023 6:00,0.012933771,5218.618284,0.204
5/3/2023 7:00,0.091755453,4234.647029,0.185
5/3/2023 8:00,0.14167674,5613.289903,0.144
5/3/2023 9:00,0.290081287,7482.008935,0.123
5/3/2023 10:00,0.431628563,9883.541371,0.113
5/3/2023 11:00,0.386233727,7959.483075,0.109
5/3/2023 12:00,0.507771853,10034.85872,0.11
5/3/2023 13:00,0.518321533,6988.181076,0.116
5/3/2023 14:00,0.4979809,8872.57192,0.127
5/3/2023 15:00,0.362092257,7390.58178,0.148
5/3/2023 16:00,0.168922787,10880.60952,0.181
5/3/2023 17:00,0.052895583,13601.45599,0.244
5/3/2023 18:00,0,10367.30616,0.279
5/3/2023 19:00,0,11149.58082,0.294
5/3/2023 20:00,0,9749.604332,0.249
5/3/2023 21:00,0,7616.81532,0.213
5/3/2023 22:00,0,7225.637726,0.181
5/3/2023 23:00,0,13511.17481,0.163
5/4/2023 0:00,0,8855.633474,0.152
5/4/2023 1:00,0,4241.167593,0.143
5/4/2023 2:00,0,7713.105288,0.137
5/4/2023 3:00,0,6349.225429,0.137
5/4/2023 4:00,0,6990.309572,0.145
5/4/2023 5:00,0,3343.775719,0.172
5/4/2023 6:00,0.008206016,3039.526217,0.204
5/4/2023 7:00,0.142589853,3117.467687,0.185
5/4/2023 8:00,0.221864987,7736.069871,0.144
5/4/2023 9:00,0.381950467,10285.54675,0.123
5/4/2023 10:00,0.575823557,8780.712098,0.113
5/4/2023 11:00,0.601841413,11516.20243,0.109
5/4/2023 12:00,0.65451307,10526.46693,0.11
5/4/2023 13:00,0.581148033,10091.55627,0.116
5/4/2023 14:00,0.503511333,7988.856543,0.127
5/4/2023 15:00,0.363724793,7285.887207,0.148
5/4/2023 16:00,0.197741763,13786.98843,0.181
5/4/2023 17:00,0.050991822,12455.01149,0.244
5/4/2023 18:00,0.000179708,12636.11995,0.279
5/4/2023 19:00,0,14311.4355,0.294
5/4/2023 20:00,0,12261.46617,0.249
5/4/2023 21:00,0,9502.462805,0.213
5/4/2023 22:00,0,12311.74254,0.181
5/4/2023 23:00,0,11943.8591,0.163
5/5/2023 0:00,0,9697.063788,0.152
5/5/2023 1:00,0,10417.50311,0.143
5/5/2023 2:00,0,10551.58863,0.137
5/5/2023 3:00,0,12984.33121,0.137
5/5/2023 4:00,0,12781.6939,0.145
5/5/2023 5:00,0,11088.39003,0.172
5/5/2023 6:00,0.012218015,14983.77424,0.204
5/5/2023 7:00,0.129284297,14039.03945,0.185
5/5/2023 8:00,0.2876449,12883.00309,0.144
5/5/2023 9:00,0.419633887,14151.6618,0.123
5/5/2023 10:00,0.574355917,14137.79058,0.113
5/5/2023 11:00,0.63542456,12681.91571,0.109
5/5/2023 12:00,0.592430857,15714.75304,0.11
5/5/2023 13:00,0.568617437,18749.43217,0.116
5/5/2023 14:00,0.454670553,19084.02635,0.127
5/5/2023 15:00,0.293361337,16999.50547,0.148
5/5/2023 16:00,0.207387833,14540.35955,0.181
5/5/2023 17:00,0.04029781,15306.71088,0.244
5/5/2023 18:00,0,12987.26275,0.279
5/5/2023 19:00,0,15309.30623,0.294
5/5/2023 20:00,0,13081.07685,0.249
5/5/2023 21:00,0,13183.6162,0.213
5/5/2023 22:00,0,14007.96193,0.181
5/5/2023 23:00,0,10012.80291,0.163
5/6/2023 0:00,0,9774.762184,0.152
5/6/2023 1:00,0,8850.381376,0.143
5/6/2023 2:00,0,11672.61864,0.137
5/6/2023 3:00,0,11034.38151,0.137
5/6/2023 4:00,0,12582.51365,0.145
5/6/2023 5:00,0,12836.51425,0.172
5/6/2023 6:00,0.012061069,10155.24778,0.204
5/6/2023 7:00,0.140674091,10165.22464,0.185
5/6/2023 8:00,0.22690351,8739.934024,0.144
5/6/2023 9:00,0.363076997,8361.818501,0.123
5/6/2023 10:00,0.55912081,9144.676488,0.113
5/6/2023 11:00,0.6300921,8123.972092,0.109
5/6/2023 12:00,0.642839213,10669.1749,0.11
5/6/2023 13:00,0.590622633,12478.49953,0.116
5/6/2023 14:00,0.500159123,11620.33466,0.127
5/6/2023 15:00,0.36907069,12543.40263,0.148
5/6/2023 16:00,0.192802817,15922.95899,0.181
5/6/2023 17:00,0.043216854,14709.93064,0.244
5/6/2023 18:00,0.000101536,10677.60373,0.279
5/6/2023 19:00,0,14907.58587,0.294
5/6/2023 20:00,0,11958.34602,0.249
5/6/2023 21:00,0,11408.93076,0.213
5/6/2023 22:00,0,10872.98222,0.181
5/6/2023 23:00,0,9650.054035,0.163
5/7/2023 0:00,0,10864.68021,0.152
5/7/2023 1:00,0,8149.585723,0.143
5/7/2023 2:00,0,11267.04211,0.137
5/7/2023 3:00,0,9654.346193,0.137
5/7/2023 4:00,0,9756.837325,0.145
5/7/2023 5:00,0,10351.70539,0.172
5/7/2023 6:00,0.012776122,11496.81039,0.204
5/7/2023 7:00,0.111252377,10453.55241,0.185
5/7/2023 8:00,0.277568857,9950.748032,0.144
5/7/2023 9:00,0.350212783,11032.14576,0.123
5/7/2023 10:00,0.568523533,11258.5734,0.113
5/7/2023 11:00,0.615343017,12928.8056,0.109
5/7/2023 12:00,0.625049643,11355.21842,0.11
5/7/2023 13:00,0.58619504,10347.26133,0.116
5/7/2023 14:00,0.459763903,8807.885321,0.127
5/7/2023 15:00,0.29630598,10449.77848,0.148
5/7/2023 16:00,0.18506616,17979.66084,0.181
5/7/2023 17:00,0.044405131,14062.34792,0.244
5/7/2023 18:00,2.54E-05,11602.29503,0.279
5/7/2023 19:00,0,15261.75853,0.294
5/7/2023 20:00,0,15983.45568,0.249
5/7/2023 21:00,0,14272.13933,0.213
5/7/2023 22:00,0,13432.16449,0.181
5/7/2023 23:00,0,10672.21782,0.163
5/8/2023 0:00,0,10291.85238,0.152
5/8/2023 1:00,0,9861.666867,0.143
5/8/2023 2:00,0,9590.839882,0.137
5/8/2023 3:00,0,11025.63329,0.137
5/8/2023 4:00,0,9065.946087,0.145
5/8/2023 5:00,0,5221.292336,0.172
5/8/2023 6:00,0.00238158,8845.187504,0.204
5/8/2023 7:00,0.055192119,7364.804494,0.185
5/8/2023 8:00,0.065867757,9955.573832,0.144
5/8/2023 9:00,0.167271463,11832.1735,0.123
5/8/2023 10:00,0.53401002,12183.39519,0.113
5/8/2023 11:00,0.594936697,11580.80961,0.109
5/8/2023 12:00,0.621160007,13411.51392,0.11
5/8/2023 13:00,0.573681907,12652.94529,0.116
5/8/2023 14:00,0.487244387,13419.03922,0.127
5/8/2023 15:00,0.352091103,13780.88921,0.148
5/8/2023 16:00,0.178612673,11836.96463,0.181
5/8/2023 17:00,0.030196861,8349.948062,0.244
5/8/2023 18:00,0,10081.41287,0.279
5/8/2023 19:00,0,9383.679191,0.294
5/8/2023 20:00,0,6989.40092,0.249
5/8/2023 21:00,0,9661.245225,0.213
5/8/2023 22:00,0,11929.38701,0.181
5/8/2023 23:00,0,6749.306547,0.163
5/9/2023 0:00,0,4661.086239,0.152
5/9/2023 1:00,0,1900.755742,0.143
5/9/2023 2:00,0,4720.441362,0.137
5/9/2023 3:00,0,4366.765975,0.137
5/9/2023 4:00,0,2306.898007,0.145
5/9/2023 5:00,0,4274.053191,0.172
5/9/2023 6:00,0.008883773,3331.790148,0.204
5/9/2023 7:00,0.11512122,5700.943576,0.185
5/9/2023 8:00,0.214986483,5420.485791,0.144
5/9/2023 9:00,0.283838327,7919.715851,0.123
5/9/2023 10:00,0.22913648,9476.59487,0.113
5/9/2023 11:00,0.368080577,11571.07182,0.109
5/9/2023 12:00,0.36482794,12948.95758,0.11
5/9/2023 13:00,0.491743347,11479.78177,0.116
5/9/2023 14:00,0.45087272,8412.125092,0.127
5/9/2023 15:00,0.33990176,12253.60796,0.148
5/9/2023 16:00,0.18463605,13593.77882,0.181
5/9/2023 17:00,0.038912654,12791.53253,0.244
5/9/2023 18:00,0,14643.5731,0.279
5/9/2023 19:00,0,15511.52938,0.294
5/9/2023 20:00,0,15338.44217,0.249
5/9/2023 21:00,0,15688.70421,0.213
5/9/2023 22:00,0,16899.68156,0.181
5/9/2023 23:00,0,14586.16822,0.163
5/10/2023 0:00,0,13200.78113,0.152
5/10/2023 1:00,0,11140.58037,0.143
5/10/2023 2:00,0,8408.295773,0.137
5/10/2023 3:00,0,3968.507632,0.137
5/10/2023 4:00,0,5776.634465,0.145
5/10/2023 5:00,0,4475.211327,0.172
5/10/2023 6:00,0,3489.022142,0.204
5/10/2023 7:00,0.026169565,3829.308464,0.185
5/10/2023 8:00,0.222823523,555.9178799,0.144
5/10/2023 9:00,0.440591003,2061.730684,0.123
5/10/2023 10:00,0.539435267,3163.924158,0.113
5/10/2023 11:00,0.596216687,5989.199655,0.109
5/10/2023 12:00,0.423241257,7060.733787,0.11
5/10/2023 13:00,0.471780427,6259.278196,0.116
5/10/2023 14:00,0.33063821,6621.53768,0.127
5/10/2023 15:00,0.245756607,8159.857844,0.148
5/10/2023 16:00,0.105969053,9921.896795,0.181
5/10/2023 17:00,0.033627138,8930.429196,0.244
5/10/2023 18:00,0,12121.38787,0.279
5/10/2023 19:00,0,11209.17913,0.294
5/10/2023 20:00,0,13339.45547,0.249
5/10/2023 21:00,0,15682.13899,0.213
5/10/2023 22:00,0,16296.50903,0.181
5/10/2023 23:00,0,14916.46682,0.163
5/11/2023 0:00,0,10960.13609,0.152
5/11/2023 1:00,0,8697.318576,0.143
5/11/2023 2:00,0,4493.013699,0.137
5/11/2023 3:00,0,4324.012304,0.137
5/11/2023 4:00,0,6440.997362,0.145
5/11/2023 5:00,0,6078.798702,0.172
5/11/2023 6:00,0.013846244,3250.430591,0.204
5/11/2023 7:00,0.095141475,5102.911094,0.185
5/11/2023 8:00,0.240095297,4723.247147,0.144
5/11/2023 9:00,0.437166187,7826.493852,0.123
5/11/2023 10:00,0.4914913,7723.913839,0.113
5/11/2023 11:00,0.402274983,8506.438377,0.109
5/11/2023 12:00,0.524120643,6285.501457,0.11
5/11/2023 13:00,0.320380017,5680.528932,0.116
5/11/2023 14:00,0.257777477,6795.470723,0.127
5/11/2023 15:00,0.237981277,3912.372843,0.148
5/11/2023 16:00,0.168304157,3559.570728,0.181
5/11/2023 17:00,0.039439127,6688.943081,0.244
5/11/2023 18:00,0,9384.716203,0.279
5/11/2023 19:00,0,9758.89711,0.294
5/11/2023 20:00,0,14044.28639,0.249
5/11/2023 21:00,0,11815.55909,0.213
5/11/2023 22:00,0,13356.50203,0.181
5/11/2023 23:00,0,14825.71015,0.163
5/12/2023 0:00,0,11997.18619,0.152
5/12/2023 1:00,0,10654.9619,0.143
5/12/2023 2:00,0,14334.37797,0.137
5/12/2023 3:00,0,14478.68151,0.137
5/12/2023 4:00,0,13306.71036,0.145
5/12/2023 5:00,0,11479.89275,0.172
5/12/2023 6:00,0.002963105,6830.214062,0.204
5/12/2023 7:00,0.074110003,9859.992039,0.185
5/12/2023 8:00,0.211788377,11168.5636,0.144
5/12/2023 9:00,0.422855367,14131.60075,0.123
5/12/2023 10:00,0.41502175,15261.76845,0.113
5/12/2023 11:00,0.531142907,14911.43605,0.109
5/12/2023 12:00,0.521668467,17302.05379,0.11
5/12/2023 13:00,0.534606117,14874.31256,0.116
5/12/2023 14:00,0.442493617,14232.79512,0.127
5/12/2023 15:00,0.396226433,13294.77887,0.148
5/12/2023 16:00,0.122522803,12695.90023,0.181
5/12/2023 17:00,0.025566578,14431.14603,0.244
5/12/2023 18:00,0,14491.27832,0.279
5/12/2023 19:00,0,15499.64722,0.294
5/12/2023 20:00,0,13158.09357,0.249
5/12/2023 21:00,0,11983.96863,0.213
5/12/2023 22:00,0,10359.55672,0.181
5/12/2023 23:00,0,10362.72755,0.163
5/13/2023 0:00,0,6107.726975,0.152
5/13/2023 1:00,0,1814.4389,0.143
5/13/2023 2:00,0,4381.981402,0.137
5/13/2023 3:00,0,7481.112617,0.137
5/13/2023 4:00,0,7750.132371,0.145
5/13/2023 5:00,0,10844.31093,0.172
5/13/2023 6:00,0.005143917,13126.64975,0.204
5/13/2023 7:00,0.060390292,12139.15728,0.185
5/13/2023 8:00,0.29770047,13986.40377,0.144
5/13/2023 9:00,0.311588323,11722.76177,0.123
5/13/2023 10:00,0.443349257,12304.11816,0.113
5/13/2023 11:00,0.400021453,11829.36444,0.109
5/13/2023 12:00,0.34200684,16345.90877,0.11
5/13/2023 13:00,0.50218222,16487.70294,0.116
5/13/2023 14:00,0.265815367,15804.0973,0.127
5/13/2023 15:00,0.091747325,19946.10132,0.148
5/13/2023 16:00,0.077194668,16999.07823,0.181
5/13/2023 17:00,0.015066151,15204.61272,0.244
5/13/2023 18:00,0,15175.5135,0.279
5/13/2023 19:00,0,13525.81078,0.294
5/13/2023 20:00,0,12941.29173,0.249
5/13/2023 21:00,0,13390.49237,0.213
5/13/2023 22:00,0,11481.99139,0.181
5/13/2023 23:00,0,11172.06551,0.163
5/14/2023 0:00,0,7022.310253,0.152
5/14/2023 1:00,0,4138.913041,0.143
5/14/2023 2:00,0,3916.245075,0.137
5/14/2023 3:00,0,5206.432031,0.137
5/14/2023 4:00,0,4879.519502,0.145
5/14/2023 5:00,0,6401.901351,0.172
5/14/2023 6:00,0.001701463,9697.670461,0.204
5/14/2023 7:00,0.029072248,8355.349406,0.185
5/14/2023 8:00,0.073032068,8873.552999,0.144
5/14/2023 9:00,0.12677325,9796.929454,0.123
5/14/2023 10:00,0.191006167,12152.73723,0.113
5/14/2023 11:00,0.202860363,18675.67125,0.109
5/14/2023 12:00,0.15228786,20836.89001,0.11
5/14/2023 13:00,0.125227393,18130.53802,0.116
5/14/2023 14:00,0.099066617,13363.58405,0.127
5/14/2023 15:00,0.066336188,12932.64434,0.148
5/14/2023 16:00,0.053656988,9809.678482,0.181
5/14/2023 17:00,0.005514598,10552.0136,0.244
5/14/2023 18:00,0,10656.28422,0.279
5/14/2023 19:00,0,13519.23177,0.294
5/14/2023 20:00,0,10543.62312,0.249
5/14/2023 21:00,0,11411.64718,0.213
5/14/2023 22:00,0,8482.562288,0.181
5/14/2023 23:00,0,8522.635689,0.163
5/15/2023 0:00,0,8744.007645,0.152
5/15/2023 1:00,0,7201.811088,0.143
5/15/2023 2:00,0,6509.112383,0.137
5/15/2023 3:00,0,5043.05618,0.137
5/15/2023 4:00,0,7409.156514,0.145
5/15/2023 5:00,0,7146.134221,0.172
5/15/2023 6:00,0,2090.116999,0.204
5/15/2023 7:00,0.006375468,2795.777267,0.185
5/15/2023 8:00,0.057721693,4781.148093,0.144
5/15/2023 9:00,0.07347226,7563.299671,0.123
5/15/2023 10:00,0.068131344,9080.295702,0.113
5/15/2023 11:00,0.078669142,11637.93715,0.109
5/15/2023 12:00,0.069478306,9385.985107,0.11
5/15/2023 13:00,0.044799896,9594.048726,0.116
5/15/2023 14:00,0.02698054,9641.836772,0.127
5/15/2023 15:00,0.010205182,9744.634141,0.148
5/15/2023 16:00,0.002884128,9871.170683,0.181
5/15/2023 17:00,0,11226.4278,0.244
5/15/2023 18:00,0,10057.34433,0.279
5/15/2023 19:00,0,10889.42671,0.294
5/15/2023 20:00,0,16033.12628,0.249
5/15/2023 21:00,0,16395.82677,0.213
5/15/2023 22:00,0,17297.86474,0.181
5/15/2023 23:00,0,15997.88767,0.163
5/16/2023 0:00,0,12349.2099,0.152
5/16/2023 1:00,0,7469.45444,0.143
5/16/2023 2:00,0,4217.058835,0.137
5/16/2023 3:00,0,5184.92296,0.137
5/16/2023 4:00,0,7863.874787,0.145
5/16/2023 5:00,0,7379.535591,0.172
5/16/2023 6:00,0,8115.857682,0.204
5/16/2023 7:00,0,8780.972984,0.185
5/16/2023 8:00,0.004572677,11365.15272,0.144
5/16/2023 9:00,0.007185979,9471.275664,0.123
5/16/2023 10:00,0.004140291,7952.098426,0.113
5/16/2023 11:00,0.010915669,12843.8493,0.109
5/16/2023 12:00,0.029662294,11681.40326,0.11
5/16/2023 13:00,0.016891482,12072.44476,0.116
5/16/2023 14:00,0.019213271,10878.69466,0.127
5/16/2023 15:00,0.010249112,10507.0456,0.148
5/16/2023 16:00,0.002028079,13292.44738,0.181
5/16/2023 17:00,0,11900.36415,0.244
5/16/2023 18:00,0,9757.088566,0.279
5/16/2023 19:00,0,7555.652749,0.294
5/16/2023 20:00,0,4567.460759,0.249
5/16/2023 21:00,0,11496.59171,0.213
5/16/2023 22:00,0,11956.61594,0.181
5/16/2023 23:00,0,11448.44205,0.163
5/17/2023 0:00,0,9599.590471,0.152
5/17/2023 1:00,0,7130.26462,0.143
5/17/2023 2:00,0,8326.176026,0.137
5/17/2023 3:00,0,5693.140863,0.137
5/17/2023 4:00,0,5866.587111,0.145
5/17/2023 5:00,0,2614.761805,0.172
5/17/2023 6:00,0.000919374,4948.404882,0.204
5/17/2023 7:00,0.012855791,4776.176272,0.185
5/17/2023 8:00,0.02821382,9260.430829,0.144
5/17/2023 9:00,0.072514082,13296.91077,0.123
5/17/2023 10:00,0.124074403,11490.77816,0.113
5/17/2023 11:00,0.21276446,13961.43128,0.109
5/17/2023 12:00,0.198202343,16122.57816,0.11
5/17/2023 13:00,0.175598563,16425.72594,0.116
5/17/2023 14:00,0.12554121,15886.74475,0.127
5/17/2023 15:00,0.07507784,16017.09805,0.148
5/17/2023 16:00,0.038596644,13065.35049,0.181
5/17/2023 17:00,0.002619517,10486.44736,0.244
5/17/2023 18:00,0,7718.690261,0.279
5/17/2023 19:00,0,6401.023752,0.294
5/17/2023 20:00,0,3118.540642,0.249
5/17/2023 21:00,0,5223.307461,0.213
5/17/2023 22:00,0,1744.318761,0.181
5/17/2023 23:00,0,3593.059308,0.163
5/18/2023 0:00,0,7347.628364,0.152
5/18/2023 1:00,0,7747.802379,0.143
5/18/2023 2:00,0,5219.266345,0.137
5/18/2023 3:00,0,5415.730204,0.137
5/18/2023 4:00,0,4513.39601,0.145
5/18/2023 5:00,0,4450.91908,0.172
5/18/2023 6:00,0.005691757,6213.409477,0.204
5/18/2023 7:00,0.086746762,4449.076118,0.185
5/18/2023 8:00,0.165669827,4394.102625,0.144
5/18/2023 9:00,0.37466661,5867.625499,0.123
5/18/2023 10:00,0.528329393,9380.409603,0.113
5/18/2023 11:00,0.558532793,18859.41307,0.109
5/18/2023 12:00,0.51543846,21009.0317,0.11
5/18/2023 13:00,0.576060497,20578.01717,0.116
5/18/2023 14:00,0.32412203,17475.40281,0.127
5/18/2023 15:00,0.123272467,17530.59431,0.148
5/18/2023 16:00,0.095976351,20692.26777,0.181
5/18/2023 17:00,0.017685746,22843.77427,0.244
5/18/2023 18:00,0,17038.33066,0.279
5/18/2023 19:00,0,17067.44505,0.294
5/18/2023 20:00,0,17884.16327,0.249
5/18/2023 21:00,0,16427.77568,0.213
5/18/2023 22:00,0,17569.57604,0.181
5/18/2023 23:00,0,18144.32777,0.163
5/19/2023 0:00,0,14210.28331,0.152
5/19/2023 1:00,0,10189.40521,0.143
5/19/2023 2:00,0,12093.30531,0.137
5/19/2023 3:00,0,7494.708873,0.137
5/19/2023 4:00,0,9745.076073,0.145
5/19/2023 5:00,0,4741.986298,0.172
5/19/2023 6:00,0.003695154,4159.298996,0.204
5/19/2023 7:00,0.063871083,3597.067694,0.185
5/19/2023 8:00,0.19916952,1960.271623,0.144
5/19/2023 9:00,0.355679313,6956.714351,0.123
5/19/2023 10:00,0.266943517,8176.72633,0.113
5/19/2023 11:00,0.36439028,7575.673593,0.109
5/19/2023 12:00,0.467821527,7568.788523,0.11
5/19/2023 13:00,0.44659502,6434.415424,0.116
5/19/2023 14:00,0.17934104,7608.111452,0.127
5/19/2023 15:00,0.134573417,10167.87389,0.148
5/19/2023 16:00,0.17693553,9512.763506,0.181
5/19/2023 17:00,0.035105402,8596.47685,0.244
5/19/2023 18:00,0,6283.841468,0.279
5/19/2023 19:00,0,5862.454396,0.294
5/19/2023 20:00,0,5383.130648,0.249
5/19/2023 21:00,0,8957.246551,0.213
5/19/2023 22:00,0,7616.570687,0.181
5/19/2023 23:00,0,13010.75347,0.163
5/20/2023 0:00,0,9822.700977,0.152
5/20/2023 1:00,0,10019.87097,0.143
5/20/2023 2:00,0,16119.30438,0.137
5/20/2023 3:00,0,17760.42294,0.137
5/20/2023 4:00,0,10653.33467,0.145
5/20/2023 5:00,0,9525.911412,0.172
5/20/2023 6:00,0.003689553,9186.353371,0.204
5/20/2023 7:00,0.109011742,11356.40248,0.185
5/20/2023 8:00,0.270459547,8919.815706,0.144
5/20/2023 9:00,0.325324217,10824.05707,0.123
5/20/2023 10:00,0.540314793,12817.12021,0.113
5/20/2023 11:00,0.600699333,11467.31293,0.109
5/20/2023 12:00,0.604034463,9486.421469,0.11
5/20/2023 13:00,0.54877558,12253.6375,0.116
5/20/2023 14:00,0.4433273,13739.60077,0.127
5/20/2023 15:00,0.320500127,9811.402254,0.148
5/20/2023 16:00,0.11045388,11046.5813,0.181
5/20/2023 17:00,0.021354795,11697.35672,0.244
5/20/2023 18:00,0,10632.58133,0.279
5/20/2023 19:00,0,9884.788565,0.294
5/20/2023 20:00,0,11031.83069,0.249
5/20/2023 21:00,0,9713.544957,0.213
5/20/2023 22:00,0,11183.68285,0.181
5/20/2023 23:00,0,4894.192677,0.163
5/21/2023 0:00,0,4781.86507,0.152
5/21/2023 1:00,0,2465.663293,0.143
5/21/2023 2:00,0,2972.364983,0.137
5/21/2023 3:00,0,4836.87911,0.137
5/21/2023 4:00,0,7276.978352,0.145
5/21/2023 5:00,0,5950.588364,0.172
5/21/2023 6:00,0.007536801,2333.34299,0.204
5/21/2023 7:00,0.058595393,0,0.185
5/21/2023 8:00,0.182320667,4503.122622,0.144
5/21/2023 9:00,0.404301457,6185.002747,0.123
5/21/2023 10:00,0.50441891,9552.145348,0.113
5/21/2023 11:00,0.578821383,7862.988443,0.109
5/21/2023 12:00,0.602638883,11389.98578,0.11
5/21/2023 13:00,0.42112438,8983.323251,0.116
5/21/2023 14:00,0.321222127,11312.68248,0.127
5/21/2023 15:00,0.23215489,13811.60335,0.148
5/21/2023 16:00,0.127691508,17512.49529,0.181
5/21/2023 17:00,0.022913063,16175.93104,0.244
5/21/2023 18:00,0,16470.92978,0.279
5/21/2023 19:00,0,11752.63873,0.294
5/21/2023 20:00,0,11522.66551,0.249
5/21/2023 21:00,0,6992.53793,0.213
5/21/2023 22:00,0,7411.436154,0.181
5/21/2023 23:00,0,7048.589979,0.163
5/22/2023 0:00,0,7436.816191,0.152
5/22/2023 1:00,0,6066.272291,0.143
5/22/2023 2:00,0,9144.447397,0.137
5/22/2023 3:00,0,13117.51286,0.137
5/22/2023 4:00,0,13754.65327,0.145
5/22/2023 5:00,0,10498.10439,0.172
5/22/2023 6:00,0.005569496,10143.98714,0.204
5/22/2023 7:00,0.052800232,7973.887784,0.185
5/22/2023 8:00,0.148208787,11347.72346,0.144
5/22/2023 9:00,0.413701057,16953.80466,0.123
5/22/2023 10:00,0.559474317,16148.46751,0.113
5/22/2023 11:00,0.47859758,16330.51103,0.109
5/22/2023 12:00,0.497468353,14961.50172,0.11
5/22/2023 13:00,0.39715132,14998.28323,0.116
5/22/2023 14:00,0.31432537,15700.08875,0.127
5/22/2023 15:00,0.268141547,11283.94108,0.148
5/22/2023 16:00,0.114802677,12341.57933,0.181
5/22/2023 17:00,0.03432142,14798.96135,0.244
5/22/2023 18:00,0,15733.28187,0.279
5/22/2023 19:00,0,14783.62471,0.294
5/22/2023 20:00,0,13437.33131,0.249
5/22/2023 21:00,0,12983.44726,0.213
5/22/2023 22:00,0,17675.73314,0.181
5/22/2023 23:00,0,17450.70358,0.163
5/23/2023 0:00,0,17340.56393,0.152
5/23/2023 1:00,0,11194.06917,0.143
5/23/2023 2:00,0,6711.235467,0.137
5/23/2023 3:00,0,7844.605762,0.137
5/23/2023 4:00,0,6407.218713,0.145
5/23/2023 5:00,0,9214.654945,0.172
5/23/2023 6:00,0.003170329,5923.915924,0.204
5/23/2023 7:00,0.061048921,2528.944417,0.185
5/23/2023 8:00,0.133696787,5546.565451,0.144
5/23/2023 9:00,0.214242513,11436.78969,0.123
5/23/2023 10:00,0.32690769,4496.682947,0.113
5/23/2023 11:00,0.36457272,9226.752283,0.109
5/23/2023 12:00,0.477400617,7894.450703,0.11
5/23/2023 13:00,0.56212954,10772.53395,0.116
5/23/2023 14:00,0.48728111,14978.81075,0.127
5/23/2023 15:00,0.342046087,12233.73499,0.148
5/23/2023 16:00,0.13944719,11155.42763,0.181
5/23/2023 17:00,0.029256389,15232.52978,0.244
5/23/2023 18:00,0,12921.91751,0.279
5/23/2023 19:00,0,11773.84964,0.294
5/23/2023 20:00,0,12801.95701,0.249
5/23/2023 21:00,0,13526.32475,0.213
5/23/2023 22:00,0,11504.51823,0.181
5/23/2023 23:00,0,8521.96578,0.163
5/24/2023 0:00,0,7607.916683,0.152
5/24/2023 1:00,0,5196.014241,0.143
5/24/2023 2:00,0,196.8379319,0.137
5/24/2023 3:00,0,2055.818139,0.137
5/24/2023 4:00,0,0,0.145
5/24/2023 5:00,0,4722.102836,0.172
5/24/2023 6:00,0.000945951,6253.31049,0.204
5/24/2023 7:00,0.03844548,7655.385957,0.185
5/24/2023 8:00,0.097917548,8661.867612,0.144
5/24/2023 9:00,0.203838683,8288.577701,0.123
5/24/2023 10:00,0.299236603,8754.327928,0.113
5/24/2023 11:00,0.345259357,7688.616673,0.109
5/24/2023 12:00,0.37417839,4213.38168,0.11
5/24/2023 13:00,0.269511957,9311.878743,0.116
5/24/2023 14:00,0.136594937,9020.414186,0.127
5/24/2023 15:00,0.101381657,14185.32064,0.148
5/24/2023 16:00,0.042697079,14981.60876,0.181
5/24/2023 17:00,0.000279789,13616.65349,0.244
5/24/2023 18:00,0,14308.43383,0.279
5/24/2023 19:00,0,11255.67011,0.294
5/24/2023 20:00,0,10102.20601,0.249
5/24/2023 21:00,0,10453.76949,0.213
5/24/2023 22:00,0,7588.601472,0.181
5/24/2023 23:00,0,7704.331186,0.163
5/25/2023 0:00,0,9886.493248,0.152
5/25/2023 1:00,0,8185.113751,0.143
5/25/2023 2:00,0,6857.181257,0.137
5/25/2023 3:00,0,6606.985743,0.137
5/25/2023 4:00,0,5649.563159,0.145
5/25/2023 5:00,0,3623.741101,0.172
5/25/2023 6:00,0,3555.483397,0.204
5/25/2023 7:00,0.004747884,6922.457837,0.185
5/25/2023 8:00,0.023188836,5954.125751,0.144
5/25/2023 9:00,0.024522321,3850.290543,0.123
5/25/2023 10:00,0.030568683,4774.320158,0.113
5/25/2023 11:00,0.042963902,8015.719924,0.109
5/25/2023 12:00,0.025394332,5536.080349,0.11
5/25/2023 13:00,0.016372753,7404.74097,0.116
5/25/2023 14:00,0.023393006,10466.33815,0.127
5/25/2023 15:00,0.0066006,11646.58759,0.148
5/25/2023 16:00,0.004287546,14525.24459,0.181
5/25/2023 17:00,0,16602.85296,0.244
5/25/2023 18:00,0,18080.58782,0.279
5/25/2023 19:00,0,18307.46243,0.294
5/25/2023 20:00,0,20173.46373,0.249
5/25/2023 21:00,0,18160.76315,0.213
5/25/2023 22:00,0,19020.23581,0.181
5/25/2023 23:00,0,14805.97723,0.163
5/26/2023 0:00,0,10284.78566,0.152
5/26/2023 1:00,0,10618.51816,0.143
5/26/2023 2:00,0,9264.891349,0.137
5/26/2023 3:00,0,10704.20274,0.137
5/26/2023 4:00,0,10670.78349,0.145
5/26/2023 5:00,0,9601.933695,0.172
5/26/2023 6:00,0,6707.308979,0.204
5/26/2023 7:00,0,7289.950397,0.185
5/26/2023 8:00,0.005534081,7698.236943,0.144
5/26/2023 9:00,0.012306019,6618.790317,0.123
5/26/2023 10:00,0.018696181,8468.762099,0.113
5/26/2023 11:00,0.031119984,11303.477,0.109
5/26/2023 12:00,0.012434961,7376.816508,0.11
5/26/2023 13:00,0.007521147,6562.94211,0.116
5/26/2023 14:00,0.015530588,6983.599861,0.127
5/26/2023 15:00,0.011275865,9431.283836,0.148
5/26/2023 16:00,0.003991263,11221.66333,0.181
5/26/2023 17:00,0,12115.46631,0.244
5/26/2023 18:00,0,14364.12367,0.279
5/26/2023 19:00,0,12990.00275,0.294
5/26/2023 20:00,0,13511.78279,0.249
5/26/2023 21:00,0,10941.76284,0.213
5/26/2023 22:00,0,9806.224717,0.181
5/26/2023 23:00,0,11688.97767,0.163
5/27/2023 0:00,0,8738.26367,0.152
5/27/2023 1:00,0,7601.938223,0.143
5/27/2023 2:00,0,7733.395518,0.137
5/27/2023 3:00,0,8434.198221,0.137
5/27/2023 4:00,0,10771.10467,0.145
5/27/2023 5:00,0,9399.562404,0.172
5/27/2023 6:00,0.004857567,11758.45239,0.204
5/27/2023 7:00,0.040007195,9246.707096,0.185
5/27/2023 8:00,0.090545678,4902.679612,0.144
5/27/2023 9:00,0.234560707,10261.28104,0.123
5/27/2023 10:00,0.213689193,13156.52104,0.113
5/27/2023 11:00,0.176523363,10115.79521,0.109
5/27/2023 12:00,0.10811684,19050.74161,0.11
5/27/2023 13:00,0.072348067,18833.17698,0.116
5/27/2023 14:00,0.070815797,20195.05527,0.127
5/27/2023 15:00,0.04393857,15573.03603,0.148
5/27/2023 16:00,0.025608536,13032.25686,0.181
5/27/2023 17:00,0.004454006,11944.88018,0.244
5/27/2023 18:00,0,13882.48837,0.279
5/27/2023 19:00,0,15155.40236,0.294
5/27/2023 20:00,0,17791.94677,0.249
5/27/2023 21:00,0,16893.7939,0.213
5/27/2023 22:00,0,15101.49005,0.181
5/27/2023 23:00,0,12521.25868,0.163
5/28/2023 0:00,0,9963.586147,0.152
5/28/2023 1:00,0,8433.7918,0.143
5/28/2023 2:00,0,5135.188091,0.137
5/28/2023 3:00,0,4997.973881,0.137
5/28/2023 4:00,0,7233.910234,0.145
5/28/2023 5:00,0,10205.78222,0.172
5/28/2023 6:00,0,9439.139139,0.204
5/28/2023 7:00,0.007944446,6510.512546,0.185
5/28/2023 8:00,0.018551758,5082.784927,0.144
5/28/2023 9:00,0.036440832,7973.608095,0.123
5/28/2023 10:00,0.064435024,8132.25829,0.113
5/28/2023 11:00,0.112157878,2671.893595,0.109
5/28/2023 12:00,0.185502693,4457.421937,0.11
5/28/2023 13:00,0.161884807,4064.083276,0.116
5/28/2023 14:00,0.16212966,2502.875724,0.127
5/28/2023 15:00,0.12824521,2062.320458,0.148
5/28/2023 16:00,0.059983697,0,0.181
5/28/2023 17:00,0.004774309,0,0.244
5/28/2023 18:00,0,5281.686625,0.279
5/28/2023 19:00,0,3827.294476,0.294
5/28/2023 20:00,0,5879.489173,0.249
5/28/2023 21:00,0,7914.478073,0.213
5/28/2023 22:00,0,8960.780753,0.181
5/28/2023 23:00,0,7305.789565,0.163
5/29/2023 0:00,0,8157.183023,0.152
5/29/2023 1:00,0,10083.97392,0.143
5/29/2023 2:00,0,9409.025188,0.137
5/29/2023 3:00,0,8939.976785,0.137
5/29/2023 4:00,0,6065.526178,0.145
5/29/2023 5:00,0,8772.958432,0.172
5/29/2023 6:00,0.005790523,8727.306251,0.204
5/29/2023 7:00,0.05783927,9295.442188,0.185
5/29/2023 8:00,0.188510637,9518.633784,0.144
5/29/2023 9:00,0.38710461,9658.407825,0.123
5/29/2023 10:00,0.465173027,7447.543755,0.113
5/29/2023 11:00,0.48699431,11733.28485,0.109
5/29/2023 12:00,0.457268407,13445.68455,0.11
5/29/2023 13:00,0.492763357,10773.70549,0.116
5/29/2023 14:00,0.305964857,15205.18995,0.127
5/29/2023 15:00,0.141982428,13216.37589,0.148
5/29/2023 16:00,0.083371421,9160.72792,0.181
5/29/2023 17:00,0.006773767,6341.675649,0.244
5/29/2023 18:00,0,8273.830289,0.279
5/29/2023 19:00,0,12066.54536,0.294
5/29/2023 20:00,0,10345.93512,0.249
5/29/2023 21:00,0,7834.534389,0.213
5/29/2023 22:00,0,11573.65652,0.181
5/29/2023 23:00,0,9346.078615,0.163
5/30/2023 0:00,0,7986.954937,0.152
5/30/2023 1:00,0,10365.95289,0.143
5/30/2023 2:00,0,10225.3177,0.137
5/30/2023 3:00,0,13724.33243,0.137
5/30/2023 4:00,0,12177.44458,0.145
5/30/2023 5:00,0,16317.64909,0.172
5/30/2023 6:00,0.008280725,17377.06551,0.204
5/30/2023 7:00,0.085505063,15494.46167,0.185
5/30/2023 8:00,0.263316007,12893.75594,0.144
5/30/2023 9:00,0.344129207,17651.64446,0.123
5/30/2023 10:00,0.37919121,15200.91914,0.113
5/30/2023 11:00,0.364047373,16483.9025,0.109
5/30/2023 12:00,0.363343683,18328.34528,0.11
5/30/2023 13:00,0.384036463,15235.54745,0.116
5/30/2023 14:00,0.370548633,17091.14747,0.127
5/30/2023 15:00,0.280551933,16221.56531,0.148
5/30/2023 16:00,0.127074883,19972.36256,0.181
5/30/2023 17:00,0.016614775,18863.91559,0.244
5/30/2023 18:00,0,20986.1191,0.279
5/30/2023 19:00,0,23908.59278,0.294
5/30/2023 20:00,0,21654.23238,0.249
5/30/2023 21:00,0,21304.54045,0.213
5/30/2023 22:00,0,19972.92834,0.181
5/30/2023 23:00,0,17488.6911,0.163
5/31/2023 0:00,0,13541.30406,0.152
5/31/2023 1:00,0,11984.70597,0.143
5/31/2023 2:00,0,11128.20672,0.137
5/31/2023 3:00,0,8518.230825,0.137
5/31/2023 4:00,0,11940.83466,0.145
5/31/2023 5:00,0,10694.8168,0.172
5/31/2023 6:00,0.004119425,11303.31291,0.204
5/31/2023 7:00,0.048829054,4316.281643,0.185
5/31/2023 8:00,0.099259835,7569.475187,0.144
5/31/2023 9:00,0.19603314,11223.8736,0.123
5/31/2023 10:00,0.480787813,10189.01467,0.113
5/31/2023 11:00,0.555605343,10569.99706,0.109
5/31/2023 12:00,0.57217675,10941.05745,0.11
5/31/2023 13:00,0.5136767,12882.70718,0.116
5/31/2023 14:00,0.41328632,17247.88071,0.127
5/31/2023 15:00,0.277014577,18319.30493,0.148
5/31/2023 16:00,0.124000437,14112.27108,0.181
5/31/2023 17:00,0.011999258,14971.42668,0.244
5/31/2023 18:00,0,17758.84516,0.279
5/31/2023 19:00,0,16308.58378,0.294
5/31/2023 20:00,0,16738.91099,0.249
5/31/2023 21:00,0,11812.94322,0.213
5/31/2023 22:00,0,9464.68876,0.181
5/31/2023 23:00,0,7753.745986,0.163
6/1/2023 0:00,0,8187.429787,0.152
6/1/2023 1:00,0,6862.781799,0.143
6/1/2023 2:00,0,8963.108588,0.137
6/1/2023 3:00,0,8244.660688,0.137
6/1/2023 4:00,0,8120.023129,0.145
6/1/2023 5:00,0,7121.796492,0.172
6/1/2023 6:00,0.000127428,6023.656403,0.204
6/1/2023 7:00,0.012118902,7804.029019,0.185
6/1/2023 8:00,0.035271356,8010.594621,0.144
6/1/2023 9:00,0.059579701,11927.65689,0.123
6/1/2023 10:00,0.18005672,15437.55069,0.113
6/1/2023 11:00,0.174739137,16702.39334,0.109
6/1/2023 12:00,0.300531013,18693.573,0.11
6/1/2023 13:00,0.52276427,16568.58012,0.116
6/1/2023 14:00,0.403472313,15722.13788,0.127
6/1/2023 15:00,0.269154533,12759.67979,0.148
6/1/2023 16:00,0.123345247,8862.11671,0.181
6/1/2023 17:00,0.015391989,9269.788099,0.244
6/1/2023 18:00,0,9188.771387,0.279
6/1/2023 19:00,0,11244.31685,0.294
6/1/2023 20:00,0,12676.41532,0.249
6/1/2023 21:00,0,11755.92498,0.213
6/1/2023 22:00,0,9855.293158,0.181
6/1/2023 23:00,0,9567.816725,0.163
6/2/2023 0:00,0,7509.445738,0.152
6/2/2023 1:00,0,9740.792178,0.143
6/2/2023 2:00,0,7558.789276,0.137
6/2/2023 3:00,0,8306.577566,0.137
6/2/2023 4:00,0,8994.075345,0.145
6/2/2023 5:00,0,8162.211197,0.172
6/2/2023 6:00,0.004218125,9612.628544,0.204
6/2/2023 7:00,0.07186196,10110.95918,0.185
6/2/2023 8:00,0.171080305,12288.20214,0.144
6/2/2023 9:00,0.286226637,16102.36855,0.123
6/2/2023 10:00,0.40433985,15911.13127,0.113
6/2/2023 11:00,0.331274473,18026.3034,0.109
6/2/2023 12:00,0.338198717,20334.91693,0.11
6/2/2023 13:00,0.419311713,19826.70991,0.116
6/2/2023 14:00,0.41718814,15401.15949,0.127
6/2/2023 15:00,0.247200807,13345.90559,0.148
6/2/2023 16:00,0.122045765,16576.16139,0.181
6/2/2023 17:00,0.0108334,13108.23557,0.244
6/2/2023 18:00,0,12069.25181,0.279
6/2/2023 19:00,0,10955.68793,0.294
6/2/2023 20:00,0,12138.49696,0.249
6/2/2023 21:00,0,9052.796206,0.213
6/2/2023 22:00,0,7311.828733,0.181
6/2/2023 23:00,0,9547.849769,0.163
6/3/2023 0:00,0,7060.315742,0.152
6/3/2023 1:00,0,6795.627071,0.143
6/3/2023 2:00,0,5346.501629,0.137
6/3/2023 3:00,0,3007.430995,0.137
6/3/2023 4:00,0,4444.655016,0.145
6/3/2023 5:00,0,4642.859627,0.172
6/3/2023 6:00,0.005319923,7705.296692,0.204
6/3/2023 7:00,0.044810747,9142.140021,0.185
6/3/2023 8:00,0.130331207,9530.026202,0.144
6/3/2023 9:00,0.243020937,10292.8473,0.123
6/3/2023 10:00,0.441592217,11820.30589,0.113
6/3/2023 11:00,0.513364323,10586.06792,0.109
6/3/2023 12:00,0.548882993,11960.42942,0.11
6/3/2023 13:00,0.44817882,16197.22549,0.116
6/3/2023 14:00,0.419782033,17807.20438,0.127
6/3/2023 15:00,0.258369923,17729.94588,0.148
6/3/2023 16:00,0.082197625,12477.35834,0.181
6/3/2023 17:00,0.009428696,14868.00853,0.244
6/3/2023 18:00,0,13012.28879,0.279
6/3/2023 19:00,0,12483.28689,0.294
6/3/2023 20:00,0,11417.64994,0.249
6/3/2023 21:00,0,12014.7765,0.213
6/3/2023 22:00,0,11381.82895,0.181
6/3/2023 23:00,0,12638.14291,0.163
6/4/2023 0:00,0,11530.88452,0.152
6/4/2023 1:00,0,10902.12952,0.143
6/4/2023 2:00,0,8537.869852,0.137
6/4/2023 3:00,0,8101.153203,0.137
6/4/2023 4:00,0,7135.717867,0.145
6/4/2023 5:00,0,10048.44736,0.172
6/4/2023 6:00,9.22E-05,7053.907917,0.204
6/4/2023 7:00,0.012381555,4053.116119,0.185
6/4/2023 8:00,0.024096696,5216.207824,0.144
6/4/2023 9:00,0.075010416,6770.592022,0.123
6/4/2023 10:00,0.078761171,7017.336003,0.113
6/4/2023 11:00,0.123728392,5316.926449,0.109
6/4/2023 12:00,0.079907812,6070.336987,0.11
6/4/2023 13:00,0.165516857,8094.451266,0.116
6/4/2023 14:00,0.130824797,6076.417882,0.127
6/4/2023 15:00,0.061138082,14237.42381,0.148
6/4/2023 16:00,0.030727951,14703.1819,0.181
6/4/2023 17:00,0.002505043,12060.59819,0.244
6/4/2023 18:00,0,9515.991441,0.279
6/4/2023 19:00,0,13611.39756,0.294
6/4/2023 20:00,0,14364.54648,0.249
6/4/2023 21:00,0,17334.00107,0.213
6/4/2023 22:00,0,17413.97353,0.181
6/4/2023 23:00,0,13970.84814,0.163
6/5/2023 0:00,0,8948.790996,0.152
6/5/2023 1:00,0,6950.008566,0.143
6/5/2023 2:00,0,6481.139509,0.137
6/5/2023 3:00,0,8165.75988,0.137
6/5/2023 4:00,0,6256.637045,0.145
6/5/2023 5:00,0,4858.099007,0.172
6/5/2023 6:00,0.000502055,6091.439082,0.204
6/5/2023 7:00,0.069461737,6577.086026,0.185
6/5/2023 8:00,0.224409497,9690.032834,0.144
6/5/2023 9:00,0.207877757,12023.88806,0.123
6/5/2023 10:00,0.344458283,10334.92165,0.113
6/5/2023 11:00,0.320557707,9842.51621,0.109
6/5/2023 12:00,0.284464093,10801.70961,0.11
6/5/2023 13:00,0.332407347,12882.80538,0.116
6/5/2023 14:00,0.357633637,9808.885933,0.127
6/5/2023 15:00,0.244185113,12609.22142,0.148
6/5/2023 16:00,0.074324594,13703.99464,0.181
6/5/2023 17:00,0.009684225,10435.28407,0.244
6/5/2023 18:00,0,12981.86876,0.279
6/5/2023 19:00,0,12887.09355,0.294
6/5/2023 20:00,0,13943.72524,0.249
6/5/2023 21:00,0,14694.72972,0.213
6/5/2023 22:00,0,13115.28627,0.181
6/5/2023 23:00,0,11881.69358,0.163
6/6/2023 0:00,0,12636.21716,0.152
6/6/2023 1:00,0,10788.98832,0.143
6/6/2023 2:00,0,9199.232987,0.137
6/6/2023 3:00,0,2933.120841,0.137
6/6/2023 4:00,0,4741.560292,0.145
6/6/2023 5:00,0,5184.951354,0.172
6/6/2023 6:00,0.006383373,6281.60633,0.204
6/6/2023 7:00,0.066533333,6211.708579,0.185
6/6/2023 8:00,0.127015373,3172.017582,0.144
6/6/2023 9:00,0.145028213,2984.588815,0.123
6/6/2023 10:00,0.293827003,4370.576709,0.113
6/6/2023 11:00,0.519353233,7991.098459,0.109
6/6/2023 12:00,0.535320153,11051.69613,0.11
6/6/2023 13:00,0.485008313,12546.54883,0.116
6/6/2023 14:00,0.39693255,15255.44425,0.127
6/6/2023 15:00,0.180722113,18422.40759,0.148
6/6/2023 16:00,0.037831276,15659.94681,0.181
6/6/2023 17:00,0.010253094,15797.07178,0.244
6/6/2023 18:00,0,18981.93502,0.279
6/6/2023 19:00,0,17921.34842,0.294
6/6/2023 20:00,0,16042.11533,0.249
6/6/2023 21:00,0,11828.956,0.213
6/6/2023 22:00,0,11697.19343,0.181
6/6/2023 23:00,0,15359.88035,0.163
6/7/2023 0:00,0,15756.213,0.152
6/7/2023 1:00,0,16099.74233,0.143
6/7/2023 2:00,0,14345.44042,0.137
6/7/2023 3:00,0,14982.54613,0.137
6/7/2023 4:00,0,14082.32278,0.145
6/7/2023 5:00,0,11978.09834,0.172
6/7/2023 6:00,0.005121856,9538.375931,0.204
6/7/2023 7:00,0.082702463,12458.72117,0.185
6/7/2023 8:00,0.229325497,12030.54688,0.144
6/7/2023 9:00,0.378749067,12700.97826,0.123
6/7/2023 10:00,0.462260387,14963.19954,0.113
6/7/2023 11:00,0.520636977,13284.40305,0.109
6/7/2023 12:00,0.54099529,11730.37191,0.11
6/7/2023 13:00,0.487819607,10477.62241,0.116
6/7/2023 14:00,0.396212797,9105.188353,0.127
6/7/2023 15:00,0.259068843,9556.12771,0.148
6/7/2023 16:00,0.112665107,7691.942986,0.181
6/7/2023 17:00,0.013330082,8988.222614,0.244
6/7/2023 18:00,0,9530.830736,0.279
6/7/2023 19:00,0,7753.190924,0.294
6/7/2023 20:00,0,7727.226263,0.249
6/7/2023 21:00,0,7781.406953,0.213
6/7/2023 22:00,0,12097.19561,0.181
6/7/2023 23:00,0,11552.18885,0.163
6/8/2023 0:00,0,10753.36383,0.152
6/8/2023 1:00,0,4321.439813,0.143
6/8/2023 2:00,0,8857.750079,0.137
6/8/2023 3:00,0,7085.407636,0.137
6/8/2023 4:00,0,7351.814749,0.145
6/8/2023 5:00,0,6313.283414,0.172
6/8/2023 6:00,0.003905212,7887.64712,0.204
6/8/2023 7:00,0.077823028,8191.504873,0.185
6/8/2023 8:00,0.232047423,7783.489656,0.144
6/8/2023 9:00,0.38028163,10014.74861,0.123
6/8/2023 10:00,0.489285667,8148.678787,0.113
6/8/2023 11:00,0.541990693,6175.93074,0.109
6/8/2023 12:00,0.541150313,7008.763927,0.11
6/8/2023 13:00,0.493814807,6436.315419,0.116
6/8/2023 14:00,0.396058443,4329.731798,0.127
6/8/2023 15:00,0.257413203,3354.031231,0.148
6/8/2023 16:00,0.10882238,6683.649968,0.181
6/8/2023 17:00,0.010946312,8364.846633,0.244
6/8/2023 18:00,0,12101.1285,0.279
6/8/2023 19:00,0,17009.1763,0.294
6/8/2023 20:00,0,18859.11811,0.249
6/8/2023 21:00,0,19820.54237,0.213
6/8/2023 22:00,0,17377.89989,0.181
6/8/2023 23:00,0,15350.64911,0.163
6/9/2023 0:00,0,13966.59133,0.152
6/9/2023 1:00,0,13071.44845,0.143
6/9/2023 2:00,0,12869.69924,0.137
6/9/2023 3:00,0,8196.693467,0.137
6/9/2023 4:00,0,8507.796795,0.145
6/9/2023 5:00,0,12213.22647,0.172
6/9/2023 6:00,0.001946657,12591.33252,0.204
6/9/2023 7:00,0.052690186,12380.50514,0.185
6/9/2023 8:00,0.1934475,10365.55066,0.144
6/9/2023 9:00,0.265407273,12586.5695,0.123
6/9/2023 10:00,0.447521367,12390.17614,0.113
6/9/2023 11:00,0.443911553,17141.66668,0.109
6/9/2023 12:00,0.47373645,15327.17507,0.11
6/9/2023 13:00,0.51916165,15544.09815,0.116
6/9/2023 14:00,0.395881953,15325.94746,0.127
6/9/2023 15:00,0.192547973,15816.49934,0.148
6/9/2023 16:00,0.112846197,13520.37036,0.181
6/9/2023 17:00,0.009210158,12442.61365,0.244
6/9/2023 18:00,0,14274.10034,0.279
6/9/2023 19:00,0,11669.27646,0.294
6/9/2023 20:00,0,12485.76391,0.249
6/9/2023 21:00,0,9686.098396,0.213
6/9/2023 22:00,0,7327.803996,0.181
6/9/2023 23:00,0,8943.072157,0.163
6/10/2023 0:00,0,7406.916654,0.152
6/10/2023 1:00,0,6254.504956,0.143
6/10/2023 2:00,0,2684.107629,0.137
6/10/2023 3:00,0,9632.115911,0.137
6/10/2023 4:00,0,9257.148657,0.145
6/10/2023 5:00,0,9988.75911,0.172
6/10/2023 6:00,0.001572947,9116.720991,0.204
6/10/2023 7:00,0.071994768,8500.405497,0.185
6/10/2023 8:00,0.187094317,6419.480283,0.144
6/10/2023 9:00,0.12940854,7867.577573,0.123
6/10/2023 10:00,0.246578933,10401.41886,0.113
6/10/2023 11:00,0.42970767,12605.43986,0.109
6/10/2023 12:00,0.525411867,11628.82565,0.11
6/10/2023 13:00,0.47855993,15959.86477,0.116
6/10/2023 14:00,0.38165932,14907.31122,0.127
6/10/2023 15:00,0.24312371,15729.45011,0.148
6/10/2023 16:00,0.10289098,15095.99633,0.181
6/10/2023 17:00,0.011031178,16834.24303,0.244
6/10/2023 18:00,0,16962.55279,0.279
6/10/2023 19:00,0,13664.98407,0.294
6/10/2023 20:00,0,11614.73803,0.249
6/10/2023 21:00,0,11728.24439,0.213
6/10/2023 22:00,0,8682.737928,0.181
6/10/2023 23:00,0,8318.846289,0.163
6/11/2023 0:00,0,8067.375509,0.152
6/11/2023 1:00,0,7986.888163,0.143
6/11/2023 2:00,0,5074.470393,0.137
6/11/2023 3:00,0,7297.24366,0.137
6/11/2023 4:00,0,6586.880343,0.145
6/11/2023 5:00,0,7833.543163,0.172
6/11/2023 6:00,0.003557042,7612.558695,0.204
6/11/2023 7:00,0.048953715,6166.416398,0.185
6/11/2023 8:00,0.154316751,10755.21885,0.144
6/11/2023 9:00,0.250330997,15213.19814,0.123
6/11/2023 10:00,0.426583697,15219.65933,0.113
6/11/2023 11:00,0.52526355,14954.60143,0.109
6/11/2023 12:00,0.52495819,10849.8307,0.11
6/11/2023 13:00,0.47497589,10598.52021,0.116
6/11/2023 14:00,0.38077962,14499.55539,0.127
6/11/2023 15:00,0.24573239,16360.31657,0.148
6/11/2023 16:00,0.101166204,12746.43403,0.181
6/11/2023 17:00,0.009755036,12582.17449,0.244
6/11/2023 18:00,0,13451.52655,0.279
6/11/2023 19:00,0,9840.710556,0.294
6/11/2023 20:00,0,12083.34879,0.249
6/11/2023 21:00,0,11526.79646,0.213
6/11/2023 22:00,0,9053.155971,0.181
6/11/2023 23:00,0,8971.509053,0.163
6/12/2023 0:00,0,8645.18916,0.152
6/12/2023 1:00,0,9216.340495,0.143
6/12/2023 2:00,0,8774.051769,0.137
6/12/2023 3:00,0,11374.08972,0.137
6/12/2023 4:00,0,13391.17882,0.145
6/12/2023 5:00,0,14339.05727,0.172
6/12/2023 6:00,0.003667706,16279.74313,0.204
6/12/2023 7:00,0.043191951,13009.36967,0.185
6/12/2023 8:00,0.129605997,7664.627684,0.144
6/12/2023 9:00,0.28705197,5997.396116,0.123
6/12/2023 10:00,0.352493567,6653.606312,0.113
6/12/2023 11:00,0.48729258,5567.989865,0.109
6/12/2023 12:00,0.52080687,8088.940667,0.11
6/12/2023 13:00,0.47111494,13336.64757,0.116
6/12/2023 14:00,0.377669703,13756.3967,0.127
6/12/2023 15:00,0.241779923,12667.46334,0.148
6/12/2023 16:00,0.098820258,10033.8441,0.181
6/12/2023 17:00,0.007695245,10071.54287,0.244
6/12/2023 18:00,0,12607.33689,0.279
6/12/2023 19:00,0,13777.06657,0.294
6/12/2023 20:00,0,10236.09661,0.249
6/12/2023 21:00,0,10043.34793,0.213
6/12/2023 22:00,0,9859.888099,0.181
6/12/2023 23:00,0,11074.88889,0.163
6/13/2023 0:00,0,7517.133323,0.152
6/13/2023 1:00,0,3336.636782,0.143
6/13/2023 2:00,0,3506.400007,0.137
6/13/2023 3:00,0,1435.763069,0.137
6/13/2023 4:00,0,2086.064559,0.145
6/13/2023 5:00,0,8147.397009,0.172
6/13/2023 6:00,0.002390643,6807.431125,0.204
6/13/2023 7:00,0.069559239,6942.062709,0.185
6/13/2023 8:00,0.208794053,7261.194238,0.144
6/13/2023 9:00,0.34756408,9315.841392,0.123
6/13/2023 10:00,0.45262391,8896.663468,0.113
6/13/2023 11:00,0.483657597,7713.156723,0.109
6/13/2023 12:00,0.517195233,5841.955103,0.11
6/13/2023 13:00,0.467905907,6483.249053,0.116
6/13/2023 14:00,0.347702237,12795.68383,0.127
6/13/2023 15:00,0.233320513,11358.21716,0.148
6/13/2023 16:00,0.095988095,10889.78001,0.181
6/13/2023 17:00,0.00965503,14073.49225,0.244
6/13/2023 18:00,0,11834.38605,0.279
6/13/2023 19:00,0,11821.17566,0.294
6/13/2023 20:00,0,10455.66425,0.249
6/13/2023 21:00,0,8967.117695,0.213
6/13/2023 22:00,0,8372.892667,0.181
6/13/2023 23:00,0,7956.757344,0.163
6/14/2023 0:00,0,7830.179692,0.152
6/14/2023 1:00,0,5859.521182,0.143
6/14/2023 2:00,0,3510.521913,0.137
6/14/2023 3:00,0,3154.43886,0.137
6/14/2023 4:00,0,71.97834263,0.145
6/14/2023 5:00,0,2118.726222,0.172
6/14/2023 6:00,0.001203437,3152.99716,0.204
6/14/2023 7:00,0.013166903,2769.690962,0.185
6/14/2023 8:00,0.037680739,3955.035212,0.144
6/14/2023 9:00,0.086537719,6073.39094,0.123
6/14/2023 10:00,0.102597318,10542.41339,0.113
6/14/2023 11:00,0.041625196,10881.53609,0.109
6/14/2023 12:00,0.033815774,17656.68296,0.11
6/14/2023 13:00,0.041568639,17314.09677,0.116
6/14/2023 14:00,0.022814851,18307.73219,0.127
6/14/2023 15:00,0.032418325,19389.1925,0.148
6/14/2023 16:00,0.015877846,17446.68941,0.181
6/14/2023 17:00,0.002039726,15224.76839,0.244
6/14/2023 18:00,0,15968.3404,0.279
6/14/2023 19:00,0,16244.0078,0.294
6/14/2023 20:00,0,14928.05914,0.249
6/14/2023 21:00,0,16036.70458,0.213
6/14/2023 22:00,0,16548.16084,0.181
6/14/2023 23:00,0,16310.98134,0.163
6/15/2023 0:00,0,15084.91531,0.152
6/15/2023 1:00,0,14503.14531,0.143
6/15/2023 2:00,0,8601.880278,0.137
6/15/2023 3:00,0,7746.466017,0.137
6/15/2023 4:00,0,7668.339086,0.145
6/15/2023 5:00,0,7192.731922,0.172
6/15/2023 6:00,2.01E-05,5491.607811,0.204
6/15/2023 7:00,0.014869222,2907.681611,0.185
6/15/2023 8:00,0.026753294,3206.884146,0.144
6/15/2023 9:00,0.029303026,2591.173047,0.123
6/15/2023 10:00,0.06483137,3797.534372,0.113
6/15/2023 11:00,0.081554097,9621.239924,0.109
6/15/2023 12:00,0.084994339,14651.97637,0.11
6/15/2023 13:00,0.182739793,15207.28547,0.116
6/15/2023 14:00,0.110475893,17459.65665,0.127
6/15/2023 15:00,0.029431172,15289.88535,0.148
6/15/2023 16:00,0.020829483,14996.57356,0.181
6/15/2023 17:00,0.002025848,14253.07206,0.244
6/15/2023 18:00,0,9563.963678,0.279
6/15/2023 19:00,0,8193.328188,0.294
6/15/2023 20:00,0,9874.039044,0.249
6/15/2023 21:00,0,9635.901183,0.213
6/15/2023 22:00,0,10634.37476,0.181
6/15/2023 23:00,0,10806.2568,0.163
6/16/2023 0:00,0,8884.93733,0.152
6/16/2023 1:00,0,4265.944932,0.143
6/16/2023 2:00,0,4742.654098,0.137
6/16/2023 3:00,0,5373.448512,0.137
6/16/2023 4:00,0,5576.246257,0.145
6/16/2023 5:00,0,8795.380584,0.172
6/16/2023 6:00,0,9028.465183,0.204
6/16/2023 7:00,0.012603386,12424.10863,0.185
6/16/2023 8:00,0.033852985,11043.63158,0.144
6/16/2023 9:00,0.062431362,12843.6454,0.123
6/16/2023 10:00,0.04241244,15195.42146,0.113
6/16/2023 11:00,0.028546932,15057.02307,0.109
6/16/2023 12:00,0.025284458,15689.78568,0.11
6/16/2023 13:00,0.036175727,18878.39325,0.116
6/16/2023 14:00,0.094445974,16064.66083,0.127
6/16/2023 15:00,0.031053501,14029.80963,0.148
6/16/2023 16:00,0.026288403,17442.41733,0.181
6/16/2023 17:00,0.001461661,17107.67382,0.244
6/16/2023 18:00,0,17491.15782,0.279
6/16/2023 19:00,0,12725.02613,0.294
6/16/2023 20:00,0,9489.027906,0.249
6/16/2023 21:00,0,6209.641539,0.213
6/16/2023 22:00,0,10103.63804,0.181
6/16/2023 23:00,0,9816.28101,0.163
6/17/2023 0:00,0,10075.31824,0.152
6/17/2023 1:00,0,6268.989483,0.143
6/17/2023 2:00,0,11929.83726,0.137
6/17/2023 3:00,0,9105.669348,0.137
6/17/2023 4:00,0,6437.965839,0.145
6/17/2023 5:00,0,5420.395765,0.172
6/17/2023 6:00,0,4860.358291,0.204
6/17/2023 7:00,0.01582713,6207.656343,0.185
6/17/2023 8:00,0.072534477,5189.980154,0.144
6/17/2023 9:00,0.070416493,7838.91717,0.123
6/17/2023 10:00,0.113720318,4762.196869,0.113
6/17/2023 11:00,0.164022373,3811.391292,0.109
6/17/2023 12:00,0.24391849,6637.215333,0.11
6/17/2023 13:00,0.22076752,7474.774971,0.116
6/17/2023 14:00,0.281632767,7528.75246,0.127
6/17/2023 15:00,0.255206607,9478.39173,0.148
6/17/2023 16:00,0.09111673,10767.45361,0.181
6/17/2023 17:00,0.011784215,14869.92243,0.244
6/17/2023 18:00,0,14592.88692,0.279
6/17/2023 19:00,0,16801.48261,0.294
6/17/2023 20:00,0,19782.37415,0.249
6/17/2023 21:00,0,17859.55613,0.213
6/17/2023 22:00,0,17039.26059,0.181
6/17/2023 23:00,0,16969.56971,0.163
6/18/2023 0:00,0,14185.80434,0.152
6/18/2023 1:00,0,10588.27476,0.143
6/18/2023 2:00,0,8943.873076,0.137
6/18/2023 3:00,0,8453.770919,0.137
6/18/2023 4:00,0,10174.93359,0.145
6/18/2023 5:00,0,10302.80898,0.172
6/18/2023 6:00,0,9807.75706,0.204
6/18/2023 7:00,0.007189377,10912.52753,0.185
6/18/2023 8:00,0.010988709,8976.423912,0.144
6/18/2023 9:00,0.028245287,12927.1935,0.123
6/18/2023 10:00,0.035732235,14886.6871,0.113
6/18/2023 11:00,0.04628725,13375.20988,0.109
6/18/2023 12:00,0.038869566,12034.87,0.11
6/18/2023 13:00,0.048739125,14854.9327,0.116
6/18/2023 14:00,0.03638378,16067.64682,0.127
6/18/2023 15:00,0.030849142,13944.03439,0.148
6/18/2023 16:00,0.01147118,13407.2284,0.181
6/18/2023 17:00,0,12801.23211,0.244
6/18/2023 18:00,0,11406.72319,0.279
6/18/2023 19:00,0,14112.65701,0.294
6/18/2023 20:00,0,16706.56878,0.249
6/18/2023 21:00,0,16493.46292,0.213
6/18/2023 22:00,0,14505.33447,0.181
6/18/2023 23:00,0,11644.88248,0.163
6/19/2023 0:00,0,8473.032302,0.152
6/19/2023 1:00,0,7106.898387,0.143
6/19/2023 2:00,0,3938.772353,0.137
6/19/2023 3:00,0,5139.629875,0.137
6/19/2023 4:00,0,7835.927914,0.145
6/19/2023 5:00,0,9247.561057,0.172
6/19/2023 6:00,0,10662.19209,0.204
6/19/2023 7:00,0.000830087,8263.375839,0.185
6/19/2023 8:00,0.10104276,9854.309496,0.144
6/19/2023 9:00,0.271670797,13035.63852,0.123
6/19/2023 10:00,0.326395097,10909.04894,0.113
6/19/2023 11:00,0.41871774,8468.448907,0.109
6/19/2023 12:00,0.321689627,10861.78968,0.11
6/19/2023 13:00,0.22493048,12217.80114,0.116
6/19/2023 14:00,0.207711333,13333.69049,0.127
6/19/2023 15:00,0.217342173,16047.46701,0.148
6/19/2023 16:00,0.076902773,15356.68816,0.181
6/19/2023 17:00,0.005389218,18607.73077,0.244
6/19/2023 18:00,0,21752.59217,0.279
6/19/2023 19:00,0,16443.92495,0.294
6/19/2023 20:00,0,16080.03437,0.249
6/19/2023 21:00,0,14842.28976,0.213
6/19/2023 22:00,0,14246.45328,0.181
6/19/2023 23:00,0,13929.77859,0.163
6/20/2023 0:00,0,12820.17908,0.152
6/20/2023 1:00,0,9169.879582,0.143
6/20/2023 2:00,0,10874.05385,0.137
6/20/2023 3:00,0,11017.47372,0.137
6/20/2023 4:00,0,12703.19489,0.145
6/20/2023 5:00,0,7493.347833,0.172
6/20/2023 6:00,0.001917821,10650.80892,0.204
6/20/2023 7:00,0.038801675,6981.964983,0.185
6/20/2023 8:00,0.208748807,7583.671648,0.144
6/20/2023 9:00,0.393353303,8606.207884,0.123
6/20/2023 10:00,0.470932717,9136.851156,0.113
6/20/2023 11:00,0.491753,8889.168622,0.109
6/20/2023 12:00,0.505166367,12908.11836,0.11
6/20/2023 13:00,0.481531133,9232.932262,0.116
6/20/2023 14:00,0.333780103,12400.88969,0.127
6/20/2023 15:00,0.109577452,10673.79297,0.148
6/20/2023 16:00,0.060908314,13419.69009,0.181
6/20/2023 17:00,0.01006057,16264.91536,0.244
6/20/2023 18:00,0,19038.83211,0.279
6/20/2023 19:00,0,21395.09621,0.294
6/20/2023 20:00,0,21577.26543,0.249
6/20/2023 21:00,0,19324.78836,0.213
6/20/2023 22:00,0,18209.36598,0.181
6/20/2023 23:00,0,17730.51608,0.163
6/21/2023 0:00,0,15544.45977,0.152
6/21/2023 1:00,0,14156.54322,0.143
6/21/2023 2:00,0,15659.39598,0.137
6/21/2023 3:00,0,14887.66122,0.137
6/21/2023 4:00,0,13806.63097,0.145
6/21/2023 5:00,0,15751.67383,0.172
6/21/2023 6:00,0,13765.5084,0.204
6/21/2023 7:00,0.006481172,13857.03005,0.185
6/21/2023 8:00,0.045599903,11246.00856,0.144
6/21/2023 9:00,0.115074103,13981.43255,0.123
6/21/2023 10:00,0.187538767,13662.86677,0.113
6/21/2023 11:00,0.2100107,14761.54393,0.109
6/21/2023 12:00,0.152189118,12584.44223,0.11
6/21/2023 13:00,0.346490567,14211.1226,0.116
6/21/2023 14:00,0.350110873,16172.28229,0.127
6/21/2023 15:00,0.2060876,14286.15944,0.148
6/21/2023 16:00,0.071929335,14272.15316,0.181
6/21/2023 17:00,0.004510775,13106.31675,0.244
6/21/2023 18:00,0,12210.67258,0.279
6/21/2023 19:00,0,6063.175914,0.294
6/21/2023 20:00,0,8668.051857,0.249
6/21/2023 21:00,0,8769.922105,0.213
6/21/2023 22:00,0,6941.026049,0.181
6/21/2023 23:00,0,11639.50194,0.163
6/22/2023 0:00,0,10094.04876,0.152
6/22/2023 1:00,0,9140.944615,0.143
6/22/2023 2:00,0,5720.031433,0.137
6/22/2023 3:00,0,5852.108877,0.137
6/22/2023 4:00,0,13018.9861,0.145
6/22/2023 5:00,0,16306.62277,0.172
6/22/2023 6:00,0.0018791,17954.24729,0.204
6/22/2023 7:00,0.051012398,17566.0406,0.185
6/22/2023 8:00,0.20683385,13691.00722,0.144
6/22/2023 9:00,0.250171277,16592.39999,0.123
6/22/2023 10:00,0.33227237,16400.27849,0.113
6/22/2023 11:00,0.4759601,11372.71391,0.109
6/22/2023 12:00,0.50070699,10712.90811,0.11
6/22/2023 13:00,0.437673837,10728.98464,0.116
6/22/2023 14:00,0.363975213,10785.49153,0.127
6/22/2023 15:00,0.22569257,9499.886213,0.148
6/22/2023 16:00,0.078937251,8920.284474,0.181
6/22/2023 17:00,0.004957736,14415.47189,0.244
6/22/2023 18:00,0,13161.07343,0.279
6/22/2023 19:00,0,13868.07009,0.294
6/22/2023 20:00,0,12656.64517,0.249
6/22/2023 21:00,0,14438.01987,0.213
6/22/2023 22:00,0,13144.90238,0.181
6/22/2023 23:00,0,12161.50776,0.163
6/23/2023 0:00,0,13170.73777,0.152
6/23/2023 1:00,0,9965.743336,0.143
6/23/2023 2:00,0,10733.84879,0.137
6/23/2023 3:00,0,13314.13888,0.137
6/23/2023 4:00,0,16390.90163,0.145
6/23/2023 5:00,0,12495.80043,0.172
6/23/2023 6:00,9.67E-05,12778.30434,0.204
6/23/2023 7:00,0.033152502,9986.629526,0.185
6/23/2023 8:00,0.083420425,8910.604562,0.144
6/23/2023 9:00,0.151013487,11769.60552,0.123
6/23/2023 10:00,0.290440177,10177.93023,0.113
6/23/2023 11:00,0.248833723,12833.94214,0.109
6/23/2023 12:00,0.321721627,14551.18317,0.11
6/23/2023 13:00,0.399373277,19021.58276,0.116
6/23/2023 14:00,0.30162059,19353.04268,0.127
6/23/2023 15:00,0.164933903,16009.3504,0.148
6/23/2023 16:00,0.097976063,19290.46874,0.181
6/23/2023 17:00,0.007453945,19845.04666,0.244
6/23/2023 18:00,0,15658.58303,0.279
6/23/2023 19:00,0,18203.89348,0.294
6/23/2023 20:00,0,21854.81963,0.249
6/23/2023 21:00,0,19462.02779,0.213
6/23/2023 22:00,0,18531.95065,0.181
6/23/2023 23:00,0,16202.78101,0.163
6/24/2023 0:00,0,15025.38994,0.152
6/24/2023 1:00,0,16303.8561,0.143
6/24/2023 2:00,0,14222.95982,0.137
6/24/2023 3:00,0,10615.52012,0.137
6/24/2023 4:00,0,9300.162496,0.145
6/24/2023 5:00,0,7678.529765,0.172
6/24/2023 6:00,0.001679276,5955.453189,0.204
6/24/2023 7:00,0.062345004,6169.402125,0.185
6/24/2023 8:00,0.210118153,9514.396848,0.144
6/24/2023 9:00,0.365016787,8355.208375,0.123
6/24/2023 10:00,0.479656177,9295.892773,0.113
6/24/2023 11:00,0.54302995,8675.617858,0.109
6/24/2023 12:00,0.537300923,7651.425333,0.11
6/24/2023 13:00,0.491942893,11802.61259,0.116
6/24/2023 14:00,0.389294837,13894.85947,0.127
6/24/2023 15:00,0.244815493,14854.11793,0.148
6/24/2023 16:00,0.092939571,13522.05616,0.181
6/24/2023 17:00,0.007772058,11621.08359,0.244
6/24/2023 18:00,0,13163.14657,0.279
6/24/2023 19:00,0,11035.6898,0.294
6/24/2023 20:00,0,7446.818093,0.249
6/24/2023 21:00,0,8942.275042,0.213
6/24/2023 22:00,0,9446.83599,0.181
6/24/2023 23:00,0,8000.218978,0.163
6/25/2023 0:00,0,14404.83403,0.152
6/25/2023 1:00,0,12946.70696,0.143
6/25/2023 2:00,0,15534.10455,0.137
6/25/2023 3:00,0,15473.87494,0.137
6/25/2023 4:00,0,17921.55124,0.145
6/25/2023 5:00,0,16793.9267,0.172
6/25/2023 6:00,0.001212752,13867.98542,0.204
6/25/2023 7:00,0.059856463,12404.17612,0.185
6/25/2023 8:00,0.205905303,7822.539664,0.144
6/25/2023 9:00,0.35701141,9994.093391,0.123
6/25/2023 10:00,0.4592879,11327.08751,0.113
6/25/2023 11:00,0.513766353,12968.31528,0.109
6/25/2023 12:00,0.506578187,12296.06623,0.11
6/25/2023 13:00,0.46090712,9856.313858,0.116
6/25/2023 14:00,0.360622677,10312.4445,0.127
6/25/2023 15:00,0.226726977,10671.45692,0.148
6/25/2023 16:00,0.087465593,8193.539747,0.181
6/25/2023 17:00,0.007698158,5886.643371,0.244
6/25/2023 18:00,0,5101.301542,0.279
6/25/2023 19:00,0,3750.056253,0.294
6/25/2023 20:00,0,6154.930815,0.249
6/25/2023 21:00,0,6359.473555,0.213
6/25/2023 22:00,0,7564.01385,0.181
6/25/2023 23:00,0,10674.83048,0.163
6/26/2023 0:00,0,12489.9144,0.152
6/26/2023 1:00,0,10092.39899,0.143
6/26/2023 2:00,0,9126.079113,0.137
6/26/2023 3:00,0,4345.797528,0.137
6/26/2023 4:00,0,2733.360712,0.145
6/26/2023 5:00,0,3625.333741,0.172
6/26/2023 6:00,0.002558863,5031.383641,0.204
6/26/2023 7:00,0.054179437,4522.227329,0.185
6/26/2023 8:00,0.19122782,5916.348903,0.144
6/26/2023 9:00,0.343711243,12513.99445,0.123
6/26/2023 10:00,0.44573617,14688.95633,0.113
6/26/2023 11:00,0.496342893,15093.21664,0.109
6/26/2023 12:00,0.49354867,18409.25095,0.11
6/26/2023 13:00,0.448924247,11774.36033,0.116
6/26/2023 14:00,0.352396403,13258.12482,0.127
6/26/2023 15:00,0.21415408,12026.59015,0.148
6/26/2023 16:00,0.088183394,11965.57271,0.181
6/26/2023 17:00,0.007767491,13564.96785,0.244
6/26/2023 18:00,0,18522.49254,0.279
6/26/2023 19:00,0,19422.79465,0.294
6/26/2023 20:00,0,19179.09655,0.249
6/26/2023 21:00,0,13640.84159,0.213
6/26/2023 22:00,0,13203.83593,0.181
6/26/2023 23:00,0,12322.04335,0.163
6/27/2023 0:00,0,10888.72476,0.152
6/27/2023 1:00,0,5903.295629,0.143
6/27/2023 2:00,0,7833.929314,0.137
6/27/2023 3:00,0,4977.329494,0.137
6/27/2023 4:00,0,3130.054129,0.145
6/27/2023 5:00,0,5185.363163,0.172
6/27/2023 6:00,0.001328831,6247.001981,0.204
6/27/2023 7:00,0.058318898,5035.379271,0.185
6/27/2023 8:00,0.184567037,7746.250431,0.144
6/27/2023 9:00,0.329266847,11214.38114,0.123
6/27/2023 10:00,0.432458153,7140.063567,0.113
6/27/2023 11:00,0.47947253,10086.59464,0.109
6/27/2023 12:00,0.493812213,5936.832927,0.11
6/27/2023 13:00,0.451412727,5623.799098,0.116
6/27/2023 14:00,0.35770688,9403.025861,0.127
6/27/2023 15:00,0.224150317,12332.8104,0.148
6/27/2023 16:00,0.085137718,11630.88371,0.181
6/27/2023 17:00,0.0070109,14651.25208,0.244
6/27/2023 18:00,0,13726.80678,0.279
6/27/2023 19:00,0,14342.73685,0.294
6/27/2023 20:00,0,13052.94814,0.249
6/27/2023 21:00,0,12833.15365,0.213
6/27/2023 22:00,0,9864.006924,0.181
6/27/2023 23:00,0,8982.386571,0.163
6/28/2023 0:00,0,9562.598822,0.152
6/28/2023 1:00,0,6454.136218,0.143
6/28/2023 2:00,0,5551.777393,0.137
6/28/2023 3:00,0,6417.413376,0.137
6/28/2023 4:00,0,7290.866503,0.145
6/28/2023 5:00,0,6507.462253,0.172
6/28/2023 6:00,0.001115461,6774.888428,0.204
6/28/2023 7:00,0.054338954,6507.48637,0.185
6/28/2023 8:00,0.18620684,3878.177131,0.144
6/28/2023 9:00,0.313733497,8961.116942,0.123
6/28/2023 10:00,0.43085999,10317.00455,0.113
6/28/2023 11:00,0.488534527,9604.247661,0.109
6/28/2023 12:00,0.49355175,12215.25887,0.11
6/28/2023 13:00,0.45155017,13366.5106,0.116
6/28/2023 14:00,0.35967488,12650.75569,0.127
6/28/2023 15:00,0.22236239,16641.44591,0.148
6/28/2023 16:00,0.084288605,15170.6947,0.181
6/28/2023 17:00,0.00656979,15086.69216,0.244
6/28/2023 18:00,0,14701.71417,0.279
6/28/2023 19:00,0,16825.45273,0.294
6/28/2023 20:00,0,18207.86186,0.249
6/28/2023 21:00,0,17112.17223,0.213
6/28/2023 22:00,0,16480.95025,0.181
6/28/2023 23:00,0,15570.02063,0.163
6/29/2023 0:00,0,16007.20241,0.152
6/29/2023 1:00,0,10171.63056,0.143
6/29/2023 2:00,0,10253.5707,0.137
6/29/2023 3:00,0,12621.80023,0.137
6/29/2023 4:00,0,9529.296741,0.145
6/29/2023 5:00,0,8983.315864,0.172
6/29/2023 6:00,0.000346093,5337.627519,0.204
6/29/2023 7:00,0.048734374,5724.749614,0.185
6/29/2023 8:00,0.18427932,3792.977606,0.144
6/29/2023 9:00,0.32980597,6243.36142,0.123
6/29/2023 10:00,0.433060767,4282.760721,0.113
6/29/2023 11:00,0.490224293,5041.111506,0.109
6/29/2023 12:00,0.489803163,9100.224793,0.11
6/29/2023 13:00,0.443226663,12941.74692,0.116
6/29/2023 14:00,0.348794727,15357.07225,0.127
6/29/2023 15:00,0.217044793,15686.75437,0.148
6/29/2023 16:00,0.082860405,18950.84626,0.181
6/29/2023 17:00,0.006669724,16043.73373,0.244
6/29/2023 18:00,0,20174.23243,0.279
6/29/2023 19:00,0,18524.05181,0.294
6/29/2023 20:00,0,15603.25109,0.249
6/29/2023 21:00,0,15945.25589,0.213
6/29/2023 22:00,0,12142.93134,0.181
6/29/2023 23:00,0,8065.698969,0.163
6/30/2023 0:00,0,11475.83093,0.152
6/30/2023 1:00,0,5882.145225,0.143
6/30/2023 2:00,0,6941.886066,0.137
6/30/2023 3:00,0,3921.003446,0.137
6/30/2023 4:00,0,2194.455551,0.145
6/30/2023 5:00,0,4790.015808,0.172
6/30/2023 6:00,0.001260528,7252.061585,0.204
6/30/2023 7:00,0.061210321,6678.999693,0.185
6/30/2023 8:00,0.16394578,7109.802999,0.144
6/30/2023 9:00,0.305358617,7792.066371,0.123
6/30/2023 10:00,0.404520507,8988.461154,0.113
6/30/2023 11:00,0.463031987,10831.29869,0.109
6/30/2023 12:00,0.474827033,9207.585178,0.11
6/30/2023 13:00,0.436441607,14611.68087,0.116
6/30/2023 14:00,0.345690587,12581.91315,0.127
6/30/2023 15:00,0.212100193,10280.93201,0.148
6/30/2023 16:00,0.077850413,8656.446498,0.181
6/30/2023 17:00,0.006649448,9763.614445,0.244
6/30/2023 18:00,0,11059.8578,0.279
6/30/2023 19:00,0,9198.072946,0.294
6/30/2023 20:00,0,8312.268061,0.249
6/30/2023 21:00,0,7046.109471,0.213
6/30/2023 22:00,0,8353.699909,0.181
6/30/2023 23:00,0,6519.787382,0.163
7/1/2023 0:00,0,7736.412278,0.152
7/1/2023 1:00,0,5383.691093,0.143
7/1/2023 2:00,0,5321.361061,0.137
7/1/2023 3:00,0,6123.568577,0.137
7/1/2023 4:00,0,3046.07619,0.145
7/1/2023 5:00,0,5497.925015,0.172
7/1/2023 6:00,0.000872763,4740.610474,0.204
7/1/2023 7:00,0.049952751,4562.101239,0.185
7/1/2023 8:00,0.180762537,9340.300219,0.144
7/1/2023 9:00,0.326682723,7252.216045,0.123
7/1/2023 10:00,0.43599301,7640.070116,0.113
7/1/2023 11:00,0.486031287,12249.1512,0.109
7/1/2023 12:00,0.478908833,11273.15926,0.11
7/1/2023 13:00,0.38073967,11714.11344,0.116
7/1/2023 14:00,0.317592087,13429.62418,0.127
7/1/2023 15:00,0.1943138,11939.90913,0.148
7/1/2023 16:00,0.078674812,11942.91996,0.181
7/1/2023 17:00,0.008397365,17877.63614,0.244
7/1/2023 18:00,0,13966.67239,0.279
7/1/2023 19:00,0,9136.864141,0.294
7/1/2023 20:00,0,10438.507,0.249
7/1/2023 21:00,0,7355.402624,0.213
7/1/2023 22:00,0,9499.326188,0.181
7/1/2023 23:00,0,8951.136177,0.163
7/2/2023 0:00,0,11020.48714,0.152
7/2/2023 1:00,0,10962.37835,0.143
7/2/2023 2:00,0,8120.52825,0.137
7/2/2023 3:00,0,4762.01312,0.137
7/2/2023 4:00,0,5210.086859,0.145
7/2/2023 5:00,0,9978.229792,0.172
7/2/2023 6:00,0.000473119,12076.33101,0.204
7/2/2023 7:00,0.04791456,13271.99191,0.185
7/2/2023 8:00,0.175399177,15224.92472,0.144
7/2/2023 9:00,0.316651873,16125.88554,0.123
7/2/2023 10:00,0.420012393,15273.4289,0.113
7/2/2023 11:00,0.475887193,9871.724408,0.109
7/2/2023 12:00,0.47506229,6671.862785,0.11
7/2/2023 13:00,0.43095423,5946.860564,0.116
7/2/2023 14:00,0.340113023,10473.38801,0.127
7/2/2023 15:00,0.209326647,13722.03853,0.148
7/2/2023 16:00,0.082495108,17189.78183,0.181
7/2/2023 17:00,0.00758498,14599.47523,0.244
7/2/2023 18:00,0,15453.71755,0.279
7/2/2023 19:00,0,12428.38753,0.294
7/2/2023 20:00,0,12781.3877,0.249
7/2/2023 21:00,0,14854.64855,0.213
7/2/2023 22:00,0,15673.34191,0.181
7/2/2023 23:00,0,15019.56708,0.163
7/3/2023 0:00,0,14548.36148,0.152
7/3/2023 1:00,0,8860.779277,0.143
7/3/2023 2:00,0,8513.390678,0.137
7/3/2023 3:00,0,7365.080086,0.137
7/3/2023 4:00,0,9126.511684,0.145
7/3/2023 5:00,0,5853.367115,0.172
7/3/2023 6:00,0.00055977,9361.507909,0.204
7/3/2023 7:00,0.047681976,5149.007601,0.185
7/3/2023 8:00,0.173472573,5104.011593,0.144
7/3/2023 9:00,0.314800897,10902.18648,0.123
7/3/2023 10:00,0.417444917,11438.50909,0.113
7/3/2023 11:00,0.4678231,10707.69943,0.109
7/3/2023 12:00,0.465228833,13026.22602,0.11
7/3/2023 13:00,0.42416412,12661.78729,0.116
7/3/2023 14:00,0.33350823,19358.31562,0.127
7/3/2023 15:00,0.208189333,17838.34168,0.148
7/3/2023 16:00,0.082699111,16252.04011,0.181
7/3/2023 17:00,0.007161478,13416.66202,0.244
7/3/2023 18:00,0,14905.79582,0.279
7/3/2023 19:00,0,13464.13366,0.294
7/3/2023 20:00,0,11489.93955,0.249
7/3/2023 21:00,0,16577.54538,0.213
7/3/2023 22:00,0,13212.24548,0.181
7/3/2023 23:00,0,14290.52966,0.163
7/4/2023 0:00,0,15882.15167,0.152
7/4/2023 1:00,0,15444.20285,0.143
7/4/2023 2:00,0,14637.10946,0.137
7/4/2023 3:00,0,12294.00954,0.137
7/4/2023 4:00,0,13208.94196,0.145
7/4/2023 5:00,0,12154.88107,0.172
7/4/2023 6:00,0.000499943,11839.40525,0.204
7/4/2023 7:00,0.045755341,13000.16469,0.185
7/4/2023 8:00,0.166610997,12860.33127,0.144
7/4/2023 9:00,0.30376805,11471.62117,0.123
7/4/2023 10:00,0.40472497,9682.135694,0.113
7/4/2023 11:00,0.459540833,12588.50421,0.109
7/4/2023 12:00,0.456164837,15701.08155,0.11
7/4/2023 13:00,0.41318957,12858.98093,0.116
7/4/2023 14:00,0.32403533,11640.25663,0.127
7/4/2023 15:00,0.19857253,12315.44514,0.148
7/4/2023 16:00,0.07608822,10424.92769,0.181
7/4/2023 17:00,0.006658078,10332.95507,0.244
7/4/2023 18:00,0,8602.489879,0.279
7/4/2023 19:00,0,7829.414962,0.294
7/4/2023 20:00,0,9620.054089,0.249
7/4/2023 21:00,0,11821.96487,0.213
7/4/2023 22:00,0,13216.74352,0.181
7/4/2023 23:00,0,11045.41434,0.163
7/5/2023 0:00,0,12001.43422,0.152
7/5/2023 1:00,0,9714.007514,0.143
7/5/2023 2:00,0,10700.67467,0.137
7/5/2023 3:00,0,11819.51104,0.137
7/5/2023 4:00,0,7866.118889,0.145
7/5/2023 5:00,0,5642.202458,0.172
7/5/2023 6:00,0.000348932,6217.258159,0.204
7/5/2023 7:00,0.04417942,5038.049434,0.185
7/5/2023 8:00,0.163555593,4429.029409,0.144
7/5/2023 9:00,0.298820883,5113.820829,0.123
7/5/2023 10:00,0.402216547,8594.239173,0.113
7/5/2023 11:00,0.46285028,7323.089973,0.109
7/5/2023 12:00,0.469809733,9631.973467,0.11
7/5/2023 13:00,0.428278517,9706.978871,0.116
7/5/2023 14:00,0.337547357,10640.90428,0.127
7/5/2023 15:00,0.20108303,12537.66345,0.148
7/5/2023 16:00,0.067095651,14027.89896,0.181
7/5/2023 17:00,0.005230783,14788.02584,0.244
7/5/2023 18:00,0,13639.19838,0.279
7/5/2023 19:00,0,13449.30494,0.294
7/5/2023 20:00,0,11608.11638,0.249
7/5/2023 21:00,0,8640.391502,0.213
7/5/2023 22:00,0,8297.912227,0.181
7/5/2023 23:00,0,9886.967241,0.163
7/6/2023 0:00,0,11552.92887,0.152
7/6/2023 1:00,0,7278.850516,0.143
7/6/2023 2:00,0,5159.386009,0.137
7/6/2023 3:00,0,6748.663477,0.137
7/6/2023 4:00,0,7941.522029,0.145
7/6/2023 5:00,0,8249.063026,0.172
7/6/2023 6:00,2.01E-05,7698.883039,0.204
7/6/2023 7:00,0.015427061,4730.576428,0.185
7/6/2023 8:00,0.066038984,5768.629985,0.144
7/6/2023 9:00,0.086289283,5464.266647,0.123
7/6/2023 10:00,0.138293293,6857.773929,0.113
7/6/2023 11:00,0.201542717,7801.963411,0.109
7/6/2023 12:00,0.210929137,5596.206814,0.11
7/6/2023 13:00,0.304943007,9471.971081,0.116
7/6/2023 14:00,0.194609927,10240.08925,0.127
7/6/2023 15:00,0.123890003,11053.21662,0.148
7/6/2023 16:00,0.069160782,13693.1552,0.181
7/6/2023 17:00,0.008327336,10927.99761,0.244
7/6/2023 18:00,0,12385.2114,0.279
7/6/2023 19:00,0,10230.65579,0.294
7/6/2023 20:00,0,12624.73527,0.249
7/6/2023 21:00,0,12843.55691,0.213
7/6/2023 22:00,0,12996.38081,0.181
7/6/2023 23:00,0,9627.050239,0.163
7/7/2023 0:00,0,7693.453615,0.152
7/7/2023 1:00,0,7647.090465,0.143
7/7/2023 2:00,0,6351.128743,0.137
7/7/2023 3:00,0,10473.59192,0.137
7/7/2023 4:00,0,7535.79204,0.145
7/7/2023 5:00,0,9538.929365,0.172
7/7/2023 6:00,0,8964.551575,0.204
7/7/2023 7:00,0.019086891,5934.590724,0.185
7/7/2023 8:00,0.113860387,5434.398127,0.144
7/7/2023 9:00,0.170983557,7350.905673,0.123
7/7/2023 10:00,0.25121118,5579.113011,0.113
7/7/2023 11:00,0.278458003,3459.169028,0.109
7/7/2023 12:00,0.38308496,2942.994064,0.11
7/7/2023 13:00,0.28844125,6983.522169,0.116
7/7/2023 14:00,0.314526333,10085.66731,0.127
7/7/2023 15:00,0.186391163,11236.78714,0.148
7/7/2023 16:00,0.046911118,11359.76366,0.181
7/7/2023 17:00,0,9095.069352,0.244
7/7/2023 18:00,0,6988.83927,0.279
7/7/2023 19:00,0,12057.31662,0.294
7/7/2023 20:00,0,16046.00413,0.249
7/7/2023 21:00,0,13553.34037,0.213
7/7/2023 22:00,0,14082.44407,0.181
7/7/2023 23:00,0,16269.76664,0.163
7/8/2023 0:00,0,13729.45198,0.152
7/8/2023 1:00,0,14841.76446,0.143
7/8/2023 2:00,0,17652.25896,0.137
7/8/2023 3:00,0,15898.58341,0.137
7/8/2023 4:00,0,12763.4278,0.145
7/8/2023 5:00,0,10427.25873,0.172
7/8/2023 6:00,0,5689.965726,0.204
7/8/2023 7:00,0.003352725,6129.285313,0.185
7/8/2023 8:00,0.038914977,8865.875905,0.144
7/8/2023 9:00,0.12218294,13634.59319,0.123
7/8/2023 10:00,0.16850393,14167.38111,0.113
7/8/2023 11:00,0.171800151,13005.04974,0.109
7/8/2023 12:00,0.282656187,14784.80226,0.11
7/8/2023 13:00,0.23739755,13682.53962,0.116
7/8/2023 14:00,0.20081194,15003.1258,0.127
7/8/2023 15:00,0.125086527,12171.15235,0.148
7/8/2023 16:00,0.035869325,13696.76278,0.181
7/8/2023 17:00,0.008220387,16526.57914,0.244
7/8/2023 18:00,0,22898.53543,0.279
7/8/2023 19:00,0,21366.13289,0.294
7/8/2023 20:00,0,21538.14439,0.249
7/8/2023 21:00,0,20373.88919,0.213
7/8/2023 22:00,0,15225.93645,0.181
7/8/2023 23:00,0,16786.61307,0.163
7/9/2023 0:00,0,15855.52249,0.152
7/9/2023 1:00,0,12840.60943,0.143
7/9/2023 2:00,0,15268.5856,0.137
7/9/2023 3:00,0,17370.64228,0.137
7/9/2023 4:00,0,11737.77402,0.145
7/9/2023 5:00,0,11057.07244,0.172
7/9/2023 6:00,5.03E-06,10269.76374,0.204
7/9/2023 7:00,0.02085101,6573.070152,0.185
7/9/2023 8:00,0.10596525,8172.492248,0.144
7/9/2023 9:00,0.203063053,8060.154114,0.123
7/9/2023 10:00,0.216071063,10635.21694,0.113
7/9/2023 11:00,0.202705483,11435.07314,0.109
7/9/2023 12:00,0.153309167,11993.03056,0.11
7/9/2023 13:00,0.175483523,10111.3271,0.116
7/9/2023 14:00,0.168418833,9265.613003,0.127
7/9/2023 15:00,0.114045873,12822.19477,0.148
7/9/2023 16:00,0.073960326,14914.07476,0.181
7/9/2023 17:00,0.006882435,16749.81611,0.244
7/9/2023 18:00,0,14830.01084,0.279
7/9/2023 19:00,0,12928.57518,0.294
7/9/2023 20:00,0,15745.11548,0.249
7/9/2023 21:00,0,18356.41025,0.213
7/9/2023 22:00,0,12975.43934,0.181
7/9/2023 23:00,0,11605.53448,0.163
7/10/2023 0:00,0,8331.63057,0.152
7/10/2023 1:00,0,3595.230126,0.143
7/10/2023 2:00,0,2463.770032,0.137
7/10/2023 3:00,0,4505.669761,0.137
7/10/2023 4:00,0,3853.88598,0.145
7/10/2023 5:00,0,6303.849963,0.172
7/10/2023 6:00,0,10213.21752,0.204
7/10/2023 7:00,0.009726667,13977.12138,0.185
7/10/2023 8:00,0.058682955,14819.38618,0.144
7/10/2023 9:00,0.119646515,14079.96683,0.123
7/10/2023 10:00,0.178641773,16859.27002,0.113
7/10/2023 11:00,0.299584667,16140.71314,0.109
7/10/2023 12:00,0.366408523,17442.53783,0.11
7/10/2023 13:00,0.322238643,19469.85804,0.116
7/10/2023 14:00,0.23622781,17897.62111,0.127
7/10/2023 15:00,0.126318143,16276.42535,0.148
7/10/2023 16:00,0.059659453,13136.66688,0.181
7/10/2023 17:00,0.008783998,12862.64624,0.244
7/10/2023 18:00,0,12394.50846,0.279
7/10/2023 19:00,0,10767.26745,0.294
7/10/2023 20:00,0,9865.302844,0.249
7/10/2023 21:00,0,10875.51294,0.213
7/10/2023 22:00,0,8200.420308,0.181
7/10/2023 23:00,0,8988.698467,0.163
7/11/2023 0:00,0,8206.129704,0.152
7/11/2023 1:00,0,6804.520694,0.143
7/11/2023 2:00,0,3416.977197,0.137
7/11/2023 3:00,0,4841.578009,0.137
7/11/2023 4:00,0,5405.797362,0.145
7/11/2023 5:00,0,2579.628732,0.172
7/11/2023 6:00,0,1538.489684,0.204
7/11/2023 7:00,0.00431799,2213.105567,0.185
7/11/2023 8:00,0.04582561,5857.159791,0.144
7/11/2023 9:00,0.14417606,10419.38432,0.123
7/11/2023 10:00,0.247160327,8903.779234,0.113
7/11/2023 11:00,0.279936063,14826.82237,0.109
7/11/2023 12:00,0.40889293,12844.40668,0.11
7/11/2023 13:00,0.267245,10015.18483,0.116
7/11/2023 14:00,0.127401427,12376.51663,0.127
7/11/2023 15:00,0.126019827,11090.32923,0.148
7/11/2023 16:00,0.05150025,9426.591307,0.181
7/11/2023 17:00,0.004084859,11385.45953,0.244
7/11/2023 18:00,0,11673.53586,0.279
7/11/2023 19:00,0,11196.99218,0.294
7/11/2023 20:00,0,13752.26836,0.249
7/11/2023 21:00,0,16277.13774,0.213
7/11/2023 22:00,0,15362.29638,0.181
7/11/2023 23:00,0,13246.89002,0.163
7/12/2023 0:00,0,12502.74095,0.152
7/12/2023 1:00,0,9130.729633,0.143
7/12/2023 2:00,0,10700.53025,0.137
7/12/2023 3:00,0,8323.711444,0.137
7/12/2023 4:00,0,6665.527609,0.145
7/12/2023 5:00,0,6613.095639,0.172
7/12/2023 6:00,3.02E-05,6080.320605,0.204
7/12/2023 7:00,0.022563735,5628.559791,0.185
7/12/2023 8:00,0.10109073,5369.115218,0.144
7/12/2023 9:00,0.192665503,6599.406388,0.123
7/12/2023 10:00,0.261389457,5476.917319,0.113
7/12/2023 11:00,0.29945601,5578.489716,0.109
7/12/2023 12:00,0.327236323,7776.125375,0.11
7/12/2023 13:00,0.274377493,8703.862418,0.116
7/12/2023 14:00,0.162595923,9882.024214,0.127
7/12/2023 15:00,0.083187603,11866.30769,0.148
7/12/2023 16:00,0.041542172,11865.82973,0.181
7/12/2023 17:00,0.005390108,11495.11374,0.244
7/12/2023 18:00,0,16287.57926,0.279
7/12/2023 19:00,0,16033.30154,0.294
7/12/2023 20:00,0,14179.78329,0.249
7/12/2023 21:00,0,15529.2118,0.213
7/12/2023 22:00,0,14135.24762,0.181
7/12/2023 23:00,0,15250.01683,0.163
7/13/2023 0:00,0,13983.16612,0.152
7/13/2023 1:00,0,9790.903033,0.143
7/13/2023 2:00,0,12048.80445,0.137
7/13/2023 3:00,0,10690.61849,0.137
7/13/2023 4:00,0,14023.50285,0.145
7/13/2023 5:00,0,10746.42772,0.172
7/13/2023 6:00,0,9950.527917,0.204
7/13/2023 7:00,0.004033815,11328.18954,0.185
7/13/2023 8:00,0.031520036,11551.15187,0.144
7/13/2023 9:00,0.050648225,10326.99711,0.123
7/13/2023 10:00,0.04911097,13252.5327,0.113
7/13/2023 11:00,0.079978443,12240.3038,0.109
7/13/2023 12:00,0.101270173,17207.69865,0.11
7/13/2023 13:00,0.10713145,12101.74276,0.116
7/13/2023 14:00,0.12189048,15967.68635,0.127
7/13/2023 15:00,0.110254667,19851.61997,0.148
7/13/2023 16:00,0.076836083,15332.47155,0.181
7/13/2023 17:00,0.004208405,12845.17755,0.244
7/13/2023 18:00,0,11537.3018,0.279
7/13/2023 19:00,0,10397.30354,0.294
7/13/2023 20:00,0,9313.345609,0.249
7/13/2023 21:00,0,10860.78315,0.213
7/13/2023 22:00,0,8289.505427,0.181
7/13/2023 23:00,0,7590.145397,0.163
7/14/2023 0:00,0,8873.199575,0.152
7/14/2023 1:00,0,9791.129372,0.143
7/14/2023 2:00,0,9275.317631,0.137
7/14/2023 3:00,0,10900.84381,0.137
7/14/2023 4:00,0,15351.77198,0.145
7/14/2023 5:00,0,15723.22974,0.172
7/14/2023 6:00,7.71E-05,10265.33859,0.204
7/14/2023 7:00,0.024765598,15057.25441,0.185
7/14/2023 8:00,0.104806857,12459.79077,0.144
7/14/2023 9:00,0.204372287,14018.06371,0.123
7/14/2023 10:00,0.273164383,14774.78052,0.113
7/14/2023 11:00,0.31025678,12812.97236,0.109
7/14/2023 12:00,0.318657647,11052.57148,0.11
7/14/2023 13:00,0.293247847,12205.88394,0.116
7/14/2023 14:00,0.225295957,10895.3213,0.127
7/14/2023 15:00,0.13774016,10390.15654,0.148
7/14/2023 16:00,0.056145643,7875.335412,0.181
7/14/2023 17:00,0.004687899,6038.669872,0.244
7/14/2023 18:00,0,7479.640533,0.279
7/14/2023 19:00,0,4602.57031,0.294
7/14/2023 20:00,0,6033.125577,0.249
7/14/2023 21:00,0,6159.55426,0.213
7/14/2023 22:00,0,4783.983494,0.181
7/14/2023 23:00,0,9000.024095,0.163
7/15/2023 0:00,0,2680.448614,0.152
7/15/2023 1:00,0,1659.570188,0.143
7/15/2023 2:00,0,4287.553644,0.137
7/15/2023 3:00,0,8892.047109,0.137
7/15/2023 4:00,0,5816.466164,0.145
7/15/2023 5:00,0,7729.076391,0.172
7/15/2023 6:00,0,9306.063579,0.204
7/15/2023 7:00,0.017073801,11310.29363,0.185
7/15/2023 8:00,0.09609502,12352.27776,0.144
7/15/2023 9:00,0.185994507,10507.9253,0.123
7/15/2023 10:00,0.25712064,7654.754852,0.113
7/15/2023 11:00,0.28687226,11213.5073,0.109
7/15/2023 12:00,0.264179607,14464.16999,0.11
7/15/2023 13:00,0.28058758,14916.46719,0.116
7/15/2023 14:00,0.187646353,16484.38061,0.127
7/15/2023 15:00,0.05938466,15365.98381,0.148
7/15/2023 16:00,0.034303017,14094.44844,0.181
7/15/2023 17:00,0.00464416,12361.46228,0.244
7/15/2023 18:00,0,15483.3334,0.279
7/15/2023 19:00,0,11983.06656,0.294
7/15/2023 20:00,0,11132.99747,0.249
7/15/2023 21:00,0,8961.708836,0.213
7/15/2023 22:00,0,14041.9516,0.181
7/15/2023 23:00,0,12627.85717,0.163
7/16/2023 0:00,0,11480.11254,0.152
7/16/2023 1:00,0,4914.148012,0.143
7/16/2023 2:00,0,3520.88927,0.137
7/16/2023 3:00,0,3183.635771,0.137
7/16/2023 4:00,0,0,0.145
7/16/2023 5:00,0,0,0.172
7/16/2023 6:00,0,3898.63963,0.204
7/16/2023 7:00,0.013579383,3540.068846,0.185
7/16/2023 8:00,0.038207912,2103.802016,0.144
7/16/2023 9:00,0.102183447,5117.101135,0.123
7/16/2023 10:00,0.09566295,5402.687369,0.113
7/16/2023 11:00,0.10190689,10779.07467,0.109
7/16/2023 12:00,0.1323453,8094.838993,0.11
7/16/2023 13:00,0.09355826,9512.112131,0.116
7/16/2023 14:00,0.065490113,11295.66997,0.127
7/16/2023 15:00,0.067224649,12130.58267,0.148
7/16/2023 16:00,0.021488282,11243.84921,0.181
7/16/2023 17:00,0.001405659,10674.66175,0.244
7/16/2023 18:00,0,7704.424107,0.279
7/16/2023 19:00,0,10730.61709,0.294
7/16/2023 20:00,0,8218.458692,0.249
7/16/2023 21:00,0,13904.13352,0.213
7/16/2023 22:00,0,11007.40405,0.181
7/16/2023 23:00,0,10688.64221,0.163
7/17/2023 0:00,0,12419.82757,0.152
7/17/2023 1:00,0,12428.35149,0.143
7/17/2023 2:00,0,11503.67802,0.137
7/17/2023 3:00,0,12760.71283,0.137
7/17/2023 4:00,0,11122.67315,0.145
7/17/2023 5:00,0,14691.26691,0.172
7/17/2023 6:00,1.01E-05,17687.57111,0.204
7/17/2023 7:00,0.02571361,14903.47832,0.185
7/17/2023 8:00,0.093649947,15501.72592,0.144
7/17/2023 9:00,0.17208595,15957.84903,0.123
7/17/2023 10:00,0.184677717,17687.41077,0.113
7/17/2023 11:00,0.267523047,15232.37629,0.109
7/17/2023 12:00,0.381120567,13418.1439,0.11
7/17/2023 13:00,0.285892887,15421.69809,0.116
7/17/2023 14:00,0.185196897,16219.82325,0.127
7/17/2023 15:00,0.08989348,11454.38974,0.148
7/17/2023 16:00,0.040178737,12173.00799,0.181
7/17/2023 17:00,0.00261475,11812.24381,0.244
7/17/2023 18:00,0,10257.14332,0.279
7/17/2023 19:00,0,12971.68779,0.294
7/17/2023 20:00,0,14236.42919,0.249
7/17/2023 21:00,0,12674.17142,0.213
7/17/2023 22:00,0,12903.7358,0.181
7/17/2023 23:00,0,13048.13756,0.163
7/18/2023 0:00,0,8811.222548,0.152
7/18/2023 1:00,0,7174.601557,0.143
7/18/2023 2:00,0,6755.790096,0.137
7/18/2023 3:00,0,8268.355054,0.137
7/18/2023 4:00,0,11570.6962,0.145
7/18/2023 5:00,0,8888.349517,0.172
7/18/2023 6:00,0,4969.567319,0.204
7/18/2023 7:00,0.017430468,1327.675422,0.185
7/18/2023 8:00,0.079317489,1767.364303,0.144
7/18/2023 9:00,0.142065073,356.2870674,0.123
7/18/2023 10:00,0.197431463,4609.992994,0.113
7/18/2023 11:00,0.243745777,5532.889918,0.109
7/18/2023 12:00,0.258745503,1769.763812,0.11
7/18/2023 13:00,0.228570057,2352.567911,0.116
7/18/2023 14:00,0.155104717,7361.059992,0.127
7/18/2023 15:00,0.093714637,9540.2285,0.148
7/18/2023 16:00,0.029615457,11631.71229,0.181
7/18/2023 17:00,0.003925097,13172.86165,0.244
7/18/2023 18:00,0,13356.25886,0.279
7/18/2023 19:00,0,11866.13144,0.294
7/18/2023 20:00,0,12698.64268,0.249
7/18/2023 21:00,0,10853.48218,0.213
7/18/2023 22:00,0,9644.643171,0.181
7/18/2023 23:00,0,9246.378439,0.163
7/19/2023 0:00,0,9640.320265,0.152
7/19/2023 1:00,0,10995.77432,0.143
7/19/2023 2:00,0,11238.73542,0.137
7/19/2023 3:00,0,13685.31547,0.137
7/19/2023 4:00,0,15509.11417,0.145
7/19/2023 5:00,0,10806.80096,0.172
7/19/2023 6:00,0,12348.42202,0.204
7/19/2023 7:00,0.021864638,15900.3482,0.185
7/19/2023 8:00,0.095634707,15862.01635,0.144
7/19/2023 9:00,0.19579542,19696.02847,0.123
7/19/2023 10:00,0.279088243,17238.0483,0.113
7/19/2023 11:00,0.325482933,17246.73544,0.109
7/19/2023 12:00,0.340727357,13755.77752,0.11
7/19/2023 13:00,0.29756739,13094.30075,0.116
7/19/2023 14:00,0.2152626,12638.32996,0.127
7/19/2023 15:00,0.143414983,10368.31765,0.148
7/19/2023 16:00,0.060959777,13042.89648,0.181
7/19/2023 17:00,0.005195962,15543.27243,0.244
7/19/2023 18:00,0,17082.17779,0.279
7/19/2023 19:00,0,17473.58256,0.294
7/19/2023 20:00,0,16583.2814,0.249
7/19/2023 21:00,0,17852.11328,0.213
7/19/2023 22:00,0,21791.74103,0.181
7/19/2023 23:00,0,14983.25627,0.163
7/20/2023 0:00,0,11309.84279,0.152
7/20/2023 1:00,0,6281.924054,0.143
7/20/2023 2:00,0,9846.1109,0.137
7/20/2023 3:00,0,12483.39886,0.137
7/20/2023 4:00,0,8936.865438,0.145
7/20/2023 5:00,0,5771.386091,0.172
7/20/2023 6:00,0,4389.293589,0.204
7/20/2023 7:00,0,4049.459939,0.185
7/20/2023 8:00,0.008241688,8141.169324,0.144
7/20/2023 9:00,0.017578764,8479.714349,0.123
7/20/2023 10:00,0.045715813,10494.12833,0.113
7/20/2023 11:00,0.09262145,9512.294683,0.109
7/20/2023 12:00,0.072573222,12176.11812,0.11
7/20/2023 13:00,0.056655627,10059.8542,0.116
7/20/2023 14:00,0.06084784,10906.02018,0.127
7/20/2023 15:00,0.043535443,10618.77538,0.148
7/20/2023 16:00,0.028091267,12559.46161,0.181
7/20/2023 17:00,0.000256761,13600.79939,0.244
7/20/2023 18:00,0,13236.876,0.279
7/20/2023 19:00,0,10902.24301,0.294
7/20/2023 20:00,0,11420.16002,0.249
7/20/2023 21:00,0,11870.14563,0.213
7/20/2023 22:00,0,10975.10713,0.181
7/20/2023 23:00,0,12396.86825,0.163
7/21/2023 0:00,0,12379.37718,0.152
7/21/2023 1:00,0,14409.53201,0.143
7/21/2023 2:00,0,13402.65611,0.137
7/21/2023 3:00,0,13784.6566,0.137
7/21/2023 4:00,0,11187.32557,0.145
7/21/2023 5:00,0,12236.83392,0.172
7/21/2023 6:00,0,8847.156113,0.204
7/21/2023 7:00,0.011128773,10333.84573,0.185
7/21/2023 8:00,0.047148485,9599.115195,0.144
7/21/2023 9:00,0.068044507,7785.470281,0.123
7/21/2023 10:00,0.045682239,7172.331049,0.113
7/21/2023 11:00,0.169684047,6503.514456,0.109
7/21/2023 12:00,0.154405257,7977.704454,0.11
7/21/2023 13:00,0.15560819,5832.764306,0.116
7/21/2023 14:00,0.091970453,6211.529687,0.127
7/21/2023 15:00,0.072889208,5297.310231,0.148
7/21/2023 16:00,0.024523696,7686.895875,0.181
7/21/2023 17:00,0.000464299,6357.639576,0.244
7/21/2023 18:00,0,9236.346835,0.279
7/21/2023 19:00,0,11521.10369,0.294
7/21/2023 20:00,0,12620.02323,0.249
7/21/2023 21:00,0,9795.672052,0.213
7/21/2023 22:00,0,12117.22783,0.181
7/21/2023 23:00,0,9439.620606,0.163
7/22/2023 0:00,0,14300.50416,0.152
7/22/2023 1:00,0,9403.515781,0.143
7/22/2023 2:00,0,11217.60163,0.137
7/22/2023 3:00,0,12464.28857,0.137
7/22/2023 4:00,0,9901.107824,0.145
7/22/2023 5:00,0,8859.318897,0.172
7/22/2023 6:00,0,11321.46793,0.204
7/22/2023 7:00,0.013899106,14105.38516,0.185
7/22/2023 8:00,0.08984789,13423.71632,0.144
7/22/2023 9:00,0.199522267,12241.67095,0.123
7/22/2023 10:00,0.251206007,11986.34682,0.113
7/22/2023 11:00,0.305877907,10765.33089,0.109
7/22/2023 12:00,0.325296677,14323.18231,0.11
7/22/2023 13:00,0.329487917,16470.40036,0.116
7/22/2023 14:00,0.2497664,15719.03287,0.127
7/22/2023 15:00,0.166851237,16270.39326,0.148
7/22/2023 16:00,0.08140419,17647.62732,0.181
7/22/2023 17:00,0.006149451,16454.23728,0.244
7/22/2023 18:00,0,12970.89917,0.279
7/22/2023 19:00,0,11183.77925,0.294
7/22/2023 20:00,0,10592.67577,0.249
7/22/2023 21:00,0,8420.840032,0.213
7/22/2023 22:00,0,10220.62927,0.181
7/22/2023 23:00,0,10522.95247,0.163
7/23/2023 0:00,0,10135.69068,0.152
7/23/2023 1:00,0,6514.575671,0.143
7/23/2023 2:00,0,7652.117682,0.137
7/23/2023 3:00,0,7105.852245,0.137
7/23/2023 4:00,0,9297.607848,0.145
7/23/2023 5:00,0,10850.57129,0.172
7/23/2023 6:00,0,6186.455434,0.204
7/23/2023 7:00,0.010175565,8226.258383,0.185
7/23/2023 8:00,0.091990827,8521.452858,0.144
7/23/2023 9:00,0.10482328,10045.52225,0.123
7/23/2023 10:00,0.282244133,11136.71656,0.113
7/23/2023 11:00,0.24401014,14187.7159,0.109
7/23/2023 12:00,0.35391375,17622.05349,0.11
7/23/2023 13:00,0.240120173,18250.40845,0.116
7/23/2023 14:00,0.10162051,17141.2236,0.127
7/23/2023 15:00,0.047173923,14113.47448,0.148
7/23/2023 16:00,0.016101135,13431.03214,0.181
7/23/2023 17:00,0.001183004,17450.39539,0.244
7/23/2023 18:00,0,17308.20495,0.279
7/23/2023 19:00,0,16394.25375,0.294
7/23/2023 20:00,0,13768.83284,0.249
7/23/2023 21:00,0,13876.90118,0.213
7/23/2023 22:00,0,12168.36012,0.181
7/23/2023 23:00,0,11481.70552,0.163
7/24/2023 0:00,0,11745.20774,0.152
7/24/2023 1:00,0,8597.976529,0.143
7/24/2023 2:00,0,8301.547357,0.137
7/24/2023 3:00,0,7103.15407,0.137
7/24/2023 4:00,0,6364.222895,0.145
7/24/2023 5:00,0,10531.74443,0.172
7/24/2023 6:00,0,9319.832082,0.204
7/24/2023 7:00,0.006793591,9796.576512,0.185
7/24/2023 8:00,0.03472012,9064.611872,0.144
7/24/2023 9:00,0.058708168,7020.490567,0.123
7/24/2023 10:00,0.122916887,5363.928428,0.113
7/24/2023 11:00,0.19024952,4592.372655,0.109
7/24/2023 12:00,0.164168297,4205.781106,0.11
7/24/2023 13:00,0.1331792,6583.303906,0.116
7/24/2023 14:00,0.089812927,11194.05415,0.127
7/24/2023 15:00,0.051764092,13506.88177,0.148
7/24/2023 16:00,0.020513557,15151.46602,0.181
7/24/2023 17:00,0.00100468,11332.40184,0.244
7/24/2023 18:00,0,11985.25433,0.279
7/24/2023 19:00,0,12400.01652,0.294
7/24/2023 20:00,0,12341.19568,0.249
7/24/2023 21:00,0,11931.93532,0.213
7/24/2023 22:00,0,12390.30451,0.181
7/24/2023 23:00,0,13144.12498,0.163
7/25/2023 0:00,0,13585.48962,0.152
7/25/2023 1:00,0,7852.77494,0.143
7/25/2023 2:00,0,5994.166552,0.137
7/25/2023 3:00,0,10816.90976,0.137
7/25/2023 4:00,0,12147.30954,0.145
7/25/2023 5:00,0,10032.35361,0.172
7/25/2023 6:00,0,11300.34312,0.204
7/25/2023 7:00,0.006381221,11141.32216,0.185
7/25/2023 8:00,0.036135421,11793.96959,0.144
7/25/2023 9:00,0.042251339,14437.32971,0.123
7/25/2023 10:00,0.063204227,12916.37344,0.113
7/25/2023 11:00,0.050608796,16015.25452,0.109
7/25/2023 12:00,0.051377207,15075.24002,0.11
7/25/2023 13:00,0.042453131,13311.96927,0.116
7/25/2023 14:00,0.033697541,13295.358,0.127
7/25/2023 15:00,0.020139126,13207.42167,0.148
7/25/2023 16:00,0.017834464,13165.66927,0.181
7/25/2023 17:00,8.35E-05,12573.44913,0.244
7/25/2023 18:00,0,11480.69746,0.279
7/25/2023 19:00,0,9392.876921,0.294
7/25/2023 20:00,0,10793.27616,0.249
7/25/2023 21:00,0,13677.14204,0.213
7/25/2023 22:00,0,10190.35855,0.181
7/25/2023 23:00,0,9252.488221,0.163
7/26/2023 0:00,0,13545.14001,0.152
7/26/2023 1:00,0,8434.204651,0.143
7/26/2023 2:00,0,5073.93385,0.137
7/26/2023 3:00,0,3321.44218,0.137
7/26/2023 4:00,0,7852.025689,0.145
7/26/2023 5:00,0,4480.462101,0.172
7/26/2023 6:00,0,6938.156795,0.204
7/26/2023 7:00,0.007096056,5992.785218,0.185
7/26/2023 8:00,0.042637228,5699.367285,0.144
7/26/2023 9:00,0.067713203,10320.00036,0.123
7/26/2023 10:00,0.099439847,13183.17146,0.113
7/26/2023 11:00,0.15302595,13969.5807,0.109
7/26/2023 12:00,0.165144987,12897.60658,0.11
7/26/2023 13:00,0.25610573,14648.24315,0.116
7/26/2023 14:00,0.219288377,8428.677797,0.127
7/26/2023 15:00,0.161387027,11841.84579,0.148
7/26/2023 16:00,0.066817321,10414.9446,0.181
7/26/2023 17:00,0.007151398,13907.94167,0.244
7/26/2023 18:00,0,13082.77503,0.279
7/26/2023 19:00,0,13475.92785,0.294
7/26/2023 20:00,0,10568.27679,0.249
7/26/2023 21:00,0,11353.56519,0.213
7/26/2023 22:00,0,14979.71576,0.181
7/26/2023 23:00,0,15912.74857,0.163
7/27/2023 0:00,0,15142.41196,0.152
7/27/2023 1:00,0,12957.22188,0.143
7/27/2023 2:00,0,13911.918,0.137
7/27/2023 3:00,0,14253.70674,0.137
7/27/2023 4:00,0,16604.52508,0.145
7/27/2023 5:00,0,16111.58833,0.172
7/27/2023 6:00,0,14465.66012,0.204
7/27/2023 7:00,0.006524843,14651.37255,0.185
7/27/2023 8:00,0.038798446,11661.5012,0.144
7/27/2023 9:00,0.068539643,7702.948182,0.123
7/27/2023 10:00,0.092103447,9160.043119,0.113
7/27/2023 11:00,0.116693743,11108.16783,0.109
7/27/2023 12:00,0.150033773,14056.8784,0.11
7/27/2023 13:00,0.132234733,10948.02498,0.116
7/27/2023 14:00,0.088806827,17526.35459,0.127
7/27/2023 15:00,0.098821303,15340.02515,0.148
7/27/2023 16:00,0.065705435,14371.18331,0.181
7/27/2023 17:00,0.005511401,12805.66922,0.244
7/27/2023 18:00,0,12810.80025,0.279
7/27/2023 19:00,0,12083.98342,0.294
7/27/2023 20:00,0,13096.28794,0.249
7/27/2023 21:00,0,9739.956343,0.213
7/27/2023 22:00,0,12487.80998,0.181
7/27/2023 23:00,0,8707.353309,0.163
7/28/2023 0:00,0,5824.914952,0.152
7/28/2023 1:00,0,2240.51827,0.143
7/28/2023 2:00,0,1103.81106,0.137
7/28/2023 3:00,0,8616.040583,0.137
7/28/2023 4:00,0,6842.146989,0.145
7/28/2023 5:00,0,6488.777488,0.172
7/28/2023 6:00,0,2534.387281,0.204
7/28/2023 7:00,0.005097912,3023.427433,0.185
7/28/2023 8:00,0.026220179,5148.762021,0.144
7/28/2023 9:00,0.064517047,9289.305601,0.123
7/28/2023 10:00,0.089017847,13693.6286,0.113
7/28/2023 11:00,0.101090937,12958.26517,0.109
7/28/2023 12:00,0.103782417,14170.14259,0.11
7/28/2023 13:00,0.095014243,9245.045634,0.116
7/28/2023 14:00,0.09853376,9802.036232,0.127
7/28/2023 15:00,0.055468321,12976.77484,0.148
7/28/2023 16:00,0.024894097,13048.61977,0.181
7/28/2023 17:00,0.003062104,15464.1591,0.244
7/28/2023 18:00,0,15864.15521,0.279
7/28/2023 19:00,0,13965.69599,0.294
7/28/2023 20:00,0,15620.97386,0.249
7/28/2023 21:00,0,15629.02462,0.213
7/28/2023 22:00,0,14711.02765,0.181
7/28/2023 23:00,0,12296.45094,0.163
7/29/2023 0:00,0,10069.55526,0.152
7/29/2023 1:00,0,7555.613787,0.143
7/29/2023 2:00,0,13317.60969,0.137
7/29/2023 3:00,0,12346.99066,0.137
7/29/2023 4:00,0,8784.750371,0.145
7/29/2023 5:00,0,8931.230872,0.172
7/29/2023 6:00,0,6860.41677,0.204
7/29/2023 7:00,0.011325522,6859.756784,0.185
7/29/2023 8:00,0.050039483,9615.218855,0.144
7/29/2023 9:00,0.133029077,14277.56066,0.123
7/29/2023 10:00,0.103132687,15816.0924,0.113
7/29/2023 11:00,0.136256957,20759.79158,0.109
7/29/2023 12:00,0.109598747,20308.89353,0.11
7/29/2023 13:00,0.13318126,16556.94588,0.116
7/29/2023 14:00,0.13179864,15729.17425,0.127
7/29/2023 15:00,0.167700127,16422.43724,0.148
7/29/2023 16:00,0.047994912,13958.49764,0.181
7/29/2023 17:00,0.00383017,10908.58371,0.244
7/29/2023 18:00,0,10922.63264,0.279
7/29/2023 19:00,0,11187.67702,0.294
7/29/2023 20:00,0,13025.18871,0.249
7/29/2023 21:00,0,11198.96573,0.213
7/29/2023 22:00,0,19669.52243,0.181
7/29/2023 23:00,0,14793.25361,0.163
7/30/2023 0:00,0,13897.96273,0.152
7/30/2023 1:00,0,12973.18539,0.143
7/30/2023 2:00,0,16932.0316,0.137
7/30/2023 3:00,0,14897.83987,0.137
7/30/2023 4:00,0,12472.36753,0.145
7/30/2023 5:00,0,8785.522574,0.172
7/30/2023 6:00,0,8272.686231,0.204
7/30/2023 7:00,0.000105581,5514.593151,0.185
7/30/2023 8:00,0.015686163,10068.75243,0.144
7/30/2023 9:00,0.049026357,9266.748686,0.123
7/30/2023 10:00,0.121637603,10420.95735,0.113
7/30/2023 11:00,0.166102627,10004.77323,0.109
7/30/2023 12:00,0.11294227,11534.38185,0.11
7/30/2023 13:00,0.19575744,15538.7923,0.116
7/30/2023 14:00,0.122018557,15641.7439,0.127
7/30/2023 15:00,0.168908793,14896.24708,0.148
7/30/2023 16:00,0.073081337,17170.98274,0.181
7/30/2023 17:00,0.012029315,14896.30886,0.244
7/30/2023 18:00,0,15321.05083,0.279
7/30/2023 19:00,0,13253.99661,0.294
7/30/2023 20:00,0,11479.94772,0.249
7/30/2023 21:00,0,11331.74973,0.213
7/30/2023 22:00,0,14765.0045,0.181
7/30/2023 23:00,0,13794.33834,0.163
7/31/2023 0:00,0,11252.0682,0.152
7/31/2023 1:00,0,10748.87095,0.143
7/31/2023 2:00,0,14174.19723,0.137
7/31/2023 3:00,0,16210.14853,0.137
7/31/2023 4:00,0,17713.71766,0.145
7/31/2023 5:00,0,14789.49051,0.172
7/31/2023 6:00,0,12462.36765,0.204
7/31/2023 7:00,0.015848432,13602.8122,0.185
7/31/2023 8:00,0.092103848,9337.076353,0.144
7/31/2023 9:00,0.200259697,11411.10366,0.123
7/31/2023 10:00,0.289094827,12938.07143,0.113
7/31/2023 11:00,0.33945314,12294.69364,0.109
7/31/2023 12:00,0.357496913,11474.72416,0.11
7/31/2023 13:00,0.332599093,10639.86475,0.116
7/31/2023 14:00,0.262664527,11591.74232,0.127
7/31/2023 15:00,0.1695571,9436.714251,0.148
7/31/2023 16:00,0.075743407,11288.85471,0.181
7/31/2023 17:00,0.010005542,14161.83831,0.244
7/31/2023 18:00,0,10521.37453,0.279
7/31/2023 19:00,0,11532.82032,0.294
7/31/2023 20:00,0,11241.15237,0.249
7/31/2023 21:00,0,12842.73631,0.213
7/31/2023 22:00,0,12231.93334,0.181
7/31/2023 23:00,0,10518.77464,0.163
8/1/2023 0:00,0,11116.39686,0.152
8/1/2023 1:00,0,9131.027997,0.143
8/1/2023 2:00,0,11060.80546,0.137
8/1/2023 3:00,0,10828.03715,0.137
8/1/2023 4:00,0,14261.15906,0.145
8/1/2023 5:00,0,12005.0755,0.172
8/1/2023 6:00,0,11727.99281,0.204
8/1/2023 7:00,0.018183395,10785.51923,0.185
8/1/2023 8:00,0.096141162,5952.616333,0.144
8/1/2023 9:00,0.20761316,12967.17066,0.123
8/1/2023 10:00,0.294089377,13779.72867,0.113
8/1/2023 11:00,0.339004833,13425.67811,0.109
8/1/2023 12:00,0.356204853,10212.35585,0.11
8/1/2023 13:00,0.33282701,8695.154133,0.116
8/1/2023 14:00,0.25575264,13888.63186,0.127
8/1/2023 15:00,0.172913013,10969.28126,0.148
8/1/2023 16:00,0.078732811,12693.48393,0.181
8/1/2023 17:00,0.011633152,12569.85112,0.244
8/1/2023 18:00,0,15674.49103,0.279
8/1/2023 19:00,0,13686.12554,0.294
8/1/2023 20:00,0,11732.1732,0.249
8/1/2023 21:00,0,14042.40732,0.213
8/1/2023 22:00,0,10297.88002,0.181
8/1/2023 23:00,0,6533.06953,0.163
8/2/2023 0:00,0,8868.990681,0.152
8/2/2023 1:00,0,7888.29,0.143
8/2/2023 2:00,0,7089.213841,0.137
8/2/2023 3:00,0,6675.970329,0.137
8/2/2023 4:00,0,5561.759992,0.145
8/2/2023 5:00,0,2618.240788,0.172
8/2/2023 6:00,0,0,0.204
8/2/2023 7:00,0.010450255,2399.344266,0.185
8/2/2023 8:00,0.023116597,4212.892014,0.144
8/2/2023 9:00,0.06905098,6547.409656,0.123
8/2/2023 10:00,0.167082997,9743.542204,0.113
8/2/2023 11:00,0.323310633,9203.575298,0.109
8/2/2023 12:00,0.25199011,14115.14086,0.11
8/2/2023 13:00,0.336352753,17784.76105,0.116
8/2/2023 14:00,0.26436835,11722.02875,0.127
8/2/2023 15:00,0.171961807,10139.29768,0.148
8/2/2023 16:00,0.078690565,6308.661084,0.181
8/2/2023 17:00,0.010275237,10471.66971,0.244
8/2/2023 18:00,0,12959.2866,0.279
8/2/2023 19:00,0,11821.68563,0.294
8/2/2023 20:00,0,10928.81997,0.249
8/2/2023 21:00,0,12246.70823,0.213
8/2/2023 22:00,0,10086.65675,0.181
8/2/2023 23:00,0,10544.53325,0.163
8/3/2023 0:00,0,7941.127995,0.152
8/3/2023 1:00,0,5022.344455,0.143
8/3/2023 2:00,0,2898.441453,0.137
8/3/2023 3:00,0,2426.031569,0.137
8/3/2023 4:00,0,2313.194404,0.145
8/3/2023 5:00,0,6221.152578,0.172
8/3/2023 6:00,0,6826.310482,0.204
8/3/2023 7:00,0.012493125,8781.642432,0.185
8/3/2023 8:00,0.038994196,14394.06902,0.144
8/3/2023 9:00,0.08828567,12054.11249,0.123
8/3/2023 10:00,0.205872017,17368.9144,0.113
8/3/2023 11:00,0.38079075,16186.14639,0.109
8/3/2023 12:00,0.355954433,16062.26357,0.11
8/3/2023 13:00,0.26846965,13884.07799,0.116
8/3/2023 14:00,0.195922443,14559.66721,0.127
8/3/2023 15:00,0.093920843,18631.82365,0.148
8/3/2023 16:00,0.021903256,19436.16187,0.181
8/3/2023 17:00,0.000617475,18140.95297,0.244
8/3/2023 18:00,0,15605.25993,0.279
8/3/2023 19:00,0,14864.4409,0.294
8/3/2023 20:00,0,16761.51901,0.249
8/3/2023 21:00,0,16205.40506,0.213
8/3/2023 22:00,0,16116.99488,0.181
8/3/2023 23:00,0,14057.38723,0.163
8/4/2023 0:00,0,12525.51721,0.152
8/4/2023 1:00,0,9576.297775,0.143
8/4/2023 2:00,0,8972.416131,0.137
8/4/2023 3:00,0,6682.082263,0.137
8/4/2023 4:00,0,10521.90373,0.145
8/4/2023 5:00,0,11162.38039,0.172
8/4/2023 6:00,0,10670.02338,0.204
8/4/2023 7:00,0.011352659,9564.796858,0.185
8/4/2023 8:00,0.075060277,9246.79528,0.144
8/4/2023 9:00,0.147741907,8997.663561,0.123
8/4/2023 10:00,0.311096007,12564.40615,0.113
8/4/2023 11:00,0.402702103,15852.71805,0.109
8/4/2023 12:00,0.3701338,15073.16199,0.11
8/4/2023 13:00,0.359425457,17612.81285,0.116
8/4/2023 14:00,0.154535153,16187.77611,0.127
8/4/2023 15:00,0.11675851,18276.36565,0.148
8/4/2023 16:00,0.089609163,15333.31508,0.181
8/4/2023 17:00,0.015484213,17026.04905,0.244
8/4/2023 18:00,0,17921.16395,0.279
8/4/2023 19:00,0,13257.82452,0.294
8/4/2023 20:00,0,16961.34592,0.249
8/4/2023 21:00,0,15826.61172,0.213
8/4/2023 22:00,0,10331.39867,0.181
8/4/2023 23:00,0,12406.38243,0.163
8/5/2023 0:00,0,14881.00923,0.152
8/5/2023 1:00,0,11390.55951,0.143
8/5/2023 2:00,0,10373.47833,0.137
8/5/2023 3:00,0,9146.00464,0.137
8/5/2023 4:00,0,4153.218148,0.145
8/5/2023 5:00,0,5807.629601,0.172
8/5/2023 6:00,0,3943.426052,0.204
8/5/2023 7:00,0.016999883,7800.927511,0.185
8/5/2023 8:00,0.080862885,9246.384255,0.144
8/5/2023 9:00,0.20764866,5009.714648,0.123
8/5/2023 10:00,0.365135333,9302.395988,0.113
8/5/2023 11:00,0.34557151,12476.77042,0.109
8/5/2023 12:00,0.33523454,15998.20203,0.11
8/5/2023 13:00,0.32979495,13152.17516,0.116
8/5/2023 14:00,0.284285543,13307.43182,0.127
8/5/2023 15:00,0.195886313,14545.49088,0.148
8/5/2023 16:00,0.09327312,14221.60528,0.181
8/5/2023 17:00,0.013020653,15076.65596,0.244
8/5/2023 18:00,0,11998.24077,0.279
8/5/2023 19:00,0,14210.79848,0.294
8/5/2023 20:00,0,18090.16037,0.249
8/5/2023 21:00,0,17507.90595,0.213
8/5/2023 22:00,0,14599.10832,0.181
8/5/2023 23:00,0,15974.54767,0.163
8/6/2023 0:00,0,11868.8202,0.152
8/6/2023 1:00,0,8278.182803,0.143
8/6/2023 2:00,0,10206.86656,0.137
8/6/2023 3:00,0,7806.78967,0.137
8/6/2023 4:00,0,4160.5604,0.145
8/6/2023 5:00,0,2841.347076,0.172
8/6/2023 6:00,0,4082.799355,0.204
8/6/2023 7:00,0.019501146,3569.575897,0.185
8/6/2023 8:00,0.132933153,5273.58598,0.144
8/6/2023 9:00,0.272401157,8627.138705,0.123
8/6/2023 10:00,0.308881077,9553.893919,0.113
8/6/2023 11:00,0.28358432,13548.41104,0.109
8/6/2023 12:00,0.387294303,13954.58689,0.11
8/6/2023 13:00,0.3058545,17705.14879,0.116
8/6/2023 14:00,0.272838033,17849.7181,0.127
8/6/2023 15:00,0.188340023,19641.13717,0.148
8/6/2023 16:00,0.084782205,15249.49776,0.181
8/6/2023 17:00,0.024377898,13147.90984,0.244
8/6/2023 18:00,0,14739.88589,0.279
8/6/2023 19:00,0,10127.85804,0.294
8/6/2023 20:00,0,6530.321544,0.249
8/6/2023 21:00,0,6534.385529,0.213
8/6/2023 22:00,0,9243.119533,0.181
8/6/2023 23:00,0,11250.47387,0.163
8/7/2023 0:00,0,11439.00397,0.152
8/7/2023 1:00,0,7356.221443,0.143
8/7/2023 2:00,0,12115.90709,0.137
8/7/2023 3:00,0,10389.85795,0.137
8/7/2023 4:00,0,9321.736612,0.145
8/7/2023 5:00,0,6927.390493,0.172
8/7/2023 6:00,0,1974.797467,0.204
8/7/2023 7:00,0.019298211,2087.485468,0.185
8/7/2023 8:00,0.122901523,991.62855,0.144
8/7/2023 9:00,0.265318633,3042.900986,0.123
8/7/2023 10:00,0.37725518,3313.751019,0.113
8/7/2023 11:00,0.43316811,8295.043358,0.109
8/7/2023 12:00,0.4418433,10833.862,0.11
8/7/2023 13:00,0.425242693,13288.94529,0.116
8/7/2023 14:00,0.347082113,16681.27129,0.127
8/7/2023 15:00,0.204325637,12440.11209,0.148
8/7/2023 16:00,0.081356345,13272.7212,0.181
8/7/2023 17:00,0.01016705,17153.5898,0.244
8/7/2023 18:00,0,13208.03943,0.279
8/7/2023 19:00,0,19281.34246,0.294
8/7/2023 20:00,0,18697.47116,0.249
8/7/2023 21:00,0,25425.15822,0.213
8/7/2023 22:00,0,20864.73741,0.181
8/7/2023 23:00,0,19892.00616,0.163
8/8/2023 0:00,0,21226.60442,0.152
8/8/2023 1:00,0,18580.80793,0.143
8/8/2023 2:00,0,17390.57426,0.137
8/8/2023 3:00,0,17547.67335,0.137
8/8/2023 4:00,0,13585.45964,0.145
8/8/2023 5:00,0,12258.56882,0.172
8/8/2023 6:00,0,8809.215757,0.204
8/8/2023 7:00,0.015644935,10002.91475,0.185
8/8/2023 8:00,0.082211138,14124.33724,0.144
8/8/2023 9:00,0.18025863,15988.05194,0.123
8/8/2023 10:00,0.311881303,17302.07534,0.113
8/8/2023 11:00,0.413429293,20157.71007,0.109
8/8/2023 12:00,0.444577967,20899.87922,0.11
8/8/2023 13:00,0.405561277,20806.72834,0.116
8/8/2023 14:00,0.30774375,20955.76352,0.127
8/8/2023 15:00,0.18403587,18466.78588,0.148
8/8/2023 16:00,0.072687929,19979.29888,0.181
8/8/2023 17:00,0.010929202,24646.87001,0.244
8/8/2023 18:00,0,28500.00295,0.279
8/8/2023 19:00,0,19649.7392,0.294
8/8/2023 20:00,0,17076.65143,0.249
8/8/2023 21:00,0,16606.15775,0.213
8/8/2023 22:00,0,18776.81377,0.181
8/8/2023 23:00,0,18535.52569,0.163
8/9/2023 0:00,0,17471.71499,0.152
8/9/2023 1:00,0,18655.32883,0.143
8/9/2023 2:00,0,17391.69246,0.137
8/9/2023 3:00,0,16854.61192,0.137
8/9/2023 4:00,0,7601.060707,0.145
8/9/2023 5:00,0,10122.9495,0.172
8/9/2023 6:00,0,6530.185133,0.204
8/9/2023 7:00,0.009180269,8280.721185,0.185
8/9/2023 8:00,0.072428313,11620.30131,0.144
8/9/2023 9:00,0.14384104,10254.2344,0.123
8/9/2023 10:00,0.18460059,15305.48895,0.113
8/9/2023 11:00,0.248496473,13198.81626,0.109
8/9/2023 12:00,0.23814944,13030.83032,0.11
8/9/2023 13:00,0.215186023,15416.09022,0.116
8/9/2023 14:00,0.276453717,14519.6725,0.127
8/9/2023 15:00,0.222322747,14072.19611,0.148
8/9/2023 16:00,0.103549195,15578.86551,0.181
8/9/2023 17:00,0.016604245,17012.64338,0.244
8/9/2023 18:00,0,19716.95981,0.279
8/9/2023 19:00,0,20369.78044,0.294
8/9/2023 20:00,0,16503.97024,0.249
8/9/2023 21:00,0,19297.51929,0.213
8/9/2023 22:00,0,17150.75923,0.181
8/9/2023 23:00,0,12331.12352,0.163
8/10/2023 0:00,0,11185.45737,0.152
8/10/2023 1:00,0,11259.15453,0.143
8/10/2023 2:00,0,9058.732223,0.137
8/10/2023 3:00,0,8908.28593,0.137
8/10/2023 4:00,0,8971.485012,0.145
8/10/2023 5:00,0,7690.751455,0.172
8/10/2023 6:00,0,10007.65653,0.204
8/10/2023 7:00,0.001336113,6843.103366,0.185
8/10/2023 8:00,0.041541332,10861.25748,0.144
8/10/2023 9:00,0.26698413,14417.79108,0.123
8/10/2023 10:00,0.3478189,10827.00012,0.113
8/10/2023 11:00,0.47028957,10076.68085,0.109
8/10/2023 12:00,0.485693043,18926.27152,0.11
8/10/2023 13:00,0.451853233,19281.19942,0.116
8/10/2023 14:00,0.3431467,17000.36348,0.127
8/10/2023 15:00,0.21657536,17400.7874,0.148
8/10/2023 16:00,0.104118328,19168.51782,0.181
8/10/2023 17:00,0.017117519,14538.86864,0.244
8/10/2023 18:00,0,19432.22925,0.279
8/10/2023 19:00,0,15465.41535,0.294
8/10/2023 20:00,0,11381.34458,0.249
8/10/2023 21:00,0,14252.29851,0.213
8/10/2023 22:00,0,15756.61324,0.181
8/10/2023 23:00,0,15899.87398,0.163
8/11/2023 0:00,0,11211.90041,0.152
8/11/2023 1:00,0,8466.615721,0.143
8/11/2023 2:00,0,9823.932599,0.137
8/11/2023 3:00,0,9491.405045,0.137
8/11/2023 4:00,0,12446.36761,0.145
8/11/2023 5:00,0,7373.582286,0.172
8/11/2023 6:00,0,4180.855108,0.204
8/11/2023 7:00,0.018851759,4621.317171,0.185
8/11/2023 8:00,0.100326037,1844.749137,0.144
8/11/2023 9:00,0.189450827,5911.028954,0.123
8/11/2023 10:00,0.29532558,6750.78513,0.113
8/11/2023 11:00,0.367667947,8101.209583,0.109
8/11/2023 12:00,0.483000987,5943.017483,0.11
8/11/2023 13:00,0.458292283,8705.207417,0.116
8/11/2023 14:00,0.365433637,8784.134141,0.127
8/11/2023 15:00,0.237226833,9821.793678,0.148
8/11/2023 16:00,0.108597473,9718.274611,0.181
8/11/2023 17:00,0.018490909,12181.9888,0.244
8/11/2023 18:00,0,14244.61451,0.279
8/11/2023 19:00,0,10844.65412,0.294
8/11/2023 20:00,0,7585.122774,0.249
8/11/2023 21:00,0,9669.016365,0.213
8/11/2023 22:00,0,9518.738606,0.181
8/11/2023 23:00,0,9412.268776,0.163
8/12/2023 0:00,0,12613.22307,0.152
8/12/2023 1:00,0,10405.30308,0.143
8/12/2023 2:00,0,8756.923808,0.137
8/12/2023 3:00,0,7988.516246,0.137
8/12/2023 4:00,0,5778.368445,0.145
8/12/2023 5:00,0,7619.525478,0.172
8/12/2023 6:00,0,9978.970325,0.204
8/12/2023 7:00,0.016702846,11792.96493,0.185
8/12/2023 8:00,0.129655195,9934.424819,0.144
8/12/2023 9:00,0.276366047,12459.93498,0.123
8/12/2023 10:00,0.398781777,14268.35311,0.113
8/12/2023 11:00,0.465579103,11702.11682,0.109
8/12/2023 12:00,0.48129515,10884.11215,0.11
8/12/2023 13:00,0.451506703,9663.764932,0.116
8/12/2023 14:00,0.359025767,10957.13125,0.127
8/12/2023 15:00,0.23892897,13738.00165,0.148
8/12/2023 16:00,0.113160049,13086.79741,0.181
8/12/2023 17:00,0.019333707,14975.72508,0.244
8/12/2023 18:00,0,15265.64522,0.279
8/12/2023 19:00,0,8950.035306,0.294
8/12/2023 20:00,0,9847.589248,0.249
8/12/2023 21:00,0,10752.26563,0.213
8/12/2023 22:00,0,4724.195124,0.181
8/12/2023 23:00,0,6770.983946,0.163
8/13/2023 0:00,0,10058.30982,0.152
8/13/2023 1:00,0,6820.161936,0.143
8/13/2023 2:00,0,2692.924488,0.137
8/13/2023 3:00,0,1210.854516,0.137
8/13/2023 4:00,0,4491.880632,0.145
8/13/2023 5:00,0,8137.646044,0.172
8/13/2023 6:00,0,5763.478366,0.204
8/13/2023 7:00,0.019778157,4454.104663,0.185
8/13/2023 8:00,0.12828658,6176.004549,0.144
8/13/2023 9:00,0.275845707,10284.8258,0.123
8/13/2023 10:00,0.384039577,7503.23026,0.113
8/13/2023 11:00,0.45937775,9407.249494,0.109
8/13/2023 12:00,0.474778943,12184.75648,0.11
8/13/2023 13:00,0.44910417,12251.27359,0.116
8/13/2023 14:00,0.36559179,5200.285122,0.127
8/13/2023 15:00,0.24080819,5624.786729,0.148
8/13/2023 16:00,0.1083725,2490.803008,0.181
8/13/2023 17:00,0.021400033,4516.560432,0.244
8/13/2023 18:00,0,2728.861612,0.279
8/13/2023 19:00,0,3129.242492,0.294
8/13/2023 20:00,0,5054.109904,0.249
8/13/2023 21:00,0,9171.795961,0.213
8/13/2023 22:00,0,9819.973279,0.181
8/13/2023 23:00,0,9235.916479,0.163
8/14/2023 0:00,0,7558.771405,0.152
8/14/2023 1:00,0,5329.320554,0.143
8/14/2023 2:00,0,7118.775588,0.137
8/14/2023 3:00,0,6125.745167,0.137
8/14/2023 4:00,0,4622.713086,0.145
8/14/2023 5:00,0,1547.309595,0.172
8/14/2023 6:00,0,0,0.204
8/14/2023 7:00,0.020489389,2975.702197,0.185
8/14/2023 8:00,0.119789989,5750.128071,0.144
8/14/2023 9:00,0.195759347,6882.985451,0.123
8/14/2023 10:00,0.248915907,3704.88432,0.113
8/14/2023 11:00,0.402793323,5740.035575,0.109
8/14/2023 12:00,0.366966197,6650.920591,0.11
8/14/2023 13:00,0.426839693,11728.24682,0.116
8/14/2023 14:00,0.37836647,11846.59264,0.127
8/14/2023 15:00,0.22361219,11390.81069,0.148
8/14/2023 16:00,0.120306567,12827.14578,0.181
8/14/2023 17:00,0.021944043,12864.07596,0.244
8/14/2023 18:00,0,11501.53569,0.279
8/14/2023 19:00,0,12405.86873,0.294
8/14/2023 20:00,0,8798.573584,0.249
8/14/2023 21:00,0,11620.42631,0.213
8/14/2023 22:00,0,12174.49489,0.181
8/14/2023 23:00,0,13070.00312,0.163
8/15/2023 0:00,0,15009.83127,0.152
8/15/2023 1:00,0,10451.38322,0.143
8/15/2023 2:00,0,12986.18552,0.137
8/15/2023 3:00,0,12040.81695,0.137
8/15/2023 4:00,0,9242.690907,0.145
8/15/2023 5:00,0,5404.096632,0.172
8/15/2023 6:00,0,8496.568668,0.204
8/15/2023 7:00,0.017175111,7948.895766,0.185
8/15/2023 8:00,0.14306631,10792.73257,0.144
8/15/2023 9:00,0.19538549,15371.19083,0.123
8/15/2023 10:00,0.24590761,16489.85519,0.113
8/15/2023 11:00,0.443925363,18652.0935,0.109
8/15/2023 12:00,0.374184357,14665.84447,0.11
8/15/2023 13:00,0.303309743,17231.55437,0.116
8/15/2023 14:00,0.29223321,19228.20216,0.127
8/15/2023 15:00,0.123776307,20078.66169,0.148
8/15/2023 16:00,0.060726492,16537.64252,0.181
8/15/2023 17:00,0.002062004,15329.67992,0.244
8/15/2023 18:00,0,19431.67172,0.279
8/15/2023 19:00,0,21018.71293,0.294
8/15/2023 20:00,0,18799.56661,0.249
8/15/2023 21:00,0,20350.2867,0.213
8/15/2023 22:00,0,17650.71547,0.181
8/15/2023 23:00,0,15909.73512,0.163
8/16/2023 0:00,0,13572.54954,0.152
8/16/2023 1:00,0,11186.36013,0.143
8/16/2023 2:00,0,11828.58689,0.137
8/16/2023 3:00,0,11488.29793,0.137
8/16/2023 4:00,0,8239.063945,0.145
8/16/2023 5:00,0,6034.417683,0.172
8/16/2023 6:00,0,5035.825131,0.204
8/16/2023 7:00,0.005493995,4095.003633,0.185
8/16/2023 8:00,0.081165757,3323.551555,0.144
8/16/2023 9:00,0.264833273,1490.150442,0.123
8/16/2023 10:00,0.368703023,1949.150993,0.113
8/16/2023 11:00,0.46034011,4045.954921,0.109
8/16/2023 12:00,0.484454553,4183.553159,0.11
8/16/2023 13:00,0.315232533,7207.901854,0.116
8/16/2023 14:00,0.25709939,5479.178471,0.127
8/16/2023 15:00,0.241339917,8470.135645,0.148
8/16/2023 16:00,0.113073113,14618.51436,0.181
8/16/2023 17:00,0.017921751,12065.43065,0.244
8/16/2023 18:00,0,10099.85508,0.279
8/16/2023 19:00,0,9330.091147,0.294
8/16/2023 20:00,0,10223.26815,0.249
8/16/2023 21:00,0,12011.20138,0.213
8/16/2023 22:00,0,10987.2534,0.181
8/16/2023 23:00,0,11524.24664,0.163
8/17/2023 0:00,0,10476.46199,0.152
8/17/2023 1:00,0,7477.160228,0.143
8/17/2023 2:00,0,5832.55445,0.137
8/17/2023 3:00,0,5287.510979,0.137
8/17/2023 4:00,0,3799.079938,0.145
8/17/2023 5:00,0,4363.780268,0.172
8/17/2023 6:00,0,1873.428554,0.204
8/17/2023 7:00,0.021813924,724.4358115,0.185
8/17/2023 8:00,0.129771863,474.7267288,0.144
8/17/2023 9:00,0.283032453,4850.225038,0.123
8/17/2023 10:00,0.40884792,8743.031689,0.113
8/17/2023 11:00,0.47365457,12785.64117,0.109
8/17/2023 12:00,0.489410357,13648.39584,0.11
8/17/2023 13:00,0.4650721,15100.75733,0.116
8/17/2023 14:00,0.379645167,12022.62611,0.127
8/17/2023 15:00,0.25117455,11750.12485,0.148
8/17/2023 16:00,0.11780394,9697.11729,0.181
8/17/2023 17:00,0.022505629,6676.41226,0.244
8/17/2023 18:00,0,5207.352705,0.279
8/17/2023 19:00,0,5566.73391,0.294
8/17/2023 20:00,0,7654.194847,0.249
8/17/2023 21:00,0,8581.40115,0.213
8/17/2023 22:00,0,8653.530316,0.181
8/17/2023 23:00,0,10979.05012,0.163
8/18/2023 0:00,0,14234.7151,0.152
8/18/2023 1:00,0,10942.47886,0.143
8/18/2023 2:00,0,15761.41604,0.137
8/18/2023 3:00,0,14517.02482,0.137
8/18/2023 4:00,0,15501.3717,0.145
8/18/2023 5:00,0,9482.178315,0.172
8/18/2023 6:00,0,9834.371457,0.204
8/18/2023 7:00,0.022971872,3660.438429,0.185
8/18/2023 8:00,0.1247793,7749.17452,0.144
8/18/2023 9:00,0.27079208,10431.58891,0.123
8/18/2023 10:00,0.386722117,10795.00985,0.113
8/18/2023 11:00,0.47616364,13841.16449,0.109
8/18/2023 12:00,0.396448213,19119.79481,0.11
8/18/2023 13:00,0.404545457,17805.44689,0.116
8/18/2023 14:00,0.269483857,19809.6537,0.127
8/18/2023 15:00,0.21311134,20124.00227,0.148
8/18/2023 16:00,0.115884529,16115.24084,0.181
8/18/2023 17:00,0.022942428,13425.26872,0.244
8/18/2023 18:00,0,15611.18356,0.279
8/18/2023 19:00,0,15899.68639,0.294
8/18/2023 20:00,0,18826.00356,0.249
8/18/2023 21:00,0,13852.05965,0.213
8/18/2023 22:00,0,15709.42433,0.181
8/18/2023 23:00,0,11100.66432,0.163
8/19/2023 0:00,0,9841.510122,0.152
8/19/2023 1:00,0,7741.770193,0.143
8/19/2023 2:00,0,12428.96198,0.137
8/19/2023 3:00,0,11361.26228,0.137
8/19/2023 4:00,0,7027.213699,0.145
8/19/2023 5:00,0,8280.937382,0.172
8/19/2023 6:00,0,7226.390116,0.204
8/19/2023 7:00,0.023602184,9157.201097,0.185
8/19/2023 8:00,0.084421483,9727.638522,0.144
8/19/2023 9:00,0.28465708,11667.61933,0.123
8/19/2023 10:00,0.39489752,11583.98959,0.113
8/19/2023 11:00,0.457906593,11833.54546,0.109
8/19/2023 12:00,0.477873987,16191.42413,0.11
8/19/2023 13:00,0.37737801,14250.67019,0.116
8/19/2023 14:00,0.31818084,13792.40376,0.127
8/19/2023 15:00,0.238252983,14933.744,0.148
8/19/2023 16:00,0.115431559,16124.71122,0.181
8/19/2023 17:00,0.022075967,14280.29456,0.244
8/19/2023 18:00,0,17514.94737,0.279
8/19/2023 19:00,0,17519.94636,0.294
8/19/2023 20:00,0,16173.51389,0.249
8/19/2023 21:00,0,13089.79137,0.213
8/19/2023 22:00,0,15420.86255,0.181
8/19/2023 23:00,0,12234.02633,0.163
8/20/2023 0:00,0,14107.33351,0.152
8/20/2023 1:00,0,12481.9119,0.143
8/20/2023 2:00,0,11707.54506,0.137
8/20/2023 3:00,0,10390.31742,0.137
8/20/2023 4:00,0,5566.606085,0.145
8/20/2023 5:00,0,4932.258191,0.172
8/20/2023 6:00,0,8807.834791,0.204
8/20/2023 7:00,0.021036861,8462.954698,0.185
8/20/2023 8:00,0.085207428,7958.67252,0.144
8/20/2023 9:00,0.19904563,9095.234659,0.123
8/20/2023 10:00,0.26359054,8423.712978,0.113
8/20/2023 11:00,0.40122785,9302.038994,0.109
8/20/2023 12:00,0.415891917,10918.06776,0.11
8/20/2023 13:00,0.301814817,13740.92205,0.116
8/20/2023 14:00,0.31387424,19657.76692,0.127
8/20/2023 15:00,0.291563723,16245.67079,0.148
8/20/2023 16:00,0.169710363,15541.11296,0.181
8/20/2023 17:00,0.031631378,17458.28926,0.244
8/20/2023 18:00,0,15729.9778,0.279
8/20/2023 19:00,0,15210.14319,0.294
8/20/2023 20:00,0,13450.26152,0.249
8/20/2023 21:00,0,12380.74428,0.213
8/20/2023 22:00,0,10347.95528,0.181
8/20/2023 23:00,0,10536.69802,0.163
8/21/2023 0:00,0,12502.4835,0.152
8/21/2023 1:00,0,10187.81983,0.143
8/21/2023 2:00,0,11777.12067,0.137
8/21/2023 3:00,0,16807.00558,0.137
8/21/2023 4:00,0,12455.28843,0.145
8/21/2023 5:00,0,12817.77002,0.172
8/21/2023 6:00,0,7202.904147,0.204
8/21/2023 7:00,0.023471429,14286.49913,0.185
8/21/2023 8:00,0.10235618,16145.444,0.144
8/21/2023 9:00,0.152275983,12160.22847,0.123
8/21/2023 10:00,0.294757723,8923.971232,0.113
8/21/2023 11:00,0.469605177,13430.7095,0.109
8/21/2023 12:00,0.508331027,15662.29627,0.11
8/21/2023 13:00,0.409168097,15060.23792,0.116
8/21/2023 14:00,0.389013837,16461.7869,0.127
8/21/2023 15:00,0.260218997,20011.47347,0.148
8/21/2023 16:00,0.108888385,16404.45779,0.181
8/21/2023 17:00,0.019945652,22225.33461,0.244
8/21/2023 18:00,0,22045.68476,0.279
8/21/2023 19:00,0,16798.82674,0.294
8/21/2023 20:00,0,15756.02815,0.249
8/21/2023 21:00,0,13695.80909,0.213
8/21/2023 22:00,0,11803.49161,0.181
8/21/2023 23:00,0,8628.097418,0.163
8/22/2023 0:00,0,7405.748239,0.152
8/22/2023 1:00,0,7063.380888,0.143
8/22/2023 2:00,0,9944.293536,0.137
8/22/2023 3:00,0,10931.96468,0.137
8/22/2023 4:00,0,11736.67541,0.145
8/22/2023 5:00,0,12475.39346,0.172
8/22/2023 6:00,0,7615.512506,0.204
8/22/2023 7:00,0.022220679,9819.308796,0.185
8/22/2023 8:00,0.132677717,11711.66813,0.144
8/22/2023 9:00,0.284731773,15207.2449,0.123
8/22/2023 10:00,0.412510563,17721.79603,0.113
8/22/2023 11:00,0.482801207,18498.52007,0.109
8/22/2023 12:00,0.50008277,12894.83958,0.11
8/22/2023 13:00,0.474787683,15358.24223,0.116
8/22/2023 14:00,0.392913397,17048.09442,0.127
8/22/2023 15:00,0.266495693,17524.27301,0.148
8/22/2023 16:00,0.126677408,18008.79671,0.181
8/22/2023 17:00,0.028047127,16435.78713,0.244
8/22/2023 18:00,0,16742.5417,0.279
8/22/2023 19:00,0,16260.1391,0.294
8/22/2023 20:00,0,17183.69114,0.249
8/22/2023 21:00,0,14887.43298,0.213
8/22/2023 22:00,0,14810.38851,0.181
8/22/2023 23:00,0,14182.00277,0.163
8/23/2023 0:00,0,15561.68042,0.152
8/23/2023 1:00,0,9035.986318,0.143
8/23/2023 2:00,0,7075.276301,0.137
8/23/2023 3:00,0,9110.311451,0.137
8/23/2023 4:00,0,5943.16284,0.145
8/23/2023 5:00,0,6833.211452,0.172
8/23/2023 6:00,0,8423.834996,0.204
8/23/2023 7:00,0.002659421,6125.914988,0.185
8/23/2023 8:00,0.048209492,9956.564688,0.144
8/23/2023 9:00,0.074171303,8012.050049,0.123
8/23/2023 10:00,0.13762249,12220.29856,0.113
8/23/2023 11:00,0.1997502,16516.0839,0.109
8/23/2023 12:00,0.32124171,14008.85538,0.11
8/23/2023 13:00,0.459296253,13826.26888,0.116
8/23/2023 14:00,0.377613187,14929.37438,0.127
8/23/2023 15:00,0.198091797,14668.00424,0.148
8/23/2023 16:00,0.119301757,11741.29003,0.181
8/23/2023 17:00,0.023235997,10205.12871,0.244
8/23/2023 18:00,0,13953.37305,0.279
8/23/2023 19:00,0,11289.42797,0.294
8/23/2023 20:00,0,10020.8022,0.249
8/23/2023 21:00,0,13941.17557,0.213
8/23/2023 22:00,0,13633.77262,0.181
8/23/2023 23:00,0,15827.50812,0.163
8/24/2023 0:00,0,18028.82564,0.152
8/24/2023 1:00,0,13416.18363,0.143
8/24/2023 2:00,0,14640.3967,0.137
8/24/2023 3:00,0,15535.09027,0.137
8/24/2023 4:00,0,8643.945327,0.145
8/24/2023 5:00,0,8992.196467,0.172
8/24/2023 6:00,0,8006.452347,0.204
8/24/2023 7:00,0.008736161,4783.305842,0.185
8/24/2023 8:00,0.085042805,7897.6953,0.144
8/24/2023 9:00,0.258696223,11650.09157,0.123
8/24/2023 10:00,0.28329506,15501.31875,0.113
8/24/2023 11:00,0.223251703,13096.49948,0.109
8/24/2023 12:00,0.369579907,12784.27363,0.11
8/24/2023 13:00,0.28814361,8846.302741,0.116
8/24/2023 14:00,0.237962867,6634.595554,0.127
8/24/2023 15:00,0.10643495,3683.741963,0.148
8/24/2023 16:00,0.079349065,7716.651482,0.181
8/24/2023 17:00,0.012409786,8205.818383,0.244
8/24/2023 18:00,0,8905.834196,0.279
8/24/2023 19:00,0,7901.802649,0.294
8/24/2023 20:00,0,7971.041356,0.249
8/24/2023 21:00,0,11735.41348,0.213
8/24/2023 22:00,0,13788.90237,0.181
8/24/2023 23:00,0,12579.14857,0.163
8/25/2023 0:00,0,13452.6047,0.152
8/25/2023 1:00,0,4430.934016,0.143
8/25/2023 2:00,0,2578.005327,0.137
8/25/2023 3:00,0,1279.397541,0.137
8/25/2023 4:00,0,2841.373092,0.145
8/25/2023 5:00,0,7960.077683,0.172
8/25/2023 6:00,0,7883.364505,0.204
8/25/2023 7:00,0.007899364,8274.079912,0.185
8/25/2023 8:00,0.091706159,11226.80326,0.144
8/25/2023 9:00,0.27076735,12577.68843,0.123
8/25/2023 10:00,0.339649937,12467.56839,0.113
8/25/2023 11:00,0.325811347,11359.92253,0.109
8/25/2023 12:00,0.248449833,17160.24558,0.11
8/25/2023 13:00,0.26091975,17892.30532,0.116
8/25/2023 14:00,0.368364757,16651.26894,0.127
8/25/2023 15:00,0.275762583,13966.66412,0.148
8/25/2023 16:00,0.13198487,12434.5384,0.181
8/25/2023 17:00,0.027881224,13191.9028,0.244
8/25/2023 18:00,0,11578.27792,0.279
8/25/2023 19:00,0,11481.98638,0.294
8/25/2023 20:00,0,3064.890281,0.249
8/25/2023 21:00,0,4150.621714,0.213
8/25/2023 22:00,0,5094.151141,0.181
8/25/2023 23:00,0,1781.437747,0.163
8/26/2023 0:00,0,8915.862671,0.152
8/26/2023 1:00,0,4881.988927,0.143
8/26/2023 2:00,0,2509.156631,0.137
8/26/2023 3:00,0,4553.073632,0.137
8/26/2023 4:00,0,4569.492464,0.145
8/26/2023 5:00,0,3880.214972,0.172
8/26/2023 6:00,0,3392.116622,0.204
8/26/2023 7:00,0.023034492,7622.121816,0.185
8/26/2023 8:00,0.125542263,8324.589077,0.144
8/26/2023 9:00,0.273717393,5033.115552,0.123
8/26/2023 10:00,0.416101893,77.35323622,0.113
8/26/2023 11:00,0.498682023,2736.518878,0.109
8/26/2023 12:00,0.3937785,5439.088306,0.11
8/26/2023 13:00,0.34962756,6837.91791,0.116
8/26/2023 14:00,0.458433243,12746.41121,0.127
8/26/2023 15:00,0.312529467,15396.90403,0.148
8/26/2023 16:00,0.134234887,20696.32833,0.181
8/26/2023 17:00,0.028233965,19941.30587,0.244
8/26/2023 18:00,0,19515.12254,0.279
8/26/2023 19:00,0,19843.9568,0.294
8/26/2023 20:00,0,20500.99573,0.249
8/26/2023 21:00,0,20501.98519,0.213
8/26/2023 22:00,0,16399.11872,0.181
8/26/2023 23:00,0,15718.79806,0.163
8/27/2023 0:00,0,19349.83856,0.152
8/27/2023 1:00,0,18440.16892,0.143
8/27/2023 2:00,0,16347.52398,0.137
8/27/2023 3:00,0,15852.51163,0.137
8/27/2023 4:00,0,12943.87576,0.145
8/27/2023 5:00,0,10674.98312,0.172
8/27/2023 6:00,0,11306.54021,0.204
8/27/2023 7:00,0.023172459,8031.369409,0.185
8/27/2023 8:00,0.13658491,6502.411179,0.144
8/27/2023 9:00,0.291264327,6672.571971,0.123
8/27/2023 10:00,0.422588627,8471.206906,0.113
8/27/2023 11:00,0.501709453,8821.886237,0.109
8/27/2023 12:00,0.50848179,8073.618538,0.11
8/27/2023 13:00,0.352305827,10706.39209,0.116
8/27/2023 14:00,0.28617964,10440.68211,0.127
8/27/2023 15:00,0.18221746,7596.841988,0.148
8/27/2023 16:00,0.081931196,6631.918997,0.181
8/27/2023 17:00,0.020762187,6050.174999,0.244
8/27/2023 18:00,0,8784.916816,0.279
8/27/2023 19:00,0,14455.91981,0.294
8/27/2023 20:00,0,18095.53982,0.249
8/27/2023 21:00,0,16139.89039,0.213
8/27/2023 22:00,0,16376.11363,0.181
8/27/2023 23:00,0,10396.56834,0.163
8/28/2023 0:00,0,11813.41988,0.152
8/28/2023 1:00,0,11419.65913,0.143
8/28/2023 2:00,0,12804.99818,0.137
8/28/2023 3:00,0,13709.39991,0.137
8/28/2023 4:00,0,14530.80098,0.145
8/28/2023 5:00,0,13636.92217,0.172
8/28/2023 6:00,0,14317.3582,0.204
8/28/2023 7:00,0.018471351,11194.8029,0.185
8/28/2023 8:00,0.091788113,5052.104818,0.144
8/28/2023 9:00,0.155465193,7517.943204,0.123
8/28/2023 10:00,0.258718143,6077.281735,0.113
8/28/2023 11:00,0.29530418,8059.17269,0.109
8/28/2023 12:00,0.372831,9435.297901,0.11
8/28/2023 13:00,0.305461627,8825.462698,0.116
8/28/2023 14:00,0.28513412,8005.324582,0.127
8/28/2023 15:00,0.197468113,10146.44232,0.148
8/28/2023 16:00,0.103690688,9564.706893,0.181
8/28/2023 17:00,0.021632118,10741.35633,0.244
8/28/2023 18:00,0,13049.57089,0.279
8/28/2023 19:00,0,13346.42118,0.294
8/28/2023 20:00,0,10667.24928,0.249
8/28/2023 21:00,0,5658.946961,0.213
8/28/2023 22:00,0,6302.112867,0.181
8/28/2023 23:00,0,7374.718048,0.163
8/29/2023 0:00,0,11353.8866,0.152
8/29/2023 1:00,0,6336.364594,0.143
8/29/2023 2:00,0,4926.253671,0.137
8/29/2023 3:00,0,1474.714916,0.137
8/29/2023 4:00,0,806.7547192,0.145
8/29/2023 5:00,0,2433.339158,0.172
8/29/2023 6:00,0,4115.437674,0.204
8/29/2023 7:00,0.008396903,1903.251258,0.185
8/29/2023 8:00,0.047362844,3423.042291,0.144
8/29/2023 9:00,0.066846095,6699.003574,0.123
8/29/2023 10:00,0.173106243,3607.78377,0.113
8/29/2023 11:00,0.17206806,2385.800972,0.109
8/29/2023 12:00,0.315969773,3442.002776,0.11
8/29/2023 13:00,0.26761256,967.6826177,0.116
8/29/2023 14:00,0.172439017,7719.809407,0.127
8/29/2023 15:00,0.151797377,8058.349935,0.148
8/29/2023 16:00,0.081251868,7073.911002,0.181
8/29/2023 17:00,0.013080819,9522.54693,0.244
8/29/2023 18:00,0,7360.519129,0.279
8/29/2023 19:00,0,5890.128125,0.294
8/29/2023 20:00,0,8411.463782,0.249
8/29/2023 21:00,0,12090.77302,0.213
8/29/2023 22:00,0,14523.9802,0.181
8/29/2023 23:00,0,10684.40076,0.163
8/30/2023 0:00,0,12943.52158,0.152
8/30/2023 1:00,0,12025.96822,0.143
8/30/2023 2:00,0,10253.37268,0.137
8/30/2023 3:00,0,9743.657492,0.137
8/30/2023 4:00,0,13881.28112,0.145
8/30/2023 5:00,0,14385.80594,0.172
8/30/2023 6:00,0,11147.79619,0.204
8/30/2023 7:00,0.000176073,12984.75452,0.185
8/30/2023 8:00,0.02510848,15202.78853,0.144
8/30/2023 9:00,0.073697683,16677.8848,0.123
8/30/2023 10:00,0.101784345,15192.50617,0.113
8/30/2023 11:00,0.140341613,17979.62453,0.109
8/30/2023 12:00,0.24468595,19395.8303,0.11
8/30/2023 13:00,0.245132877,19242.77534,0.116
8/30/2023 14:00,0.219525063,15275.39728,0.127
8/30/2023 15:00,0.214815067,17378.26702,0.148
8/30/2023 16:00,0.102830642,16330.27332,0.181
8/30/2023 17:00,0.023480534,20315.72369,0.244
8/30/2023 18:00,0,16318.16004,0.279
8/30/2023 19:00,0,18765.07144,0.294
8/30/2023 20:00,0,19025.33631,0.249
8/30/2023 21:00,0,15467.09665,0.213
8/30/2023 22:00,0,15991.33442,0.181
8/30/2023 23:00,0,11920.31592,0.163
8/31/2023 0:00,0,14876.62958,0.152
8/31/2023 1:00,0,9624.218331,0.143
8/31/2023 2:00,0,7803.966912,0.137
8/31/2023 3:00,0,4771.90105,0.137
8/31/2023 4:00,0,8626.732177,0.145
8/31/2023 5:00,0,7131.70501,0.172
8/31/2023 6:00,0,4909.378719,0.204
8/31/2023 7:00,0.003963828,10144.35205,0.185
8/31/2023 8:00,0.053500663,9437.099563,0.144
8/31/2023 9:00,0.20114117,11150.31371,0.123
8/31/2023 10:00,0.321420673,14205.46455,0.113
8/31/2023 11:00,0.388575713,14659.96672,0.109
8/31/2023 12:00,0.42895606,8183.264285,0.11
8/31/2023 13:00,0.421668123,10745.04736,0.116
8/31/2023 14:00,0.414175937,11760.30837,0.127
8/31/2023 15:00,0.294830883,13016.8948,0.148
8/31/2023 16:00,0.12461841,12261.8923,0.181
8/31/2023 17:00,0.029725269,11840.23577,0.244
8/31/2023 18:00,0,8071.088158,0.279
8/31/2023 19:00,0,10372.55921,0.294
8/31/2023 20:00,0,12851.88619,0.249
8/31/2023 21:00,0,12508.31006,0.213
8/31/2023 22:00,0,15180.78854,0.181
8/31/2023 23:00,0,14691.12008,0.163
9/1/2023 0:00,0,8853.261763,0.152
9/1/2023 1:00,0,7164.343863,0.143
9/1/2023 2:00,0,14540.39922,0.137
9/1/2023 3:00,0,14084.71301,0.137
9/1/2023 4:00,0,6881.975241,0.145
9/1/2023 5:00,0,7113.651138,0.172
9/1/2023 6:00,0,7038.673852,0.204
9/1/2023 7:00,0.002995648,9643.064364,0.185
9/1/2023 8:00,0.027445479,12634.06328,0.144
9/1/2023 9:00,0.112264005,14322.18706,0.123
9/1/2023 10:00,0.202422697,13093.69151,0.113
9/1/2023 11:00,0.319628437,9735.697809,0.109
9/1/2023 12:00,0.334677907,6874.158619,0.11
9/1/2023 13:00,0.491199827,7677.532593,0.116
9/1/2023 14:00,0.35209221,7240.38708,0.127
9/1/2023 15:00,0.258044093,7319.138169,0.148
9/1/2023 16:00,0.152811573,6715.361251,0.181
9/1/2023 17:00,0.036960726,4618.627368,0.244
9/1/2023 18:00,0,12151.36791,0.279
9/1/2023 19:00,0,17973.55166,0.294
9/1/2023 20:00,0,17591.15961,0.249
9/1/2023 21:00,0,19529.15902,0.213
9/1/2023 22:00,0,14664.51506,0.181
9/1/2023 23:00,0,13922.04071,0.163
9/2/2023 0:00,0,10038.05863,0.152
9/2/2023 1:00,0,7344.293963,0.143
9/2/2023 2:00,0,10783.5584,0.137
9/2/2023 3:00,0,11628.18766,0.137
9/2/2023 4:00,0,8624.708222,0.145
9/2/2023 5:00,0,7815.384146,0.172
9/2/2023 6:00,0,9430.431765,0.204
9/2/2023 7:00,0.001806383,10879.81598,0.185
9/2/2023 8:00,0.087958417,13549.76606,0.144
9/2/2023 9:00,0.310874003,17964.55049,0.123
9/2/2023 10:00,0.34739213,21246.31577,0.113
9/2/2023 11:00,0.228239843,21297.35785,0.109
9/2/2023 12:00,0.282021073,22245.92642,0.11
9/2/2023 13:00,0.495823953,22055.0646,0.116
9/2/2023 14:00,0.41259792,20542.74885,0.127
9/2/2023 15:00,0.278691793,18960.40827,0.148
9/2/2023 16:00,0.091088022,14944.17667,0.181
9/2/2023 17:00,0.019517021,13465.9443,0.244
9/2/2023 18:00,0,14572.18659,0.279
9/2/2023 19:00,0,14121.94424,0.294
9/2/2023 20:00,0,13494.32783,0.249
9/2/2023 21:00,0,12495.85654,0.213
9/2/2023 22:00,0,10775.60922,0.181
9/2/2023 23:00,0,11280.51807,0.163
9/3/2023 0:00,0,5812.092469,0.152
9/3/2023 1:00,0,6200.57636,0.143
9/3/2023 2:00,0,4269.017755,0.137
9/3/2023 3:00,0,4604.762341,0.137
9/3/2023 4:00,0,729.833539,0.145
9/3/2023 5:00,0,292.5341067,0.172
9/3/2023 6:00,0,1364.005342,0.204
9/3/2023 7:00,0.007453417,0,0.185
9/3/2023 8:00,0.057047512,3474.471716,0.144
9/3/2023 9:00,0.088695383,1525.762705,0.123
9/3/2023 10:00,0.144001977,5296.805756,0.113
9/3/2023 11:00,0.195617337,5977.578749,0.109
9/3/2023 12:00,0.272123447,4291.198807,0.11
9/3/2023 13:00,0.45064346,7007.201086,0.116
9/3/2023 14:00,0.348521453,10537.17056,0.127
9/3/2023 15:00,0.192842383,11394.59071,0.148
9/3/2023 16:00,0.024674996,12887.22482,0.181
9/3/2023 17:00,0.001929865,12685.4081,0.244
9/3/2023 18:00,0,14545.66032,0.279
9/3/2023 19:00,0,20862.03513,0.294
9/3/2023 20:00,0,19028.32414,0.249
9/3/2023 21:00,0,15276.8628,0.213
9/3/2023 22:00,0,14160.1817,0.181
9/3/2023 23:00,0,14959.42946,0.163
9/4/2023 0:00,0,9264.31177,0.152
9/4/2023 1:00,0,5766.70515,0.143
9/4/2023 2:00,0,6088.661382,0.137
9/4/2023 3:00,0,6454.590873,0.137
9/4/2023 4:00,0,10296.93371,0.145
9/4/2023 5:00,0,12314.81914,0.172
9/4/2023 6:00,0,10777.25791,0.204
9/4/2023 7:00,0.009965065,11263.31487,0.185
9/4/2023 8:00,0.040894251,12475.58822,0.144
9/4/2023 9:00,0.061065504,13262.70394,0.123
9/4/2023 10:00,0.137288857,14306.17401,0.113
9/4/2023 11:00,0.185681353,13283.49006,0.109
9/4/2023 12:00,0.249408707,11832.6799,0.11
9/4/2023 13:00,0.241804243,13146.72723,0.116
9/4/2023 14:00,0.185310297,15548.00214,0.127
9/4/2023 15:00,0.183883327,16289.85175,0.148
9/4/2023 16:00,0.092271833,16444.56518,0.181
9/4/2023 17:00,0.023953701,14163.43625,0.244
9/4/2023 18:00,0,13110.06146,0.279
9/4/2023 19:00,0,9350.489208,0.294
9/4/2023 20:00,0,9186.581333,0.249
9/4/2023 21:00,0,7081.385448,0.213
9/4/2023 22:00,0,10284.60826,0.181
9/4/2023 23:00,0,10839.34714,0.163
9/5/2023 0:00,0,8148.051475,0.152
9/5/2023 1:00,0,7846.548663,0.143
9/5/2023 2:00,0,8613.951627,0.137
9/5/2023 3:00,0,8066.69252,0.137
9/5/2023 4:00,0,12632.32894,0.145
9/5/2023 5:00,0,9041.142536,0.172
9/5/2023 6:00,0,6116.835388,0.204
9/5/2023 7:00,0.000701056,6590.203312,0.185
9/5/2023 8:00,0.023223014,6674.323767,0.144
9/5/2023 9:00,0.055661305,8459.395613,0.123
9/5/2023 10:00,0.090746093,8641.620586,0.113
9/5/2023 11:00,0.115422387,9950.003782,0.109
9/5/2023 12:00,0.26789211,10897.65169,0.11
9/5/2023 13:00,0.302973727,14133.31015,0.116
9/5/2023 14:00,0.22898388,18012.77905,0.127
9/5/2023 15:00,0.136744783,19108.50397,0.148
9/5/2023 16:00,0.063081937,14352.1639,0.181
9/5/2023 17:00,0.005261353,18823.22748,0.244
9/5/2023 18:00,0,18387.2549,0.279
9/5/2023 19:00,0,17556.7157,0.294
9/5/2023 20:00,0,20402.33267,0.249
9/5/2023 21:00,0,18354.38097,0.213
9/5/2023 22:00,0,17248.01765,0.181
9/5/2023 23:00,0,14666.66477,0.163
9/6/2023 0:00,0,10191.03974,0.152
9/6/2023 1:00,0,9174.412993,0.143
9/6/2023 2:00,0,9192.101853,0.137
9/6/2023 3:00,0,10292.96844,0.137
9/6/2023 4:00,0,9854.530536,0.145
9/6/2023 5:00,0,5363.858782,0.172
9/6/2023 6:00,0,2907.891264,0.204
9/6/2023 7:00,0.007826605,6353.067272,0.185
9/6/2023 8:00,0.034762125,9691.684935,0.144
9/6/2023 9:00,0.076513845,9376.140749,0.123
9/6/2023 10:00,0.154533227,8412.835247,0.113
9/6/2023 11:00,0.161649347,9713.783702,0.109
9/6/2023 12:00,0.18495108,9985.45081,0.11
9/6/2023 13:00,0.168454347,9081.326933,0.116
9/6/2023 14:00,0.12429514,13401.44309,0.127
9/6/2023 15:00,0.100494803,16191.08437,0.148
9/6/2023 16:00,0.029081594,16690.04591,0.181
9/6/2023 17:00,0.003499311,18628.69245,0.244
9/6/2023 18:00,0,15490.1804,0.279
9/6/2023 19:00,0,14087.50519,0.294
9/6/2023 20:00,0,15300.70998,0.249
9/6/2023 21:00,0,15645.90462,0.213
9/6/2023 22:00,0,14408.78548,0.181
9/6/2023 23:00,0,11776.4718,0.163
9/7/2023 0:00,0,9024.950036,0.152
9/7/2023 1:00,0,8461.991755,0.143
9/7/2023 2:00,0,11401.84017,0.137
9/7/2023 3:00,0,11489.62641,0.137
9/7/2023 4:00,0,11198.88112,0.145
9/7/2023 5:00,0,8837.816383,0.172
9/7/2023 6:00,0,6784.894975,0.204
9/7/2023 7:00,0.001508577,8608.165185,0.185
9/7/2023 8:00,0.015596305,6232.661092,0.144
9/7/2023 9:00,0.035779824,8863.683866,0.123
9/7/2023 10:00,0.066275487,6124.613544,0.113
9/7/2023 11:00,0.096829873,9767.145549,0.109
9/7/2023 12:00,0.069454561,12142.64591,0.11
9/7/2023 13:00,0.074242878,6709.411992,0.116
9/7/2023 14:00,0.050430849,5400.211921,0.127
9/7/2023 15:00,0.041625409,5819.552288,0.148
9/7/2023 16:00,0.02757159,3260.366621,0.181
9/7/2023 17:00,0.004020027,8439.910765,0.244
9/7/2023 18:00,0,13445.75337,0.279
9/7/2023 19:00,0,11830.52874,0.294
9/7/2023 20:00,0,12852.94529,0.249
9/7/2023 21:00,0,14641.28703,0.213
9/7/2023 22:00,0,13660.17744,0.181
9/7/2023 23:00,0,11377.22741,0.163
9/8/2023 0:00,0,10663.22057,0.152
9/8/2023 1:00,0,6842.487144,0.143
9/8/2023 2:00,0,4072.439427,0.137
9/8/2023 3:00,0,5335.606122,0.137
9/8/2023 4:00,0,7161.984433,0.145
9/8/2023 5:00,0,4889.276528,0.172
9/8/2023 6:00,0,3694.189733,0.204
9/8/2023 7:00,0.00232512,3418.621816,0.185
9/8/2023 8:00,0.039291018,7224.312153,0.144
9/8/2023 9:00,0.070384939,10814.80524,0.123
9/8/2023 10:00,0.090638108,16165.65908,0.113
9/8/2023 11:00,0.210340477,16491.47416,0.109
9/8/2023 12:00,0.294465877,18139.16259,0.11
9/8/2023 13:00,0.38276303,18489.47374,0.116
9/8/2023 14:00,0.362349087,20227.30671,0.127
9/8/2023 15:00,0.287588557,21552.14785,0.148
9/8/2023 16:00,0.162234227,17698.0524,0.181
9/8/2023 17:00,0.044231046,20872.466,0.244
9/8/2023 18:00,7.30E-05,20622.29016,0.279
9/8/2023 19:00,0,15028.35456,0.294
9/8/2023 20:00,0,13713.47245,0.249
9/8/2023 21:00,0,14985.03838,0.213
9/8/2023 22:00,0,16899.05392,0.181
9/8/2023 23:00,0,12251.01968,0.163
9/9/2023 0:00,0,10709.66324,0.152
9/9/2023 1:00,0,7437.525967,0.143
9/9/2023 2:00,0,3276.248155,0.137
9/9/2023 3:00,0,7471.389165,0.137
9/9/2023 4:00,0,5375.580899,0.145
9/9/2023 5:00,0,5628.108612,0.172
9/9/2023 6:00,0,6992.765519,0.204
9/9/2023 7:00,0.021862546,7147.993821,0.185
9/9/2023 8:00,0.129435923,10194.43522,0.144
9/9/2023 9:00,0.27138175,12980.67458,0.123
9/9/2023 10:00,0.346938447,13154.24513,0.113
9/9/2023 11:00,0.43784456,15458.77463,0.109
9/9/2023 12:00,0.356647837,13547.64504,0.11
9/9/2023 13:00,0.489381693,14222.15896,0.116
9/9/2023 14:00,0.249073827,17494.64338,0.127
9/9/2023 15:00,0.11272109,18907.16576,0.148
9/9/2023 16:00,0.073911903,18579.34462,0.181
9/9/2023 17:00,0.003141951,18105.33279,0.244
9/9/2023 18:00,0,16886.08274,0.279
9/9/2023 19:00,0,15331.27099,0.294
9/9/2023 20:00,0,12116.82502,0.249
9/9/2023 21:00,0,7960.623044,0.213
9/9/2023 22:00,0,12888.12169,0.181
9/9/2023 23:00,0,9170.890687,0.163
9/10/2023 0:00,0,7514.069183,0.152
9/10/2023 1:00,0,4681.932118,0.143
9/10/2023 2:00,0,7438.179533,0.137
9/10/2023 3:00,0,8147.605839,0.137
9/10/2023 4:00,0,5155.046282,0.145
9/10/2023 5:00,0,5205.573107,0.172
9/10/2023 6:00,0,8685.881453,0.204
9/10/2023 7:00,0,5806.469354,0.185
9/10/2023 8:00,0.014757229,6248.438489,0.144
9/10/2023 9:00,0.046875325,6409.088009,0.123
9/10/2023 10:00,0.082548335,9104.38461,0.113
9/10/2023 11:00,0.110593142,9721.600945,0.109
9/10/2023 12:00,0.16179438,13131.9884,0.11
9/10/2023 13:00,0.20665672,16301.48247,0.116
9/10/2023 14:00,0.25155828,17219.53382,0.127
9/10/2023 15:00,0.1648273,16354.22173,0.148
9/10/2023 16:00,0.08328487,15830.64466,0.181
9/10/2023 17:00,0.017127061,13345.3264,0.244
9/10/2023 18:00,0,10485.30418,0.279
9/10/2023 19:00,0,11735.982,0.294
9/10/2023 20:00,0,10634.62377,0.249
9/10/2023 21:00,0,8248.806522,0.213
9/10/2023 22:00,0,5143.016846,0.181
9/10/2023 23:00,0,5425.930906,0.163
9/11/2023 0:00,0,3605.882169,0.152
9/11/2023 1:00,0,2732.394623,0.143
9/11/2023 2:00,0,6391.703378,0.137
9/11/2023 3:00,0,7372.140637,0.137
9/11/2023 4:00,0,5423.728158,0.145
9/11/2023 5:00,0,3630.145328,0.172
9/11/2023 6:00,0,6331.98055,0.204
9/11/2023 7:00,0.000717022,7726.257197,0.185
9/11/2023 8:00,0.012398378,5812.265024,0.144
9/11/2023 9:00,0.023454156,7190.95245,0.123
9/11/2023 10:00,0.060398903,7617.084227,0.113
9/11/2023 11:00,0.072496565,10237.91919,0.109
9/11/2023 12:00,0.11018769,16558.49769,0.11
9/11/2023 13:00,0.095625247,15930.61493,0.116
9/11/2023 14:00,0.076535472,16714.36269,0.127
9/11/2023 15:00,0.042977484,14001.37193,0.148
9/11/2023 16:00,0.027500311,18118.45516,0.181
9/11/2023 17:00,0.006088717,13172.7563,0.244
9/11/2023 18:00,0,11739.92412,0.279
9/11/2023 19:00,0,12680.59138,0.294
9/11/2023 20:00,0,9910.280806,0.249
9/11/2023 21:00,0,6919.040148,0.213
9/11/2023 22:00,0,8309.235604,0.181
9/11/2023 23:00,0,5757.106297,0.163
9/12/2023 0:00,0,3382.423992,0.152
9/12/2023 1:00,0,2932.857359,0.143
9/12/2023 2:00,0,4195.64904,0.137
9/12/2023 3:00,0,6177.188196,0.137
9/12/2023 4:00,0,7590.810189,0.145
9/12/2023 5:00,0,8870.791712,0.172
9/12/2023 6:00,0,11020.91689,0.204
9/12/2023 7:00,0.001075378,7590.601308,0.185
9/12/2023 8:00,0.013768621,6560.013615,0.144
9/12/2023 9:00,0.039311392,7053.670305,0.123
9/12/2023 10:00,0.103821295,5591.916172,0.113
9/12/2023 11:00,0.242635403,8835.305214,0.109
9/12/2023 12:00,0.25926256,11696.79888,0.11
9/12/2023 13:00,0.22272595,13446.95045,0.116
9/12/2023 14:00,0.199449227,15792.25374,0.127
9/12/2023 15:00,0.11512233,12141.04575,0.148
9/12/2023 16:00,0.055372983,11492.3615,0.181
9/12/2023 17:00,0.017689363,8173.696441,0.244
9/12/2023 18:00,0,8610.395794,0.279
9/12/2023 19:00,0,12157.16037,0.294
9/12/2023 20:00,0,13236.73275,0.249
9/12/2023 21:00,0,14440.52987,0.213
9/12/2023 22:00,0,12665.59681,0.181
9/12/2023 23:00,0,15398.58695,0.163
9/13/2023 0:00,0,17146.23236,0.152
9/13/2023 1:00,0,13896.72259,0.143
9/13/2023 2:00,0,12273.27283,0.137
9/13/2023 3:00,0,12129.65757,0.137
9/13/2023 4:00,0,7919.689266,0.145
9/13/2023 5:00,0,6771.941362,0.172
9/13/2023 6:00,0,5355.089151,0.204
9/13/2023 7:00,0.006152291,4559.320824,0.185
9/13/2023 8:00,0.045419813,7411.66237,0.144
9/13/2023 9:00,0.100178863,11894.6072,0.123
9/13/2023 10:00,0.15036741,10356.34395,0.113
9/13/2023 11:00,0.12902995,7614.58227,0.109
9/13/2023 12:00,0.147155953,9082.41745,0.11
9/13/2023 13:00,0.147619523,6056.548155,0.116
9/13/2023 14:00,0.103013818,8382.855533,0.127
9/13/2023 15:00,0.080679281,8763.580378,0.148
9/13/2023 16:00,0.034070028,11212.44038,0.181
9/13/2023 17:00,0.001834679,13517.55381,0.244
9/13/2023 18:00,0,13436.36992,0.279
9/13/2023 19:00,0,14196.12171,0.294
9/13/2023 20:00,0,14802.61389,0.249
9/13/2023 21:00,0,16149.71829,0.213
9/13/2023 22:00,0,11847.44238,0.181
9/13/2023 23:00,0,8936.259404,0.163
9/14/2023 0:00,0,8038.921773,0.152
9/14/2023 1:00,0,5316.504166,0.143
9/14/2023 2:00,0,5321.168844,0.137
9/14/2023 3:00,0,9242.825714,0.137
9/14/2023 4:00,0,10038.32601,0.145
9/14/2023 5:00,0,10027.35478,0.172
9/14/2023 6:00,0,11353.45866,0.204
9/14/2023 7:00,0,8350.258473,0.185
9/14/2023 8:00,0.005328771,8771.634334,0.144
9/14/2023 9:00,0.024561704,12818.26625,0.123
9/14/2023 10:00,0.041736552,15603.15314,0.113
9/14/2023 11:00,0.047527923,15928.00583,0.109
9/14/2023 12:00,0.084942682,14097.84722,0.11
9/14/2023 13:00,0.080276337,13722.65809,0.116
9/14/2023 14:00,0.038574834,14077.08602,0.127
9/14/2023 15:00,0.03111972,12875.25187,0.148
9/14/2023 16:00,0.018152011,10935.45972,0.181
9/14/2023 17:00,0.000755742,13507.8937,0.244
9/14/2023 18:00,0,10606.22411,0.279
9/14/2023 19:00,0,10776.64793,0.294
9/14/2023 20:00,0,14564.55734,0.249
9/14/2023 21:00,0,13019.52548,0.213
9/14/2023 22:00,0,12172.35662,0.181
9/14/2023 23:00,0,7612.999663,0.163
9/15/2023 0:00,0,8096.325494,0.152
9/15/2023 1:00,0,11268.45343,0.143
9/15/2023 2:00,0,9497.959006,0.137
9/15/2023 3:00,0,8769.236876,0.137
9/15/2023 4:00,0,7213.913529,0.145
9/15/2023 5:00,0,8194.404358,0.172
9/15/2023 6:00,0,6726.662057,0.204
9/15/2023 7:00,0.002845571,7007.043203,0.185
9/15/2023 8:00,0.014211395,4786.245423,0.144
9/15/2023 9:00,0.030674728,11431.76078,0.123
9/15/2023 10:00,0.051210342,13431.46034,0.113
9/15/2023 11:00,0.07905825,11241.15188,0.109
9/15/2023 12:00,0.102714307,10428.60957,0.11
9/15/2023 13:00,0.093329298,15028.81396,0.116
9/15/2023 14:00,0.077143275,15910.7856,0.127
9/15/2023 15:00,0.037005246,15825.04606,0.148
9/15/2023 16:00,0.031670373,15275.87068,0.181
9/15/2023 17:00,0.007457492,14479.43641,0.244
9/15/2023 18:00,0,17134.08001,0.279
9/15/2023 19:00,0,17362.70455,0.294
9/15/2023 20:00,0,13392.53923,0.249
9/15/2023 21:00,0,13786.17144,0.213
9/15/2023 22:00,0,11989.0618,0.181
9/15/2023 23:00,0,12831.11607,0.163
9/16/2023 0:00,0,11541.08739,0.152
9/16/2023 1:00,0,8452.485286,0.143
9/16/2023 2:00,0,6815.204616,0.137
9/16/2023 3:00,0,8987.93248,0.137
9/16/2023 4:00,0,7627.38654,0.145
9/16/2023 5:00,0,13536.04618,0.172
9/16/2023 6:00,0,14126.84349,0.204
9/16/2023 7:00,0.008810604,14709.7958,0.185
9/16/2023 8:00,0.030669575,13013.19264,0.144
9/16/2023 9:00,0.07096576,17937.96962,0.123
9/16/2023 10:00,0.075354563,18112.859,0.113
9/16/2023 11:00,0.171261883,13423.65769,0.109
9/16/2023 12:00,0.18419973,13827.80417,0.11
9/16/2023 13:00,0.210124643,13306.71053,0.116
9/16/2023 14:00,0.18626686,15532.08023,0.127
9/16/2023 15:00,0.061613224,18387.12854,0.148
9/16/2023 16:00,0.023241944,20999.95467,0.181
9/16/2023 17:00,0.005079105,22603.75805,0.244
9/16/2023 18:00,0,20924.06367,0.279
9/16/2023 19:00,0,19502.37705,0.294
9/16/2023 20:00,0,15143.05192,0.249
9/16/2023 21:00,0,18531.86966,0.213
9/16/2023 22:00,0,15205.93237,0.181
9/16/2023 23:00,0,15987.52525,0.163
9/17/2023 0:00,0,17156.40765,0.152
9/17/2023 1:00,0,13539.19535,0.143
9/17/2023 2:00,0,6949.246404,0.137
9/17/2023 3:00,0,11093.53816,0.137
9/17/2023 4:00,0,10499.53036,0.145
9/17/2023 5:00,0,11341.69138,0.172
9/17/2023 6:00,0,11354.10315,0.204
9/17/2023 7:00,0.002869107,9721.622864,0.185
9/17/2023 8:00,0.042347561,11781.1268,0.144
9/17/2023 9:00,0.103395327,12072.6087,0.123
9/17/2023 10:00,0.147423023,14167.02342,0.113
9/17/2023 11:00,0.20801144,12719.44606,0.109
9/17/2023 12:00,0.3372851,13083.7181,0.11
9/17/2023 13:00,0.442181987,11152.58349,0.116
9/17/2023 14:00,0.460556603,13007.52514,0.127
9/17/2023 15:00,0.338913157,18306.94697,0.148
9/17/2023 16:00,0.189738617,14395.42227,0.181
9/17/2023 17:00,0.054956856,20355.2788,0.244
9/17/2023 18:00,0.000836283,21236.05682,0.279
9/17/2023 19:00,0,16108.5174,0.294
9/17/2023 20:00,0,17148.90981,0.249
9/17/2023 21:00,0,16681.08406,0.213
9/17/2023 22:00,0,17055.27963,0.181
9/17/2023 23:00,0,16888.3233,0.163
9/18/2023 0:00,0,9941.858378,0.152
9/18/2023 1:00,0,10293.38654,0.143
9/18/2023 2:00,0,7261.01722,0.137
9/18/2023 3:00,0,9547.922208,0.137
9/18/2023 4:00,0,9226.479495,0.145
9/18/2023 5:00,0,10680.88389,0.172
9/18/2023 6:00,0,11342.24742,0.204
9/18/2023 7:00,0.034154781,11876.35691,0.185
9/18/2023 8:00,0.172855313,12722.74265,0.144
9/18/2023 9:00,0.353274073,18907.93767,0.123
9/18/2023 10:00,0.49584947,17235.42096,0.113
9/18/2023 11:00,0.570404823,18981.35524,0.109
9/18/2023 12:00,0.594077947,15492.62265,0.11
9/18/2023 13:00,0.566709867,20356.01288,0.116
9/18/2023 14:00,0.49257762,21350.5386,0.127
9/18/2023 15:00,0.36317781,18125.77719,0.148
9/18/2023 16:00,0.20443278,14908.27114,0.181
9/18/2023 17:00,0.056049388,18382.55133,0.244
9/18/2023 18:00,0.000973815,19098.30381,0.279
9/18/2023 19:00,0,17201.33502,0.294
9/18/2023 20:00,0,17197.74355,0.249
9/18/2023 21:00,0,16037.73577,0.213
9/18/2023 22:00,0,13427.86175,0.181
9/18/2023 23:00,0,14367.16056,0.163
9/19/2023 0:00,0,15641.1545,0.152
9/19/2023 1:00,0,11759.68219,0.143
9/19/2023 2:00,0,10641.77594,0.137
9/19/2023 3:00,0,11621.19549,0.137
9/19/2023 4:00,0,13757.63591,0.145
9/19/2023 5:00,0,12945.68866,0.172
9/19/2023 6:00,0,12606.1044,0.204
9/19/2023 7:00,0.035344331,8633.074679,0.185
9/19/2023 8:00,0.17257314,9392.02365,0.144
9/19/2023 9:00,0.355012757,12591.29436,0.123
9/19/2023 10:00,0.50136904,15586.78876,0.113
9/19/2023 11:00,0.578379723,13380.45788,0.109
9/19/2023 12:00,0.5994241,14110.02817,0.11
9/19/2023 13:00,0.565951953,15770.58995,0.116
9/19/2023 14:00,0.487207467,16268.38414,0.127
9/19/2023 15:00,0.359421653,11369.51634,0.148
9/19/2023 16:00,0.20254298,11086.85025,0.181
9/19/2023 17:00,0.056055013,13858.88467,0.244
9/19/2023 18:00,0.000996335,12334.12149,0.279
9/19/2023 19:00,0,15354.8685,0.294
9/19/2023 20:00,0,16912.9979,0.249
9/19/2023 21:00,0,13904.53831,0.213
9/19/2023 22:00,0,14291.43073,0.181
9/19/2023 23:00,0,14468.8035,0.163
9/20/2023 0:00,0,9205.484885,0.152
9/20/2023 1:00,0,11919.76042,0.143
9/20/2023 2:00,0,7947.823379,0.137
9/20/2023 3:00,0,8489.051888,0.137
9/20/2023 4:00,0,7849.037708,0.145
9/20/2023 5:00,0,9616.360305,0.172
9/20/2023 6:00,0,9123.240175,0.204
9/20/2023 7:00,0.026728398,14292.30094,0.185
9/20/2023 8:00,0.096084107,13870.19331,0.144
9/20/2023 9:00,0.231651027,14293.5274,0.123
9/20/2023 10:00,0.336983817,16348.19221,0.113
9/20/2023 11:00,0.365973583,18959.98186,0.109
9/20/2023 12:00,0.344425827,17374.91849,0.11
9/20/2023 13:00,0.437804353,18169.12903,0.116
9/20/2023 14:00,0.45013726,18902.09143,0.127
9/20/2023 15:00,0.334651677,18635.85288,0.148
9/20/2023 16:00,0.20339075,20585.36919,0.181
9/20/2023 17:00,0.058035644,21005.2197,0.244
9/20/2023 18:00,0.001133399,22411.66045,0.279
9/20/2023 19:00,0,22489.07045,0.294
9/20/2023 20:00,0,19815.64648,0.249
9/20/2023 21:00,0,15225.32968,0.213
9/20/2023 22:00,0,14924.73233,0.181
9/20/2023 23:00,0,10041.53942,0.163
9/21/2023 0:00,0,7400.782993,0.152
9/21/2023 1:00,0,7334.14258,0.143
9/21/2023 2:00,0,6419.474425,0.137
9/21/2023 3:00,0,8174.23037,0.137
9/21/2023 4:00,0,9609.876542,0.145
9/21/2023 5:00,0,9184.21222,0.172
9/21/2023 6:00,0,10919.64888,0.204
9/21/2023 7:00,0.034164468,7034.914215,0.185
9/21/2023 8:00,0.136189137,6640.417007,0.144
9/21/2023 9:00,0.305668973,7392.206492,0.123
9/21/2023 10:00,0.480188357,6991.331002,0.113
9/21/2023 11:00,0.553391267,6064.449923,0.109
9/21/2023 12:00,0.570937853,10280.37931,0.11
9/21/2023 13:00,0.5484978,9126.445345,0.116
9/21/2023 14:00,0.473812947,11904.23944,0.127
9/21/2023 15:00,0.347276367,13951.66892,0.148
9/21/2023 16:00,0.200163893,12844.56061,0.181
9/21/2023 17:00,0.057732345,13629.57944,0.244
9/21/2023 18:00,0.001177419,12207.92895,0.279
9/21/2023 19:00,0,9929.242544,0.294
9/21/2023 20:00,0,12945.78419,0.249
9/21/2023 21:00,0,16803.48957,0.213
9/21/2023 22:00,0,19265.33388,0.181
9/21/2023 23:00,0,13409.33417,0.163
9/22/2023 0:00,0,13474.21621,0.152
9/22/2023 1:00,0,12266.50355,0.143
9/22/2023 2:00,0,9561.674791,0.137
9/22/2023 3:00,0,10834.39934,0.137
9/22/2023 4:00,0,5494.837641,0.145
9/22/2023 5:00,0,7909.430621,0.172
9/22/2023 6:00,0,6521.381828,0.204
9/22/2023 7:00,0.025903283,7107.459416,0.185
9/22/2023 8:00,0.13509586,7142.203031,0.144
9/22/2023 9:00,0.350111317,7491.118774,0.123
9/22/2023 10:00,0.515478953,12657.21749,0.113
9/22/2023 11:00,0.536709297,11065.18056,0.109
9/22/2023 12:00,0.545549453,12583.68263,0.11
9/22/2023 13:00,0.48987678,11876.56361,0.116
9/22/2023 14:00,0.431267187,10501.97803,0.127
9/22/2023 15:00,0.321859183,9607.503821,0.148
9/22/2023 16:00,0.20521487,13215.29553,0.181
9/22/2023 17:00,0.065490471,14599.30838,0.244
9/22/2023 18:00,0.002236491,14939.48464,0.279
9/22/2023 19:00,0,12128.1295,0.294
9/22/2023 20:00,0,14355.93762,0.249
9/22/2023 21:00,0,17997.8361,0.213
9/22/2023 22:00,0,14445.22597,0.181
9/22/2023 23:00,0,12779.44264,0.163
9/23/2023 0:00,0,10161.4455,0.152
9/23/2023 1:00,0,8310.823527,0.143
9/23/2023 2:00,0,3105.982313,0.137
9/23/2023 3:00,0,3868.516915,0.137
9/23/2023 4:00,0,8906.960925,0.145
9/23/2023 5:00,0,10422.71521,0.172
9/23/2023 6:00,0,10187.11258,0.204
9/23/2023 7:00,0.03467679,13357.70706,0.185
9/23/2023 8:00,0.155769228,10720.26474,0.144
9/23/2023 9:00,0.207019167,12951.54875,0.123
9/23/2023 10:00,0.169712583,16330.10551,0.113
9/23/2023 11:00,0.124845382,18667.05149,0.109
9/23/2023 12:00,0.11685658,17969.12127,0.11
9/23/2023 13:00,0.08607741,14185.39204,0.116
9/23/2023 14:00,0.100272953,12747.51646,0.127
9/23/2023 15:00,0.084696807,15734.92451,0.148
9/23/2023 16:00,0.030806135,16973.56896,0.181
9/23/2023 17:00,0.008483727,19106.02714,0.244
9/23/2023 18:00,0,17871.37985,0.279
9/23/2023 19:00,0,19384.30664,0.294
9/23/2023 20:00,0,21103.70549,0.249
9/23/2023 21:00,0,20781.75682,0.213
9/23/2023 22:00,0,17768.66048,0.181
9/23/2023 23:00,0,18504.61124,0.163
9/24/2023 0:00,0,12389.28483,0.152
9/24/2023 1:00,0,9340.821627,0.143
9/24/2023 2:00,0,9445.438907,0.137
9/24/2023 3:00,0,9769.436981,0.137
9/24/2023 4:00,0,9193.967,0.145
9/24/2023 5:00,0,9130.946143,0.172
9/24/2023 6:00,0,11558.45528,0.204
9/24/2023 7:00,0.004795024,19247.81826,0.185
9/24/2023 8:00,0.044815407,17566.61061,0.144
9/24/2023 9:00,0.06700212,15196.78708,0.123
9/24/2023 10:00,0.095528873,15577.68402,0.113
9/24/2023 11:00,0.175499053,11199.85751,0.109
9/24/2023 12:00,0.15927306,9817.09074,0.11
9/24/2023 13:00,0.129917973,13154.91475,0.116
9/24/2023 14:00,0.119949868,13157.31493,0.127
9/24/2023 15:00,0.132602171,17105.5978,0.148
9/24/2023 16:00,0.084581347,15493.76985,0.181
9/24/2023 17:00,0.024549311,15492.95259,0.244
9/24/2023 18:00,0,15467.92649,0.279
9/24/2023 19:00,0,12264.76875,0.294
9/24/2023 20:00,0,6594.549566,0.249
9/24/2023 21:00,0,6556.963759,0.213
9/24/2023 22:00,0,8116.233979,0.181
9/24/2023 23:00,0,8015.106755,0.163
9/25/2023 0:00,0,3265.596898,0.152
9/25/2023 1:00,0,1781.728657,0.143
9/25/2023 2:00,0,2447.847396,0.137
9/25/2023 3:00,0,6102.123615,0.137
9/25/2023 4:00,0,4339.940195,0.145
9/25/2023 5:00,0,9102.528923,0.172
9/25/2023 6:00,0,12519.21076,0.204
9/25/2023 7:00,0.011620371,11283.16633,0.185
9/25/2023 8:00,0.048033704,14099.00085,0.144
9/25/2023 9:00,0.072065525,9543.429267,0.123
9/25/2023 10:00,0.118056461,15009.6172,0.113
9/25/2023 11:00,0.234899787,16070.17594,0.109
9/25/2023 12:00,0.232524153,17715.84281,0.11
9/25/2023 13:00,0.23317421,18238.17295,0.116
9/25/2023 14:00,0.314406793,18704.65978,0.127
9/25/2023 15:00,0.136815523,20262.91703,0.148
9/25/2023 16:00,0.079428502,18720.51044,0.181
9/25/2023 17:00,0.009463633,17538.7191,0.244
9/25/2023 18:00,0,19359.33944,0.279
9/25/2023 19:00,0,17142.79636,0.294
9/25/2023 20:00,0,16485.77958,0.249
9/25/2023 21:00,0,13161.11522,0.213
9/25/2023 22:00,0,12247.87467,0.181
9/25/2023 23:00,0,11432.2865,0.163
9/26/2023 0:00,0,9651.475674,0.152
9/26/2023 1:00,0,7309.732787,0.143
9/26/2023 2:00,0,4980.500927,0.137
9/26/2023 3:00,0,5411.816678,0.137
9/26/2023 4:00,0,8345.301019,0.145
9/26/2023 5:00,0,3437.583948,0.172
9/26/2023 6:00,0,2971.438475,0.204
9/26/2023 7:00,0.005143896,3695.169299,0.185
9/26/2023 8:00,0.031343124,3883.449684,0.144
9/26/2023 9:00,0.038601663,6870.296228,0.123
9/26/2023 10:00,0.13137252,10031.73649,0.113
9/26/2023 11:00,0.096383585,11575.26748,0.109
9/26/2023 12:00,0.183035357,14372.6867,0.11
9/26/2023 13:00,0.24217829,12237.22761,0.116
9/26/2023 14:00,0.097541972,14526.67454,0.127
9/26/2023 15:00,0.049434695,13419.65791,0.148
9/26/2023 16:00,0.026520211,19197.44595,0.181
9/26/2023 17:00,0.007150087,17624.84587,0.244
9/26/2023 18:00,0,20663.05029,0.279
9/26/2023 19:00,0,20162.15591,0.294
9/26/2023 20:00,0,17903.92554,0.249
9/26/2023 21:00,0,13516.53716,0.213
9/26/2023 22:00,0,11685.096,0.181
9/26/2023 23:00,0,12560.8349,0.163
9/27/2023 0:00,0,9728.90409,0.152
9/27/2023 1:00,0,4923.117744,0.143
9/27/2023 2:00,0,3477.531846,0.137
9/27/2023 3:00,0,0,0.137
9/27/2023 4:00,0,325.0641311,0.145
9/27/2023 5:00,0,983.9268082,0.172
9/27/2023 6:00,0,781.3245432,0.204
9/27/2023 7:00,0.008813077,6984.7751,0.185
9/27/2023 8:00,0.034542339,8543.75214,0.144
9/27/2023 9:00,0.084553848,11698.8047,0.123
9/27/2023 10:00,0.150049107,15873.08804,0.113
9/27/2023 11:00,0.170466367,13354.40238,0.109
9/27/2023 12:00,0.176008693,16195.225,0.11
9/27/2023 13:00,0.157157817,17576.45287,0.116
9/27/2023 14:00,0.074836747,17687.84239,0.127
9/27/2023 15:00,0.034308979,19976.67873,0.148
9/27/2023 16:00,0.013780922,21367.04868,0.181
9/27/2023 17:00,0.003503535,20582.18075,0.244
9/27/2023 18:00,0,14768.00812,0.279
9/27/2023 19:00,0,8772.948937,0.294
9/27/2023 20:00,0,7480.271804,0.249
9/27/2023 21:00,0,7666.300229,0.213
9/27/2023 22:00,0,7775.8945,0.181
9/27/2023 23:00,0,8055.71908,0.163
9/28/2023 0:00,0,2029.22583,0.152
9/28/2023 1:00,0,4115.426275,0.143
9/28/2023 2:00,0,5278.302055,0.137
9/28/2023 3:00,0,7110.412763,0.137
9/28/2023 4:00,0,4431.3878,0.145
9/28/2023 5:00,0,3254.661378,0.172
9/28/2023 6:00,0,5432.90664,0.204
9/28/2023 7:00,0.023728803,3466.795838,0.185
9/28/2023 8:00,0.123424223,4885.45839,0.144
9/28/2023 9:00,0.188701497,1430.245554,0.123
9/28/2023 10:00,0.276650103,4898.829217,0.113
9/28/2023 11:00,0.259982583,8062.045707,0.109
9/28/2023 12:00,0.28354009,11261.53909,0.11
9/28/2023 13:00,0.37626654,12824.50248,0.116
9/28/2023 14:00,0.43083932,13424.68112,0.127
9/28/2023 15:00,0.408434713,13795.09315,0.148
9/28/2023 16:00,0.270184803,15131.38213,0.181
9/28/2023 17:00,0.07672719,13221.99988,0.244
9/28/2023 18:00,0.00011479,15558.20805,0.279
9/28/2023 19:00,0,16485.11393,0.294
9/28/2023 20:00,0,11454.52621,0.249
9/28/2023 21:00,0,12595.10867,0.213
9/28/2023 22:00,0,11461.49446,0.181
9/28/2023 23:00,0,11116.45489,0.163
9/29/2023 0:00,0,8204.046497,0.152
9/29/2023 1:00,0,8839.313065,0.143
9/29/2023 2:00,0,8932.034842,0.137
9/29/2023 3:00,0,4760.229486,0.137
9/29/2023 4:00,0,4353.357737,0.145
9/29/2023 5:00,0,2890.742613,0.172
9/29/2023 6:00,0,2785.273519,0.204
9/29/2023 7:00,0.012746373,5162.975873,0.185
9/29/2023 8:00,0.035356251,8020.427935,0.144
9/29/2023 9:00,0.062516057,8077.098289,0.123
9/29/2023 10:00,0.065141412,9376.969933,0.113
9/29/2023 11:00,0.141181988,7221.559778,0.109
9/29/2023 12:00,0.17892766,3247.318518,0.11
9/29/2023 13:00,0.18892998,6116.313416,0.116
9/29/2023 14:00,0.153833293,10682.75657,0.127
9/29/2023 15:00,0.15170595,10708.19991,0.148
9/29/2023 16:00,0.102144033,13908.72246,0.181
9/29/2023 17:00,0.011640807,13942.48955,0.244
9/29/2023 18:00,0,13151.7119,0.279
9/29/2023 19:00,0,9088.395281,0.294
9/29/2023 20:00,0,7972.98532,0.249
9/29/2023 21:00,0,12118.78177,0.213
9/29/2023 22:00,0,11831.32602,0.181
9/29/2023 23:00,0,13370.44729,0.163
9/30/2023 0:00,0,10981.05547,0.152
9/30/2023 1:00,0,8417.649121,0.143
9/30/2023 2:00,0,8295.771373,0.137
9/30/2023 3:00,0,7651.086561,0.137
9/30/2023 4:00,0,5139.811702,0.145
9/30/2023 5:00,0,1222.849655,0.172
9/30/2023 6:00,0,6962.946518,0.204
9/30/2023 7:00,0,3416.601072,0.185
9/30/2023 8:00,0.004732907,6590.97634,0.144
9/30/2023 9:00,0.02326659,8307.827715,0.123
9/30/2023 10:00,0.055388525,11794.17692,0.113
9/30/2023 11:00,0.095728658,7581.01065,0.109
9/30/2023 12:00,0.118098353,10478.00441,0.11
9/30/2023 13:00,0.102892777,12707.317,0.116
9/30/2023 14:00,0.075855585,13681.6381,0.127
9/30/2023 15:00,0.056197183,13295.42373,0.148
9/30/2023 16:00,0.03296392,12020.70798,0.181
9/30/2023 17:00,0.013559632,12214.81152,0.244
9/30/2023 18:00,0,13697.42285,0.279
9/30/2023 19:00,0,12120.90621,0.294
9/30/2023 20:00,0,14288.83674,0.249
9/30/2023 21:00,0,11973.02818,0.213
9/30/2023 22:00,0,10369.22266,0.181
9/30/2023 23:00,0,11608.10841,0.163
10/1/2023 0:00,0,12399.36627,0.152
10/1/2023 1:00,0,9000.385709,0.143
10/1/2023 2:00,0,11452.37376,0.137
10/1/2023 3:00,0,12851.68888,0.137
10/1/2023 4:00,0,16889.47649,0.145
10/1/2023 5:00,0,14229.55757,0.172
10/1/2023 6:00,0,12912.18613,0.204
10/1/2023 7:00,0.022552485,13985.13008,0.185
10/1/2023 8:00,0.077597035,13089.1332,0.144
10/1/2023 9:00,0.134384413,13056.54677,0.123
10/1/2023 10:00,0.234234173,11371.20761,0.113
10/1/2023 11:00,0.30277998,8750.601378,0.109
10/1/2023 12:00,0.43076418,8208.212955,0.11
10/1/2023 13:00,0.317276,12469.92716,0.116
10/1/2023 14:00,0.17818885,12539.77232,0.127
10/1/2023 15:00,0.150055343,12736.82712,0.148
10/1/2023 16:00,0.147124583,14964.2247,0.181
10/1/2023 17:00,0.048678002,13044.25984,0.244
10/1/2023 18:00,0,11644.12597,0.279
10/1/2023 19:00,0,8036.137967,0.294
10/1/2023 20:00,0,6551.946876,0.249
10/1/2023 21:00,0,10087.50527,0.213
10/1/2023 22:00,0,8400.061278,0.181
10/1/2023 23:00,0,9359.119339,0.163
10/2/2023 0:00,0,13154.33033,0.152
10/2/2023 1:00,0,8424.016454,0.143
10/2/2023 2:00,0,4961.703957,0.137
10/2/2023 3:00,0,7821.605898,0.137
10/2/2023 4:00,0,9170.234051,0.145
10/2/2023 5:00,0,6991.134531,0.172
10/2/2023 6:00,0,6079.769006,0.204
10/2/2023 7:00,0.022254212,7635.840711,0.185
10/2/2023 8:00,0.066763027,5627.107499,0.144
10/2/2023 9:00,0.14375944,11180.14697,0.123
10/2/2023 10:00,0.23086672,10984.73351,0.113
10/2/2023 11:00,0.318672047,15402.39564,0.109
10/2/2023 12:00,0.393023237,17226.93763,0.11
10/2/2023 13:00,0.45520521,14872.75184,0.116
10/2/2023 14:00,0.434942213,17071.9009,0.127
10/2/2023 15:00,0.414307597,16166.18274,0.148
10/2/2023 16:00,0.20490179,11310.86553,0.181
10/2/2023 17:00,0.084154092,15726.65654,0.244
10/2/2023 18:00,0.003133993,14494.5902,0.279
10/2/2023 19:00,0,13258.99785,0.294
10/2/2023 20:00,0,8540.352951,0.249
10/2/2023 21:00,0,10850.18359,0.213
10/2/2023 22:00,0,7377.630526,0.181
10/2/2023 23:00,0,6631.706856,0.163
10/3/2023 0:00,0,8049.902079,0.152
10/3/2023 1:00,0,9776.101477,0.143
10/3/2023 2:00,0,4903.110302,0.137
10/3/2023 3:00,0,3095.355232,0.137
10/3/2023 4:00,0,3882.505497,0.145
10/3/2023 5:00,0,4713.559618,0.172
10/3/2023 6:00,0,2978.454497,0.204
10/3/2023 7:00,0.003845228,7206.653612,0.185
10/3/2023 8:00,0.030898144,8511.729463,0.144
10/3/2023 9:00,0.101052601,8720.752065,0.123
10/3/2023 10:00,0.197468937,11709.51276,0.113
10/3/2023 11:00,0.232261273,10056.8062,0.109
10/3/2023 12:00,0.272972803,11547.66339,0.11
10/3/2023 13:00,0.370031317,14544.67052,0.116
10/3/2023 14:00,0.327534677,11939.43063,0.127
10/3/2023 15:00,0.276444723,12358.49323,0.148
10/3/2023 16:00,0.0948036,15207.73355,0.181
10/3/2023 17:00,0.032897516,12289.49256,0.244
10/3/2023 18:00,0.00017649,12237.51978,0.279
10/3/2023 19:00,0,11663.95736,0.294
10/3/2023 20:00,0,10761.45943,0.249
10/3/2023 21:00,0,11104.04848,0.213
10/3/2023 22:00,0,11376.24351,0.181
10/3/2023 23:00,0,11005.28942,0.163
10/4/2023 0:00,0,10789.68901,0.152
10/4/2023 1:00,0,9771.979476,0.143
10/4/2023 2:00,0,7303.57622,0.137
10/4/2023 3:00,0,5474.279843,0.137
10/4/2023 4:00,0,6730.210751,0.145
10/4/2023 5:00,0,7249.101833,0.172
10/4/2023 6:00,0,8282.988655,0.204
10/4/2023 7:00,0.007392353,10645.351,0.185
10/4/2023 8:00,0.051075031,10640.27334,0.144
10/4/2023 9:00,0.120408177,8209.664532,0.123
10/4/2023 10:00,0.23117473,5107.677301,0.113
10/4/2023 11:00,0.362646627,4711.400177,0.109
10/4/2023 12:00,0.362743977,7457.447912,0.11
10/4/2023 13:00,0.41169864,11487.39329,0.116
10/4/2023 14:00,0.3120849,11497.33037,0.127
10/4/2023 15:00,0.183206807,11723.29671,0.148
10/4/2023 16:00,0.098670433,13265.7396,0.181
10/4/2023 17:00,0.024522482,12120.12784,0.244
10/4/2023 18:00,9.49E-05,13643.13043,0.279
10/4/2023 19:00,0,15508.00155,0.294
10/4/2023 20:00,0,14900.79359,0.249
10/4/2023 21:00,0,15852.67105,0.213
10/4/2023 22:00,0,13150.36571,0.181
10/4/2023 23:00,0,10305.34165,0.163
10/5/2023 0:00,0,10756.29343,0.152
10/5/2023 1:00,0,9936.435357,0.143
10/5/2023 2:00,0,8185.002263,0.137
10/5/2023 3:00,0,6052.037068,0.137
10/5/2023 4:00,0,4647.654531,0.145
10/5/2023 5:00,0,5843.372474,0.172
10/5/2023 6:00,0,3571.549452,0.204
10/5/2023 7:00,0.000576148,2183.832101,0.185
10/5/2023 8:00,0.014076926,264.3589849,0.144
10/5/2023 9:00,0.037634581,3409.496846,0.123
10/5/2023 10:00,0.051082871,6005.044263,0.113
10/5/2023 11:00,0.067221265,7972.326566,0.109
10/5/2023 12:00,0.076794031,11870.57853,0.11
10/5/2023 13:00,0.099210335,11526.25964,0.116
10/5/2023 14:00,0.069967199,11459.55014,0.127
10/5/2023 15:00,0.057858181,11459.47258,0.148
10/5/2023 16:00,0.030387062,13836.81498,0.181
10/5/2023 17:00,0.005341809,14648.37019,0.244
10/5/2023 18:00,0,16588.68532,0.279
10/5/2023 19:00,0,16508.18629,0.294
10/5/2023 20:00,0,14378.28268,0.249
10/5/2023 21:00,0,12828.6599,0.213
10/5/2023 22:00,0,13121.8572,0.181
10/5/2023 23:00,0,12996.17799,0.163
10/6/2023 0:00,0,14000.52586,0.152
10/6/2023 1:00,0,13406.9002,0.143
10/6/2023 2:00,0,14681.73683,0.137
10/6/2023 3:00,0,13355.67134,0.137
10/6/2023 4:00,0,10680.41915,0.145
10/6/2023 5:00,0,7570.919656,0.172
10/6/2023 6:00,0,1923.513539,0.204
10/6/2023 7:00,0.000652687,2720.16504,0.185
10/6/2023 8:00,0.020988266,1499.916868,0.144
10/6/2023 9:00,0.036405592,4296.978015,0.123
10/6/2023 10:00,0.089718873,5085.950024,0.113
10/6/2023 11:00,0.133866753,9478.841748,0.109
10/6/2023 12:00,0.191645553,8935.000648,0.11
10/6/2023 13:00,0.1443564,9449.346887,0.116
10/6/2023 14:00,0.0608929,8117.645753,0.127
10/6/2023 15:00,0.050791483,7863.367351,0.148
10/6/2023 16:00,0.028715236,8896.16008,0.181
10/6/2023 17:00,0.022230389,10205.78639,0.244
10/6/2023 18:00,0,13965.99738,0.279
10/6/2023 19:00,0,16034.58116,0.294
10/6/2023 20:00,0,14185.45374,0.249
10/6/2023 21:00,0,10161.56017,0.213
10/6/2023 22:00,0,12611.32873,0.181
10/6/2023 23:00,0,12919.03157,0.163
10/7/2023 0:00,0,14240.67654,0.152
10/7/2023 1:00,0,13713.14957,0.143
10/7/2023 2:00,0,12593.98082,0.137
10/7/2023 3:00,0,11049.52244,0.137
10/7/2023 4:00,0,8698.370862,0.145
10/7/2023 5:00,0,6322.670661,0.172
10/7/2023 6:00,0,9203.414516,0.204
10/7/2023 7:00,0.005273365,10048.70945,0.185
10/7/2023 8:00,0.044235027,10789.08316,0.144
10/7/2023 9:00,0.096460403,9602.048489,0.123
10/7/2023 10:00,0.065032277,13011.39809,0.113
10/7/2023 11:00,0.111601117,13578.30231,0.109
10/7/2023 12:00,0.11261383,12271.55973,0.11
10/7/2023 13:00,0.091095701,11760.02028,0.116
10/7/2023 14:00,0.086407683,13000.03514,0.127
10/7/2023 15:00,0.04891074,10510.75246,0.148
10/7/2023 16:00,0.025596431,10409.93713,0.181
10/7/2023 17:00,0.004797935,13443.8454,0.244
10/7/2023 18:00,0,17394.18929,0.279
10/7/2023 19:00,0,18133.65649,0.294
10/7/2023 20:00,0,18997.40284,0.249
10/7/2023 21:00,0,12886.73356,0.213
10/7/2023 22:00,0,15479.52056,0.181
10/7/2023 23:00,0,12709.64704,0.163
10/8/2023 0:00,0,12195.06382,0.152
10/8/2023 1:00,0,9739.185628,0.143
10/8/2023 2:00,0,6762.858783,0.137
10/8/2023 3:00,0,6354.124352,0.137
10/8/2023 4:00,0,6890.037591,0.145
10/8/2023 5:00,0,10174.33492,0.172
10/8/2023 6:00,0,12080.10073,0.204
10/8/2023 7:00,0.007690716,10978.72854,0.185
10/8/2023 8:00,0.020399726,11788.63295,0.144
10/8/2023 9:00,0.063816625,13216.62424,0.123
10/8/2023 10:00,0.053164793,11249.90725,0.113
10/8/2023 11:00,0.218980383,11081.93001,0.109
10/8/2023 12:00,0.256298307,9767.626489,0.11
10/8/2023 13:00,0.193169677,10205.15455,0.116
10/8/2023 14:00,0.28710358,8725.611206,0.127
10/8/2023 15:00,0.28302311,9496.897546,0.148
10/8/2023 16:00,0.078364253,9905.691384,0.181
10/8/2023 17:00,0.024892113,9052.804239,0.244
10/8/2023 18:00,0.000689384,9333.646196,0.279
10/8/2023 19:00,0,13077.30717,0.294
10/8/2023 20:00,0,12038.03944,0.249
10/8/2023 21:00,0,13038.19438,0.213
10/8/2023 22:00,0,12414.27032,0.181
10/8/2023 23:00,0,9017.307213,0.163
10/9/2023 0:00,0,10052.93482,0.152
10/9/2023 1:00,0,8397.787039,0.143
10/9/2023 2:00,0,7832.7896,0.137
10/9/2023 3:00,0,9976.432905,0.137
10/9/2023 4:00,0,7413.604341,0.145
10/9/2023 5:00,0,9855.111895,0.172
10/9/2023 6:00,0,8490.794922,0.204
10/9/2023 7:00,0.001395535,4992.316088,0.185
10/9/2023 8:00,0.018877985,3406.752849,0.144
10/9/2023 9:00,0.06964782,5437.370364,0.123
10/9/2023 10:00,0.10602886,3131.642046,0.113
10/9/2023 11:00,0.124749787,4357.199965,0.109
10/9/2023 12:00,0.173336397,8246.478108,0.11
10/9/2023 13:00,0.181109297,8248.354204,0.116
10/9/2023 14:00,0.111641015,8530.407558,0.127
10/9/2023 15:00,0.07297403,7791.796629,0.148
10/9/2023 16:00,0.039615696,8215.342995,0.181
10/9/2023 17:00,0.003977696,9840.330625,0.244
10/9/2023 18:00,0,7383.406843,0.279
10/9/2023 19:00,0,8872.703544,0.294
10/9/2023 20:00,0,9654.046401,0.249
10/9/2023 21:00,0,6895.088311,0.213
10/9/2023 22:00,0,9877.258605,0.181
10/9/2023 23:00,0,9820.231908,0.163
10/10/2023 0:00,0,11887.37565,0.152
10/10/2023 1:00,0,15062.51443,0.143
10/10/2023 2:00,0,13341.75158,0.137
10/10/2023 3:00,0,12619.73578,0.137
10/10/2023 4:00,0,12357.07504,0.145
10/10/2023 5:00,0,12000.6376,0.172
10/10/2023 6:00,0,8272.864959,0.204
10/10/2023 7:00,0,6347.122119,0.185
10/10/2023 8:00,0.005407143,6233.686768,0.144
10/10/2023 9:00,0.009071408,6249.003103,0.123
10/10/2023 10:00,0.017907987,9462.177945,0.113
10/10/2023 11:00,0.035120992,11850.68565,0.109
10/10/2023 12:00,0.078832337,11204.38622,0.11
10/10/2023 13:00,0.055326809,9795.236373,0.116
10/10/2023 14:00,0.042494449,13077.21205,0.127
10/10/2023 15:00,0.026063376,16206.997,0.148
10/10/2023 16:00,0.008230451,15578.83055,0.181
10/10/2023 17:00,0.001632886,16165.49323,0.244
10/10/2023 18:00,0,19307.87535,0.279
10/10/2023 19:00,0,18110.59364,0.294
10/10/2023 20:00,0,20449.9916,0.249
10/10/2023 21:00,0,15544.18939,0.213
10/10/2023 22:00,0,17271.67195,0.181
10/10/2023 23:00,0,13591.05159,0.163
10/11/2023 0:00,0,12883.07855,0.152
10/11/2023 1:00,0,11367.20385,0.143
10/11/2023 2:00,0,11235.77176,0.137
10/11/2023 3:00,0,14288.273,0.137
10/11/2023 4:00,0,11823.13106,0.145
10/11/2023 5:00,0,11765.03285,0.172
10/11/2023 6:00,0,13445.74916,0.204
10/11/2023 7:00,0.00655386,9536.665452,0.185
10/11/2023 8:00,0.061604841,10803.77096,0.144
10/11/2023 9:00,0.1578656,9665.666484,0.123
10/11/2023 10:00,0.32482449,11689.48536,0.113
10/11/2023 11:00,0.23597621,12851.61073,0.109
10/11/2023 12:00,0.234712063,12332.64151,0.11
10/11/2023 13:00,0.184708027,13784.04105,0.116
10/11/2023 14:00,0.17413845,12408.52404,0.127
10/11/2023 15:00,0.116296607,11616.47687,0.148
10/11/2023 16:00,0.043136008,16948.74835,0.181
10/11/2023 17:00,0.005429331,17293.69578,0.244
10/11/2023 18:00,0,18687.87755,0.279
10/11/2023 19:00,0,18033.56045,0.294
10/11/2023 20:00,0,16605.62255,0.249
10/11/2023 21:00,0,14704.77928,0.213
10/11/2023 22:00,0,17018.14288,0.181
10/11/2023 23:00,0,13633.91251,0.163
10/12/2023 0:00,0,17841.05517,0.152
10/12/2023 1:00,0,11548.62027,0.143
10/12/2023 2:00,0,10519.75786,0.137
10/12/2023 3:00,0,8889.532313,0.137
10/12/2023 4:00,0,9188.004486,0.145
10/12/2023 5:00,0,4079.944214,0.172
10/12/2023 6:00,0,2480.523541,0.204
10/12/2023 7:00,0.021406761,3948.25301,0.185
10/12/2023 8:00,0.082867387,7072.318932,0.144
10/12/2023 9:00,0.251019323,8372.320672,0.123
10/12/2023 10:00,0.440106233,9980.76853,0.113
10/12/2023 11:00,0.146219603,11843.08125,0.109
10/12/2023 12:00,0.121812689,12250.88482,0.11
10/12/2023 13:00,0.078197923,14253.08107,0.116
10/12/2023 14:00,0.11055226,16833.80349,0.127
10/12/2023 15:00,0.229938993,15232.19448,0.148
10/12/2023 16:00,0.033687455,18566.88858,0.181
10/12/2023 17:00,0.014312455,18907.25985,0.244
10/12/2023 18:00,0,17414.47348,0.279
10/12/2023 19:00,0,14858.89655,0.294
10/12/2023 20:00,0,12729.57609,0.249
10/12/2023 21:00,0,10425.76959,0.213
10/12/2023 22:00,0,8096.804696,0.181
10/12/2023 23:00,0,7379.633698,0.163
10/13/2023 0:00,0,2997.71294,0.152
10/13/2023 1:00,0,5921.14122,0.143
10/13/2023 2:00,0,6216.185751,0.137
10/13/2023 3:00,0,3747.065747,0.137
10/13/2023 4:00,0,4700.528919,0.145
10/13/2023 5:00,0,5754.486494,0.172
10/13/2023 6:00,0,5436.063147,0.204
10/13/2023 7:00,0.005468521,5082.663286,0.185
10/13/2023 8:00,0.031127827,3561.884432,0.144
10/13/2023 9:00,0.058783104,9519.25203,0.123
10/13/2023 10:00,0.150111443,6832.544892,0.113
10/13/2023 11:00,0.260946343,3902.215458,0.109
10/13/2023 12:00,0.297582693,7876.679587,0.11
10/13/2023 13:00,0.21643607,8515.352956,0.116
10/13/2023 14:00,0.156964343,10836.21547,0.127
10/13/2023 15:00,0.078501173,10316.18035,0.148
10/13/2023 16:00,0.032324379,7918.583651,0.181
10/13/2023 17:00,0.006971568,10489.40082,0.244
10/13/2023 18:00,0,11457.35998,0.279
10/13/2023 19:00,0,13218.98129,0.294
10/13/2023 20:00,0,11574.48591,0.249
10/13/2023 21:00,0,12196.89849,0.213
10/13/2023 22:00,0,11846.46103,0.181
10/13/2023 23:00,0,11581.26068,0.163
10/14/2023 0:00,0,10052.81211,0.152
10/14/2023 1:00,0,6395.07,0.143
10/14/2023 2:00,0,5440.200566,0.137
10/14/2023 3:00,0,0,0.137
10/14/2023 4:00,0,3797.949782,0.145
10/14/2023 5:00,0,4416.113988,0.172
10/14/2023 6:00,0,2954.490845,0.204
10/14/2023 7:00,0.003631286,4201.893499,0.185
10/14/2023 8:00,0.015321722,8416.252894,0.144
10/14/2023 9:00,0.20161735,6101.999075,0.123
10/14/2023 10:00,0.407703113,9156.80142,0.113
10/14/2023 11:00,0.59284379,12528.50815,0.109
10/14/2023 12:00,0.618654117,13399.40105,0.11
10/14/2023 13:00,0.58613458,13063.02063,0.116
10/14/2023 14:00,0.487824027,10976.69064,0.127
10/14/2023 15:00,0.361032267,9815.32133,0.148
10/14/2023 16:00,0.20401284,11133.97601,0.181
10/14/2023 17:00,0.057602953,13285.82606,0.244
10/14/2023 18:00,0.004027602,11631.94141,0.279
10/14/2023 19:00,0,8191.862446,0.294
10/14/2023 20:00,0,5895.793059,0.249
10/14/2023 21:00,0,5888.035677,0.213
10/14/2023 22:00,0,7839.655967,0.181
10/14/2023 23:00,0,6153.639046,0.163
10/15/2023 0:00,0,3276.274486,0.152
10/15/2023 1:00,0,3522.496528,0.143
10/15/2023 2:00,0,6279.360566,0.137
10/15/2023 3:00,0,7165.918774,0.137
10/15/2023 4:00,0,7052.856377,0.145
10/15/2023 5:00,0,8030.980634,0.172
10/15/2023 6:00,0,10367.94084,0.204
10/15/2023 7:00,0,12343.87427,0.185
10/15/2023 8:00,0.005721455,11322.52229,0.144
10/15/2023 9:00,0.020670367,10813.37744,0.123
10/15/2023 10:00,0.055728448,9906.232999,0.113
10/15/2023 11:00,0.050988332,10536.20131,0.109
10/15/2023 12:00,0.040929973,11732.8112,0.11
10/15/2023 13:00,0.092337323,10175.34068,0.116
10/15/2023 14:00,0.045705647,12042.37536,0.127
10/15/2023 15:00,0.040892411,9890.97368,0.148
10/15/2023 16:00,0.037368789,8408.15636,0.181
10/15/2023 17:00,0.014196855,11613.83177,0.244
10/15/2023 18:00,0,14897.28694,0.279
10/15/2023 19:00,0,11065.91503,0.294
10/15/2023 20:00,0,9203.906731,0.249
10/15/2023 21:00,0,9953.784494,0.213
10/15/2023 22:00,0,9171.838813,0.181
10/15/2023 23:00,0,13484.45648,0.163
10/16/2023 0:00,0,12639.26092,0.152
10/16/2023 1:00,0,12326.64805,0.143
10/16/2023 2:00,0,13069.4025,0.137
10/16/2023 3:00,0,12635.94746,0.137
10/16/2023 4:00,0,10942.96743,0.145
10/16/2023 5:00,0,10373.95552,0.172
10/16/2023 6:00,0,10311.8181,0.204
10/16/2023 7:00,0,7990.74249,0.185
10/16/2023 8:00,0.004982444,7265.774548,0.144
10/16/2023 9:00,0.021506692,8310.919259,0.123
10/16/2023 10:00,0.034700119,11039.56767,0.113
10/16/2023 11:00,0.041764813,10815.13726,0.109
10/16/2023 12:00,0.035262637,11594.90085,0.11
10/16/2023 13:00,0.025838838,12132.10991,0.116
10/16/2023 14:00,0.020272943,11937.56893,0.127
10/16/2023 15:00,0.022957948,11290.0172,0.148
10/16/2023 16:00,0.008336807,11200.25756,0.181
10/16/2023 17:00,0,13360.30135,0.244
10/16/2023 18:00,0,16416.96071,0.279
10/16/2023 19:00,0,13865.95294,0.294
10/16/2023 20:00,0,12713.76635,0.249
10/16/2023 21:00,0,12664.42844,0.213
10/16/2023 22:00,0,11490.0522,0.181
10/16/2023 23:00,0,8230.472953,0.163
10/17/2023 0:00,0,13749.47096,0.152
10/17/2023 1:00,0,10258.51246,0.143
10/17/2023 2:00,0,9865.080027,0.137
10/17/2023 3:00,0,8245.334338,0.137
10/17/2023 4:00,0,13684.29524,0.145
10/17/2023 5:00,0,11557.24006,0.172
10/17/2023 6:00,0,10389.17142,0.204
10/17/2023 7:00,0.005095688,10690.49142,0.185
10/17/2023 8:00,0.00731457,10489.47009,0.144
10/17/2023 9:00,0.024472857,8544.267701,0.123
10/17/2023 10:00,0.016736683,11275.58466,0.113
10/17/2023 11:00,0.038507396,13970.35441,0.109
10/17/2023 12:00,0.079417772,12244.85262,0.11
10/17/2023 13:00,0.072072048,11455.90649,0.116
10/17/2023 14:00,0.205327747,12010.65542,0.127
10/17/2023 15:00,0.096882025,17001.90904,0.148
10/17/2023 16:00,0.078321482,15316.77573,0.181
10/17/2023 17:00,0.053272899,14688.43702,0.244
10/17/2023 18:00,0.003427027,12030.85624,0.279
10/17/2023 19:00,0,15316.11182,0.294
10/17/2023 20:00,0,17939.10087,0.249
10/17/2023 21:00,0,16521.01618,0.213
10/17/2023 22:00,0,16450.88227,0.181
10/17/2023 23:00,0,14138.10254,0.163
10/18/2023 0:00,0,14938.43424,0.152
10/18/2023 1:00,0,13222.44665,0.143
10/18/2023 2:00,0,12871.79525,0.137
10/18/2023 3:00,0,15022.46158,0.137
10/18/2023 4:00,0,12623.77361,0.145
10/18/2023 5:00,0,8817.288096,0.172
10/18/2023 6:00,0.002959841,11903.9574,0.204
10/18/2023 7:00,0.083654388,12060.11514,0.185
10/18/2023 8:00,0.272939167,10609.70779,0.144
10/18/2023 9:00,0.463709833,9752.089505,0.123
10/18/2023 10:00,0.6012584,11555.90606,0.113
10/18/2023 11:00,0.683937923,10359.87185,0.109
10/18/2023 12:00,0.700556923,12120.16734,0.11
10/18/2023 13:00,0.681156977,10330.96602,0.116
10/18/2023 14:00,0.6025425,14363.70008,0.127
10/18/2023 15:00,0.465818403,16009.47804,0.148
10/18/2023 16:00,0.280159517,17187.97721,0.181
10/18/2023 17:00,0.094859693,15153.40046,0.244
10/18/2023 18:00,0.004181003,16560.85585,0.279
10/18/2023 19:00,0,15700.34695,0.294
10/18/2023 20:00,0,15311.22848,0.249
10/18/2023 21:00,0,14910.56484,0.213
10/18/2023 22:00,0,10853.53828,0.181
10/18/2023 23:00,0,9844.496115,0.163
10/19/2023 0:00,0,6526.557812,0.152
10/19/2023 1:00,0,8286.149557,0.143
10/19/2023 2:00,0,7032.795164,0.137
10/19/2023 3:00,0,7326.122436,0.137
10/19/2023 4:00,0,7559.09112,0.145
10/19/2023 5:00,0,7726.647335,0.172
10/19/2023 6:00,0.001463537,9667.108238,0.204
10/19/2023 7:00,0.082363913,11033.2577,0.185
10/19/2023 8:00,0.215871233,10124.47134,0.144
10/19/2023 9:00,0.371893473,10008.02734,0.123
10/19/2023 10:00,0.394955573,9885.185105,0.113
10/19/2023 11:00,0.36070839,9898.085379,0.109
10/19/2023 12:00,0.145238473,12858.51021,0.11
10/19/2023 13:00,0.108970803,7853.48834,0.116
10/19/2023 14:00,0.075470852,9756.313491,0.127
10/19/2023 15:00,0.029796412,13812.78213,0.148
10/19/2023 16:00,0.019351032,13028.81411,0.181
10/19/2023 17:00,0.008140429,13272.54006,0.244
10/19/2023 18:00,1.01E-05,13298.59419,0.279
10/19/2023 19:00,0,14042.04189,0.294
10/19/2023 20:00,0,11449.799,0.249
10/19/2023 21:00,0,12177.86842,0.213
10/19/2023 22:00,0,9385.325463,0.181
10/19/2023 23:00,0,13040.50064,0.163
10/20/2023 0:00,0,8709.668267,0.152
10/20/2023 1:00,0,3111.425694,0.143
10/20/2023 2:00,0,3297.064233,0.137
10/20/2023 3:00,0,6073.089194,0.137
10/20/2023 4:00,0,10166.32018,0.145
10/20/2023 5:00,0,6800.374977,0.172
10/20/2023 6:00,0,8109.056596,0.204
10/20/2023 7:00,0.016779131,5122.379878,0.185
10/20/2023 8:00,0.089773897,7341.505753,0.144
10/20/2023 9:00,0.12419832,6954.117378,0.123
10/20/2023 10:00,0.167955247,7069.39851,0.113
10/20/2023 11:00,0.22205037,7180.700405,0.109
10/20/2023 12:00,0.21387842,6283.887767,0.11
10/20/2023 13:00,0.20252586,4019.525038,0.116
10/20/2023 14:00,0.189783133,3830.14811,0.127
10/20/2023 15:00,0.123644471,5216.164441,0.148
10/20/2023 16:00,0.068833021,7617.863815,0.181
10/20/2023 17:00,0.015141346,7978.012157,0.244
10/20/2023 18:00,0,8744.223321,0.279
10/20/2023 19:00,0,7622.526708,0.294
10/20/2023 20:00,0,6418.812112,0.249
10/20/2023 21:00,0,8227.325854,0.213
10/20/2023 22:00,0,7408.913719,0.181
10/20/2023 23:00,0,4257.750675,0.163
10/21/2023 0:00,0,6059.997536,0.152
10/21/2023 1:00,0,2438.011305,0.143
10/21/2023 2:00,0,2032.860592,0.137
10/21/2023 3:00,0,3838.958052,0.137
10/21/2023 4:00,0,3591.374122,0.145
10/21/2023 5:00,0,0,0.172
10/21/2023 6:00,0.00040818,0,0.204
10/21/2023 7:00,0.018999965,0,0.185
10/21/2023 8:00,0.054059486,3319.334127,0.144
10/21/2023 9:00,0.093776379,3112.435492,0.123
10/21/2023 10:00,0.100333863,913.4898903,0.113
10/21/2023 11:00,0.152667437,177.6649956,0.109
10/21/2023 12:00,0.154339023,249.7897806,0.11
10/21/2023 13:00,0.131025163,666.2938337,0.116
10/21/2023 14:00,0.144497187,254.4762436,0.127
10/21/2023 15:00,0.089840787,499.6447338,0.148
10/21/2023 16:00,0.038376423,3296.831512,0.181
10/21/2023 17:00,0.009656406,5307.029747,0.244
10/21/2023 18:00,0,10237.30913,0.279
10/21/2023 19:00,0,12210.36935,0.294
10/21/2023 20:00,0,13665.2569,0.249
10/21/2023 21:00,0,17452.35026,0.213
10/21/2023 22:00,0,17893.72955,0.181
10/21/2023 23:00,0,16884.91234,0.163
10/22/2023 0:00,0,15491.03478,0.152
10/22/2023 1:00,0,15774.22382,0.143
10/22/2023 2:00,0,14212.24084,0.137
10/22/2023 3:00,0,11861.84095,0.137
10/22/2023 4:00,0,10134.35015,0.145
10/22/2023 5:00,0,10586.17844,0.172
10/22/2023 6:00,0,12438.76149,0.204
10/22/2023 7:00,0.004085222,9881.104684,0.185
10/22/2023 8:00,0.021155253,8955.600886,0.144
10/22/2023 9:00,0.051110745,11096.03504,0.123
10/22/2023 10:00,0.079145047,12879.54416,0.113
10/22/2023 11:00,0.110877308,14733.50444,0.109
10/22/2023 12:00,0.13537429,15292.56347,0.11
10/22/2023 13:00,0.10624698,10361.87056,0.116
10/22/2023 14:00,0.11164109,12192.57013,0.127
10/22/2023 15:00,0.078705257,15073.70956,0.148
10/22/2023 16:00,0.051270643,17645.4981,0.181
10/22/2023 17:00,0.019067492,16523.42095,0.244
10/22/2023 18:00,0.000443763,18053.38974,0.279
10/22/2023 19:00,0,19367.07068,0.294
10/22/2023 20:00,0,16795.64593,0.249
10/22/2023 21:00,0,16354.74058,0.213
10/22/2023 22:00,0,12725.92485,0.181
10/22/2023 23:00,0,11342.651,0.163
10/23/2023 0:00,0,10479.50723,0.152
10/23/2023 1:00,0,8714.494334,0.143
10/23/2023 2:00,0,11539.48514,0.137
10/23/2023 3:00,0,9705.363298,0.137
10/23/2023 4:00,0,8315.957339,0.145
10/23/2023 5:00,0,8908.653789,0.172
10/23/2023 6:00,0,7728.685773,0.204
10/23/2023 7:00,0.021720576,5360.96102,0.185
10/23/2023 8:00,0.086054113,2890.403763,0.144
10/23/2023 9:00,0.161231737,4870.602369,0.123
10/23/2023 10:00,0.266459187,9947.657343,0.113
10/23/2023 11:00,0.34214888,9016.012844,0.109
10/23/2023 12:00,0.561663627,8396.811482,0.11
10/23/2023 13:00,0.469957683,9817.554763,0.116
10/23/2023 14:00,0.352810593,10162.75887,0.127
10/23/2023 15:00,0.292486287,12490.73803,0.148
10/23/2023 16:00,0.196566093,9622.606959,0.181
10/23/2023 17:00,0.068794677,9646.776311,0.244
10/23/2023 18:00,0.004457957,6141.220304,0.279
10/23/2023 19:00,0,7334.447375,0.294
10/23/2023 20:00,0,7513.722269,0.249
10/23/2023 21:00,0,10271.76911,0.213
10/23/2023 22:00,0,12691.43062,0.181
10/23/2023 23:00,0,11595.89511,0.163
10/24/2023 0:00,0,11677.33162,0.152
10/24/2023 1:00,0,7773.022386,0.143
10/24/2023 2:00,0,8638.266461,0.137
10/24/2023 3:00,0,6253.623482,0.137
10/24/2023 4:00,0,5313.858652,0.145
10/24/2023 5:00,0,5010.484208,0.172
10/24/2023 6:00,0,10347.91372,0.204
10/24/2023 7:00,0.013177209,7265.781827,0.185
10/24/2023 8:00,0.027869375,7893.905601,0.144
10/24/2023 9:00,0.061822942,9247.528341,0.123
10/24/2023 10:00,0.025768005,9905.653575,0.113
10/24/2023 11:00,0.025233842,9553.016928,0.109
10/24/2023 12:00,0.039515358,11398.59334,0.11
10/24/2023 13:00,0.057801014,12046.58789,0.116
10/24/2023 14:00,0.051377533,12726.00105,0.127
10/24/2023 15:00,0.040813963,14899.82393,0.148
10/24/2023 16:00,0.023394823,13918.61579,0.181
10/24/2023 17:00,0.005651183,13773.56338,0.244
10/24/2023 18:00,0,17172.78731,0.279
10/24/2023 19:00,0,17185.82938,0.294
10/24/2023 20:00,0,17123.7934,0.249
10/24/2023 21:00,0,10608.4914,0.213
10/24/2023 22:00,0,12426.45609,0.181
10/24/2023 23:00,0,15437.32765,0.163
10/25/2023 0:00,0,15008.77077,0.152
10/25/2023 1:00,0,12505.53531,0.143
10/25/2023 2:00,0,9155.166757,0.137
10/25/2023 3:00,0,8339.732617,0.137
10/25/2023 4:00,0,7712.932498,0.145
10/25/2023 5:00,0,7404.929762,0.172
10/25/2023 6:00,0,5047.808246,0.204
10/25/2023 7:00,0,2402.058522,0.185
10/25/2023 8:00,0.023720246,767.555385,0.144
10/25/2023 9:00,0.125736577,6172.137453,0.123
10/25/2023 10:00,0.233745267,6595.275425,0.113
10/25/2023 11:00,0.470239977,10323.41434,0.109
10/25/2023 12:00,0.524225033,11296.70085,0.11
10/25/2023 13:00,0.365434977,13000.42961,0.116
10/25/2023 14:00,0.303005833,17021.29074,0.127
10/25/2023 15:00,0.263476653,15204.49105,0.148
10/25/2023 16:00,0.261562707,15151.11679,0.181
10/25/2023 17:00,0.09139723,15125.6871,0.244
10/25/2023 18:00,0.006415564,17018.90273,0.279
10/25/2023 19:00,0,16851.84701,0.294
10/25/2023 20:00,0,16003.24447,0.249
10/25/2023 21:00,0,15573.6604,0.213
10/25/2023 22:00,0,10960.10711,0.181
10/25/2023 23:00,0,7623.09724,0.163
10/26/2023 0:00,0,7433.065144,0.152
10/26/2023 1:00,0,6523.132431,0.143
10/26/2023 2:00,0,11612.21459,0.137
10/26/2023 3:00,0,11736.75227,0.137
10/26/2023 4:00,0,14927.29984,0.145
10/26/2023 5:00,0,14178.58619,0.172
10/26/2023 6:00,0.005461066,11348.59275,0.204
10/26/2023 7:00,0.090597415,12231.93783,0.185
10/26/2023 8:00,0.25475695,12188.24918,0.144
10/26/2023 9:00,0.428946817,12131.91335,0.123
10/26/2023 10:00,0.560561833,12464.96762,0.113
10/26/2023 11:00,0.65158077,9752.207416,0.109
10/26/2023 12:00,0.676029267,11396.32392,0.11
10/26/2023 13:00,0.647601,16169.44747,0.116
10/26/2023 14:00,0.55553115,15606.56197,0.127
10/26/2023 15:00,0.435442767,12825.43143,0.148
10/26/2023 16:00,0.20996783,15469.21433,0.181
10/26/2023 17:00,0.076976997,20637.12865,0.244
10/26/2023 18:00,0.005539657,19802.89358,0.279
10/26/2023 19:00,0,18009.55875,0.294
10/26/2023 20:00,0,17949.04535,0.249
10/26/2023 21:00,0,14974.08917,0.213
10/26/2023 22:00,0,15557.10771,0.181
10/26/2023 23:00,0,15089.31807,0.163
10/27/2023 0:00,0,12129.75469,0.152
10/27/2023 1:00,0,6228.236614,0.143
10/27/2023 2:00,0,6141.126116,0.137
10/27/2023 3:00,0,8581.923144,0.137
10/27/2023 4:00,0,3984.301621,0.145
10/27/2023 5:00,0,3612.978626,0.172
10/27/2023 6:00,0.005482619,563.4955231,0.204
10/27/2023 7:00,0.09127952,0,0.185
10/27/2023 8:00,0.260182067,2038.561038,0.144
10/27/2023 9:00,0.434153447,2159.587543,0.123
10/27/2023 10:00,0.481092307,2212.694855,0.113
10/27/2023 11:00,0.636578183,4041.704567,0.109
10/27/2023 12:00,0.68871593,5013.117105,0.11
10/27/2023 13:00,0.641652933,6820.294493,0.116
10/27/2023 14:00,0.534263933,7017.707102,0.127
10/27/2023 15:00,0.302784803,8943.762108,0.148
10/27/2023 16:00,0.194204573,10926.02964,0.181
10/27/2023 17:00,0.072848398,10355.13433,0.244
10/27/2023 18:00,0.003684206,6932.288796,0.279
10/27/2023 19:00,0,5914.540003,0.294
10/27/2023 20:00,0,5631.910835,0.249
10/27/2023 21:00,0,7232.982821,0.213
10/27/2023 22:00,0,9260.6166,0.181
10/27/2023 23:00,0,7250.489543,0.163
10/28/2023 0:00,0,7853.726364,0.152
10/28/2023 1:00,0,5802.947809,0.143
10/28/2023 2:00,0,3579.679589,0.137
10/28/2023 3:00,0,4221.973207,0.137
10/28/2023 4:00,0,6824.846428,0.145
10/28/2023 5:00,0,7437.019584,0.172
10/28/2023 6:00,0,6323.889926,0.204
10/28/2023 7:00,0.015754067,12718.68037,0.185
10/28/2023 8:00,0.063202611,13362.57453,0.144
10/28/2023 9:00,0.1452845,11180.04348,0.123
10/28/2023 10:00,0.224346887,14825.38761,0.113
10/28/2023 11:00,0.23591302,16539.81642,0.109
10/28/2023 12:00,0.16631475,12555.09378,0.11
10/28/2023 13:00,0.21265923,13279.75113,0.116
10/28/2023 14:00,0.20639527,15176.33398,0.127
10/28/2023 15:00,0.213419253,13093.59496,0.148
10/28/2023 16:00,0.173001123,11281.95136,0.181
10/28/2023 17:00,0.058452345,14833.10093,0.244
10/28/2023 18:00,0.001779127,14913.68416,0.279
10/28/2023 19:00,0,12139.58852,0.294
10/28/2023 20:00,0,8432.363071,0.249
10/28/2023 21:00,0,8509.461372,0.213
10/28/2023 22:00,0,7311.25325,0.181
10/28/2023 23:00,0,8874.244797,0.163
10/29/2023 0:00,0,7150.559679,0.152
10/29/2023 1:00,0,8538.084942,0.143
10/29/2023 2:00,0,8762.808289,0.137
10/29/2023 3:00,0,10951.81517,0.137
10/29/2023 4:00,0,7044.604208,0.145
10/29/2023 5:00,0,6442.426516,0.172
10/29/2023 6:00,0,6399.169909,0.204
10/29/2023 7:00,0.022062206,4390.147113,0.185
10/29/2023 8:00,0.087688968,4531.106879,0.144
10/29/2023 9:00,0.235801623,8233.838523,0.123
10/29/2023 10:00,0.297852853,9951.603497,0.113
10/29/2023 11:00,0.259480883,9894.258406,0.109
10/29/2023 12:00,0.27928445,10415.65104,0.11
10/29/2023 13:00,0.314508023,10181.44046,0.116
10/29/2023 14:00,0.309180827,6343.55076,0.127
10/29/2023 15:00,0.17281532,5026.671603,0.148
10/29/2023 16:00,0.057007935,8073.699658,0.181
10/29/2023 17:00,0.01508615,7929.843546,0.244
10/29/2023 18:00,0,9306.001211,0.279
10/29/2023 19:00,0,11974.534,0.294
10/29/2023 20:00,0,11104.92168,0.249
10/29/2023 21:00,0,7663.216253,0.213
10/29/2023 22:00,0,8692.0055,0.181
10/29/2023 23:00,0,9975.977514,0.163
10/30/2023 0:00,0,12173.08081,0.152
10/30/2023 1:00,0,8523.063808,0.143
10/30/2023 2:00,0,7555.153249,0.137
10/30/2023 3:00,0,10289.29803,0.137
10/30/2023 4:00,0,7992.082209,0.145
10/30/2023 5:00,0,7448.618859,0.172
10/30/2023 6:00,0.001410743,6839.235304,0.204
10/30/2023 7:00,0.076184692,3464.605322,0.185
10/30/2023 8:00,0.285431213,0,0.144
10/30/2023 9:00,0.348266683,4979.715066,0.123
10/30/2023 10:00,0.49622257,7017.975976,0.113
10/30/2023 11:00,0.628308033,9240.215404,0.109
10/30/2023 12:00,0.6951965,8690.291631,0.11
10/30/2023 13:00,0.637626983,9270.813246,0.116
10/30/2023 14:00,0.577617067,8732.518052,0.127
10/30/2023 15:00,0.4420735,10351.13458,0.148
10/30/2023 16:00,0.268894483,13696.29417,0.181
10/30/2023 17:00,0.092359777,14921.59668,0.244
10/30/2023 18:00,0.004841958,11667.28607,0.279
10/30/2023 19:00,0,14662.8448,0.294
10/30/2023 20:00,0,14734.56546,0.249
10/30/2023 21:00,0,11498.7046,0.213
10/30/2023 22:00,0,12231.18836,0.181
10/30/2023 23:00,0,12209.3053,0.163
10/31/2023 0:00,0,9678.902531,0.152
10/31/2023 1:00,0,9814.117215,0.143
10/31/2023 2:00,0,6467.752837,0.137
10/31/2023 3:00,0,6280.652978,0.137
10/31/2023 4:00,0,10870.55143,0.145
10/31/2023 5:00,0,13368.57694,0.172
10/31/2023 6:00,0.001948626,10952.02721,0.204
10/31/2023 7:00,0.040758639,14065.44813,0.185
10/31/2023 8:00,0.140400187,14094.63837,0.144
10/31/2023 9:00,0.310412517,14613.17576,0.123
10/31/2023 10:00,0.434882927,15738.66685,0.113
10/31/2023 11:00,0.355794233,14724.96742,0.109
10/31/2023 12:00,0.408726937,13338.14919,0.11
10/31/2023 13:00,0.488919777,11209.01837,0.116
10/31/2023 14:00,0.4380066,10186.4142,0.127
10/31/2023 15:00,0.401152757,14885.22974,0.148
10/31/2023 16:00,0.22480783,15844.34554,0.181
10/31/2023 17:00,0.091233425,14017.61684,0.244
10/31/2023 18:00,0.00653201,14943.34431,0.279
10/31/2023 19:00,0,16956.47278,0.294
10/31/2023 20:00,0,15975.59496,0.249
10/31/2023 21:00,0,12224.27031,0.213
10/31/2023 22:00,0,9310.510391,0.181
10/31/2023 23:00,0,10073.32703,0.163
11/1/2023 0:00,0,7930.6725,0.152
11/1/2023 1:00,0,5618.432509,0.143
11/1/2023 2:00,0,4861.061499,0.137
11/1/2023 3:00,0,4571.984247,0.137
11/1/2023 4:00,0,2020.493187,0.145
11/1/2023 5:00,0,3575.252322,0.172
11/1/2023 6:00,0.007139476,299.6090078,0.204
11/1/2023 7:00,0.064540739,1418.919785,0.185
11/1/2023 8:00,0.230651917,2398.741564,0.144
11/1/2023 9:00,0.405183643,6425.685031,0.123
11/1/2023 10:00,0.540038967,7891.85633,0.113
11/1/2023 11:00,0.628405947,6262.812625,0.109
11/1/2023 12:00,0.613517067,4196.466234,0.11
11/1/2023 13:00,0.586259713,5602.388173,0.116
11/1/2023 14:00,0.54015012,7236.702569,0.127
11/1/2023 15:00,0.402011927,7692.917119,0.148
11/1/2023 16:00,0.167321147,9669.02827,0.181
11/1/2023 17:00,0.095286679,13118.37029,0.244
11/1/2023 18:00,0.008415467,12049.86181,0.279
11/1/2023 19:00,0,11571.14078,0.294
11/1/2023 20:00,0,9103.925129,0.249
11/1/2023 21:00,0,8363.429651,0.213
11/1/2023 22:00,0,11081.24607,0.181
11/1/2023 23:00,0,9244.091832,0.163
11/2/2023 0:00,0,8097.932039,0.152
11/2/2023 1:00,0,7762.318941,0.143
11/2/2023 2:00,0,7646.098898,0.137
11/2/2023 3:00,0,8482.746943,0.137
11/2/2023 4:00,0,5855.153564,0.145
11/2/2023 5:00,0,4902.06915,0.172
11/2/2023 6:00,0,4483.670394,0.204
11/2/2023 7:00,0.002008605,5857.316328,0.185
11/2/2023 8:00,0.017413529,5260.39212,0.144
11/2/2023 9:00,0.036977722,6384.582906,0.123
11/2/2023 10:00,0.046455381,7007.770397,0.113
11/2/2023 11:00,0.054476916,5446.811826,0.109
11/2/2023 12:00,0.12991021,6333.948017,0.11
11/2/2023 13:00,0.129769867,7119.3958,0.116
11/2/2023 14:00,0.186367317,8370.816227,0.127
11/2/2023 15:00,0.199361213,7165.168528,0.148
11/2/2023 16:00,0.101244748,5836.785151,0.181
11/2/2023 17:00,0.05186524,6527.438991,0.244
11/2/2023 18:00,0.001327954,8570.532772,0.279
11/2/2023 19:00,0,8538.009831,0.294
11/2/2023 20:00,0,9253.315084,0.249
11/2/2023 21:00,0,8313.803003,0.213
11/2/2023 22:00,0,4852.404574,0.181
11/2/2023 23:00,0,5713.506749,0.163
11/3/2023 0:00,0,6556.923462,0.152
11/3/2023 1:00,0,4292.769071,0.143
11/3/2023 2:00,0,5114.289851,0.137
11/3/2023 3:00,0,3487.116328,0.137
11/3/2023 4:00,0,3152.494122,0.145
11/3/2023 5:00,0,3690.293231,0.172
11/3/2023 6:00,0.001028144,5539.224302,0.204
11/3/2023 7:00,0.040259124,6760.87259,0.185
11/3/2023 8:00,0.16474003,5477.620965,0.144
11/3/2023 9:00,0.190643917,6383.05372,0.123
11/3/2023 10:00,0.347572723,7826.396078,0.113
11/3/2023 11:00,0.354432723,8647.578359,0.109
11/3/2023 12:00,0.48376628,9466.630535,0.11
11/3/2023 13:00,0.319217497,11657.37291,0.116
11/3/2023 14:00,0.3194657,12876.09545,0.127
11/3/2023 15:00,0.311166803,12659.67072,0.148
11/3/2023 16:00,0.18190482,11927.07918,0.181
11/3/2023 17:00,0.098683993,10279.85644,0.244
11/3/2023 18:00,0.007054882,10774.34179,0.279
11/3/2023 19:00,0,7994.147753,0.294
11/3/2023 20:00,0,6477.738371,0.249
11/3/2023 21:00,0,8770.241227,0.213
11/3/2023 22:00,0,8321.074997,0.181
11/3/2023 23:00,0,9194.632596,0.163
11/4/2023 0:00,0,9003.639811,0.152
11/4/2023 1:00,0,5172.454845,0.143
11/4/2023 2:00,0,8141.912983,0.137
11/4/2023 3:00,0,8782.70466,0.137
11/4/2023 4:00,0,7642.244252,0.145
11/4/2023 5:00,0,8857.432053,0.172
11/4/2023 6:00,0.003286633,7394.914935,0.204
11/4/2023 7:00,0.061519016,6786.910754,0.185
11/4/2023 8:00,0.18444776,6790.424605,0.144
11/4/2023 9:00,0.342263243,8145.344805,0.123
11/4/2023 10:00,0.387682693,10077.12857,0.113
11/4/2023 11:00,0.40732553,11569.53278,0.109
11/4/2023 12:00,0.47160358,9674.245661,0.11
11/4/2023 13:00,0.424406153,10754.83733,0.116
11/4/2023 14:00,0.404743283,11303.69495,0.127
11/4/2023 15:00,0.359400943,10818.39633,0.148
11/4/2023 16:00,0.147677443,11382.0292,0.181
11/4/2023 17:00,0.054642024,13052.99519,0.244
11/4/2023 18:00,0.004093713,10345.99912,0.279
11/4/2023 19:00,0,9538.982123,0.294
11/4/2023 20:00,0,9993.26878,0.249
11/4/2023 21:00,0,9363.891601,0.213
11/4/2023 22:00,0,11007.40368,0.181
11/4/2023 23:00,0,9611.228154,0.163
11/5/2023 0:00,0,8917.633721,0.152
11/5/2023 1:00,0,5779.458249,0.143
11/5/2023 2:00,0,6035.937334,0.137
11/5/2023 3:00,0,5511.783168,0.137
11/5/2023 4:00,0,8324.207199,0.145
11/5/2023 5:00,0,6494.220117,0.172
11/5/2023 6:00,0.00108385,5177.525901,0.204
11/5/2023 7:00,0.019858265,7347.187282,0.185
11/5/2023 8:00,0.108347253,7170.355889,0.144
11/5/2023 9:00,0.338507167,5238.85496,0.123
11/5/2023 10:00,0.384629423,7402.965637,0.113
11/5/2023 11:00,0.41618911,7603.678899,0.109
11/5/2023 12:00,0.584503463,8630.827641,0.11
11/5/2023 13:00,0.373702463,11145.16339,0.116
11/5/2023 14:00,0.344454983,10522.03218,0.127
11/5/2023 15:00,0.395466853,10256.45655,0.148
11/5/2023 16:00,0.185743117,9453.735715,0.181
11/5/2023 17:00,0.061552249,10923.35134,0.244
11/5/2023 18:00,0.006809138,9046.053963,0.279
11/5/2023 19:00,0,6404.516536,0.294
11/5/2023 20:00,0,6246.649395,0.249
11/5/2023 21:00,0,7229.263924,0.213
11/5/2023 22:00,0,6583.593497,0.181
11/5/2023 23:00,0,6048.791472,0.163
11/6/2023 0:00,0,6680.046507,0.152
11/6/2023 1:00,0,2702.748371,0.143
11/6/2023 2:00,0,6991.540185,0.137
11/6/2023 3:00,0,5370.71963,0.137
11/6/2023 4:00,0,4988.333045,0.145
11/6/2023 5:00,0,4398.608032,0.172
11/6/2023 6:00,0,2539.976734,0.204
11/6/2023 7:00,0.031282141,3044.332523,0.185
11/6/2023 8:00,0.043573601,63.07768745,0.144
11/6/2023 9:00,0.07660905,590.2763558,0.123
11/6/2023 10:00,0.081864326,644.5582067,0.113
11/6/2023 11:00,0.077417437,2777.57929,0.109
11/6/2023 12:00,0.059787746,5877.79194,0.11
11/6/2023 13:00,0.052544163,5273.645088,0.116
11/6/2023 14:00,0.052941223,9826.771593,0.127
11/6/2023 15:00,0.057089154,9354.821951,0.148
11/6/2023 16:00,0.059848165,8383.499429,0.181
11/6/2023 17:00,0.007087316,8537.177156,0.244
11/6/2023 18:00,1.87E-05,9934.354558,0.279
11/6/2023 19:00,0,10043.30774,0.294
11/6/2023 20:00,0,10520.9577,0.249
11/6/2023 21:00,0,8323.021874,0.213
11/6/2023 22:00,0,7633.635614,0.181
11/6/2023 23:00,0,7687.055005,0.163
11/7/2023 0:00,0,10797.38593,0.152
11/7/2023 1:00,0,7104.196284,0.143
11/7/2023 2:00,0,7597.513156,0.137
11/7/2023 3:00,0,6735.278405,0.137
11/7/2023 4:00,0,5576.80342,0.145
11/7/2023 5:00,0,6922.483063,0.172
11/7/2023 6:00,0.005582075,5647.199949,0.204
11/7/2023 7:00,0.073978017,5519.451493,0.185
11/7/2023 8:00,0.083861544,8831.959761,0.144
11/7/2023 9:00,0.078770268,9214.781375,0.123
11/7/2023 10:00,0.149512873,7917.599957,0.113
11/7/2023 11:00,0.25585435,7275.734918,0.109
11/7/2023 12:00,0.20204832,9418.293613,0.11
11/7/2023 13:00,0.19432329,10904.78522,0.116
11/7/2023 14:00,0.22683792,9583.136152,0.127
11/7/2023 15:00,0.16267762,9990.465931,0.148
11/7/2023 16:00,0.085329782,9187.663872,0.181
11/7/2023 17:00,0.018918938,9821.620176,0.244
11/7/2023 18:00,0.001061571,12603.98523,0.279
11/7/2023 19:00,0,9890.580363,0.294
11/7/2023 20:00,0,8094.101109,0.249
11/7/2023 21:00,0,7649.641945,0.213
11/7/2023 22:00,0,7550.070934,0.181
11/7/2023 23:00,0,7682.38987,0.163
11/8/2023 0:00,0,8716.822787,0.152
11/8/2023 1:00,0,8122.011152,0.143
11/8/2023 2:00,0,6306.06262,0.137
11/8/2023 3:00,0,7405.501372,0.137
11/8/2023 4:00,0,7165.316711,0.145
11/8/2023 5:00,0,7843.12838,0.172
11/8/2023 6:00,0.01051864,5451.085445,0.204
11/8/2023 7:00,0.090578569,5360.596094,0.185
11/8/2023 8:00,0.21922348,3738.814745,0.144
11/8/2023 9:00,0.236132323,4642.281967,0.123
11/8/2023 10:00,0.296294833,7443.111237,0.113
11/8/2023 11:00,0.477696103,11015.46577,0.109
11/8/2023 12:00,0.5075874,9897.481173,0.11
11/8/2023 13:00,0.35770573,9484.311483,0.116
11/8/2023 14:00,0.224969073,10995.09826,0.127
11/8/2023 15:00,0.184947603,6797.965281,0.148
11/8/2023 16:00,0.118700683,5949.289544,0.181
11/8/2023 17:00,0.051081601,4469.060016,0.244
11/8/2023 18:00,0.003547403,5736.405398,0.279
11/8/2023 19:00,0,6595.016488,0.294
11/8/2023 20:00,0,8401.561079,0.249
11/8/2023 21:00,0,9168.626555,0.213
11/8/2023 22:00,0,9824.523976,0.181
11/8/2023 23:00,0,10512.86601,0.163
11/9/2023 0:00,0,10633.76415,0.152
11/9/2023 1:00,0,7128.46775,0.143
11/9/2023 2:00,0,7257.293411,0.137
11/9/2023 3:00,0,7913.27302,0.137
11/9/2023 4:00,0,7822.627885,0.145
11/9/2023 5:00,0,7267.992777,0.172
11/9/2023 6:00,0.005969683,8597.465,0.204
11/9/2023 7:00,0.067143099,5840.233745,0.185
11/9/2023 8:00,0.14300562,7247.961356,0.144
11/9/2023 9:00,0.155770593,9010.639969,0.123
11/9/2023 10:00,0.154892637,11510.54636,0.113
11/9/2023 11:00,0.144946523,11561.01283,0.109
11/9/2023 12:00,0.1520289,13559.47693,0.11
11/9/2023 13:00,0.170220163,11618.42874,0.116
11/9/2023 14:00,0.15284991,10502.68687,0.127
11/9/2023 15:00,0.162835197,10160.08461,0.148
11/9/2023 16:00,0.131018652,11361.71016,0.181
11/9/2023 17:00,0.045406781,10854.91559,0.244
11/9/2023 18:00,0.002196465,12735.15729,0.279
11/9/2023 19:00,0,12852.44097,0.294
11/9/2023 20:00,0,12535.09753,0.249
11/9/2023 21:00,0,11659.97938,0.213
11/9/2023 22:00,0,13355.39367,0.181
11/9/2023 23:00,0,11838.62946,0.163
11/10/2023 0:00,0,13035.06152,0.152
11/10/2023 1:00,0,12623.98828,0.143
11/10/2023 2:00,0,10549.17703,0.137
11/10/2023 3:00,0,8381.652188,0.137
11/10/2023 4:00,0,6937.562513,0.145
11/10/2023 5:00,0,6621.603028,0.172
11/10/2023 6:00,0.00138977,6330.588539,0.204
11/10/2023 7:00,0.015552925,8228.846076,0.185
11/10/2023 8:00,0.061846536,6653.331033,0.144
11/10/2023 9:00,0.124307033,8376.030518,0.123
11/10/2023 10:00,0.116163453,9335.553504,0.113
11/10/2023 11:00,0.08656078,10448.94753,0.109
11/10/2023 12:00,0.131003408,10652.0568,0.11
11/10/2023 13:00,0.230453023,10000.95708,0.116
11/10/2023 14:00,0.126671458,9150.27742,0.127
11/10/2023 15:00,0.227589747,10623.26754,0.148
11/10/2023 16:00,0.111169278,8999.375461,0.181
11/10/2023 17:00,0.07767591,10051.9806,0.244
11/10/2023 18:00,0.004901083,9859.48219,0.279
11/10/2023 19:00,0,11660.90379,0.294
11/10/2023 20:00,0,9358.12995,0.249
11/10/2023 21:00,0,8922.034804,0.213
11/10/2023 22:00,0,10139.29926,0.181
11/10/2023 23:00,0,9488.540857,0.163
11/11/2023 0:00,0,8466.191664,0.152
11/11/2023 1:00,0,5497.800151,0.143
11/11/2023 2:00,0,3594.721428,0.137
11/11/2023 3:00,0,4709.093269,0.137
11/11/2023 4:00,0,4537.025931,0.145
11/11/2023 5:00,0,6105.857338,0.172
11/11/2023 6:00,0.000286576,6942.998952,0.204
11/11/2023 7:00,0.019051433,6512.582878,0.185
11/11/2023 8:00,0.062837798,8411.170869,0.144
11/11/2023 9:00,0.07640696,8329.797959,0.123
11/11/2023 10:00,0.08964615,8949.265295,0.113
11/11/2023 11:00,0.146093383,9720.830197,0.109
11/11/2023 12:00,0.15008804,11336.415,0.11
11/11/2023 13:00,0.129503877,10132.26347,0.116
11/11/2023 14:00,0.138181315,9961.024023,0.127
11/11/2023 15:00,0.092119687,9520.099021,0.148
11/11/2023 16:00,0.024403283,8590.500732,0.181
11/11/2023 17:00,0.00217656,11396.23268,0.244
11/11/2023 18:00,0,10979.97899,0.279
11/11/2023 19:00,0,7955.4802,0.294
11/11/2023 20:00,0,10058.23191,0.249
11/11/2023 21:00,0,8713.75614,0.213
11/11/2023 22:00,0,7527.695815,0.181
11/11/2023 23:00,0,8145.742344,0.163
11/12/2023 0:00,0,7740.171539,0.152
11/12/2023 1:00,0,5651.086911,0.143
11/12/2023 2:00,0,5176.770313,0.137
11/12/2023 3:00,0,7283.776034,0.137
11/12/2023 4:00,0,8009.936726,0.145
11/12/2023 5:00,0,7880.118688,0.172
11/12/2023 6:00,0,6066.595325,0.204
11/12/2023 7:00,0,7869.820892,0.185
11/12/2023 8:00,0,7844.193822,0.144
11/12/2023 9:00,0.003081468,8609.334636,0.123
11/12/2023 10:00,0.004992089,7369.33352,0.113
11/12/2023 11:00,0.009780616,8362.926569,0.109
11/12/2023 12:00,0.010842239,7080.142613,0.11
11/12/2023 13:00,0.030122669,5725.280828,0.116
11/12/2023 14:00,0.011417828,7360.734298,0.127
11/12/2023 15:00,0.013629049,7674.929678,0.148
11/12/2023 16:00,0.004169627,7336.167688,0.181
11/12/2023 17:00,0,8630.763033,0.244
11/12/2023 18:00,0,6522.531569,0.279
11/12/2023 19:00,0,6211.072143,0.294
11/12/2023 20:00,0,8623.208311,0.249
11/12/2023 21:00,0,8871.110747,0.213
11/12/2023 22:00,0,9847.301364,0.181
11/12/2023 23:00,0,9111.263347,0.163
11/13/2023 0:00,0,8230.227853,0.152
11/13/2023 1:00,0,6212.577251,0.143
11/13/2023 2:00,0,5659.240555,0.137
11/13/2023 3:00,0,3547.560568,0.137
11/13/2023 4:00,0,3059.456412,0.145
11/13/2023 5:00,0,5589.351566,0.172
11/13/2023 6:00,0,5860.045136,0.204
11/13/2023 7:00,0.008160473,6586.987574,0.185
11/13/2023 8:00,0.038081364,5055.219521,0.144
11/13/2023 9:00,0.094375785,4584.917284,0.123
11/13/2023 10:00,0.123651855,3658.078574,0.113
11/13/2023 11:00,0.15445407,4056.840398,0.109
11/13/2023 12:00,0.257053573,3976.964646,0.11
11/13/2023 13:00,0.158334387,5097.62699,0.116
11/13/2023 14:00,0.206160103,3975.004282,0.127
11/13/2023 15:00,0.025582529,5062.878643,0.148
11/13/2023 16:00,0.046368759,6448.190679,0.181
11/13/2023 17:00,0.035304217,7349.41718,0.244
11/13/2023 18:00,0.000385667,6770.12418,0.279
11/13/2023 19:00,0,8592.3544,0.294
11/13/2023 20:00,0,8443.509046,0.249
11/13/2023 21:00,0,10648.08945,0.213
11/13/2023 22:00,0,7468.325242,0.181
11/13/2023 23:00,0,5613.084315,0.163
11/14/2023 0:00,0,6044.240515,0.152
11/14/2023 1:00,0,2626.788705,0.143
11/14/2023 2:00,0,3671.931947,0.137
11/14/2023 3:00,0,5863.074451,0.137
11/14/2023 4:00,0,6360.54586,0.145
11/14/2023 5:00,0,8253.774083,0.172
11/14/2023 6:00,0,5334.925783,0.204
11/14/2023 7:00,0.012909138,5421.939325,0.185
11/14/2023 8:00,0.040774925,6114.12094,0.144
11/14/2023 9:00,0.14731246,6881.496504,0.123
11/14/2023 10:00,0.231220887,8527.566484,0.113
11/14/2023 11:00,0.215658927,7777.5346,0.109
11/14/2023 12:00,0.16174229,7719.169191,0.11
11/14/2023 13:00,0.174360657,8536.986568,0.116
11/14/2023 14:00,0.272000957,9738.834325,0.127
11/14/2023 15:00,0.1751862,11424.21549,0.148
11/14/2023 16:00,0.106361432,9174.709352,0.181
11/14/2023 17:00,0.006908088,10090.35904,0.244
11/14/2023 18:00,0,8171.086144,0.279
11/14/2023 19:00,0,6677.251851,0.294
11/14/2023 20:00,0,5472.896656,0.249
11/14/2023 21:00,0,5775.584534,0.213
11/14/2023 22:00,0,3883.243395,0.181
11/14/2023 23:00,0,6644.738906,0.163
11/15/2023 0:00,0,10871.08657,0.152
11/15/2023 1:00,0,9863.439856,0.143
11/15/2023 2:00,0,8945.664915,0.137
11/15/2023 3:00,0,8093.847644,0.137
11/15/2023 4:00,0,6853.676407,0.145
11/15/2023 5:00,0,8664.910378,0.172
11/15/2023 6:00,4.01E-05,7349.231672,0.204
11/15/2023 7:00,0.017505484,7108.502386,0.185
11/15/2023 8:00,0.052936019,6205.625209,0.144
11/15/2023 9:00,0.06473979,6329.145044,0.123
11/15/2023 10:00,0.134440683,6547.570061,0.113
11/15/2023 11:00,0.173876467,7163.023939,0.109
11/15/2023 12:00,0.098611433,4846.111453,0.11
11/15/2023 13:00,0.046083055,5345.787929,0.116
11/15/2023 14:00,0.046773109,4573.613526,0.127
11/15/2023 15:00,0.049092919,4207.979914,0.148
11/15/2023 16:00,0.015884052,6168.890562,0.181
11/15/2023 17:00,0.003401607,6147.32991,0.244
11/15/2023 18:00,0,6932.019402,0.279
11/15/2023 19:00,0,4644.345611,0.294
11/15/2023 20:00,0,4995.647686,0.249
11/15/2023 21:00,0,7689.554879,0.213
11/15/2023 22:00,0,9819.113262,0.181
11/15/2023 23:00,0,10731.89203,0.163
11/16/2023 0:00,0,10805.95543,0.152
11/16/2023 1:00,0,9033.978195,0.143
11/16/2023 2:00,0,4852.931921,0.137
11/16/2023 3:00,0,5478.588869,0.137
11/16/2023 4:00,0,6472.268309,0.145
11/16/2023 5:00,0,7132.42454,0.172
11/16/2023 6:00,0.001025897,8163.437525,0.204
11/16/2023 7:00,0.026384793,7686.64097,0.185
11/16/2023 8:00,0.15083508,8643.942612,0.144
11/16/2023 9:00,0.334584223,7285.979443,0.123
11/16/2023 10:00,0.454754947,7767.809965,0.113
11/16/2023 11:00,0.53415344,10054.51391,0.109
11/16/2023 12:00,0.573978427,9862.395211,0.11
11/16/2023 13:00,0.505565037,10012.23453,0.116
11/16/2023 14:00,0.557249647,9935.889002,0.127
11/16/2023 15:00,0.409716533,9863.420746,0.148
11/16/2023 16:00,0.259493437,10815.00271,0.181
11/16/2023 17:00,0.09826789,11188.34808,0.244
11/16/2023 18:00,0.009442287,9163.186427,0.279
11/16/2023 19:00,0,8798.990439,0.294
11/16/2023 20:00,0,7463.825179,0.249
11/16/2023 21:00,0,5875.043445,0.213
11/16/2023 22:00,0,7879.498012,0.181
11/16/2023 23:00,0,8074.630893,0.163
11/17/2023 0:00,0,5507.289068,0.152
11/17/2023 1:00,0,5553.991355,0.143
11/17/2023 2:00,0,5449.244172,0.137
11/17/2023 3:00,0,9315.005812,0.137
11/17/2023 4:00,0,6187.448895,0.145
11/17/2023 5:00,0,6358.731105,0.172
11/17/2023 6:00,0.000420381,5380.931917,0.204
11/17/2023 7:00,0.011508938,5455.147824,0.185
11/17/2023 8:00,0.036437226,5389.011478,0.144
11/17/2023 9:00,0.139002757,5141.389018,0.123
11/17/2023 10:00,0.40491113,5435.415231,0.113
11/17/2023 11:00,0.58891811,3979.886695,0.109
11/17/2023 12:00,0.59785545,3405.432831,0.11
11/17/2023 13:00,0.608266303,5309.276378,0.116
11/17/2023 14:00,0.539728473,6635.808168,0.127
11/17/2023 15:00,0.409033747,9585.440454,0.148
11/17/2023 16:00,0.24585939,10628.12049,0.181
11/17/2023 17:00,0.092821752,9639.988627,0.244
11/17/2023 18:00,0.009273361,8119.960855,0.279
11/17/2023 19:00,0,10074.2909,0.294
11/17/2023 20:00,0,7678.199775,0.249
11/17/2023 21:00,0,6312.351146,0.213
11/17/2023 22:00,0,7302.656978,0.181
11/17/2023 23:00,0,8014.544251,0.163
11/18/2023 0:00,0,8085.732198,0.152
11/18/2023 1:00,0,7209.788146,0.143
11/18/2023 2:00,0,7671.523169,0.137
11/18/2023 3:00,0,6807.537547,0.137
11/18/2023 4:00,0,6191.731422,0.145
11/18/2023 5:00,0,6832.135765,0.172
11/18/2023 6:00,0.017103759,7137.431216,0.204
11/18/2023 7:00,0.118376447,8532.558087,0.185
11/18/2023 8:00,0.277441393,7709.855276,0.144
11/18/2023 9:00,0.431804607,7991.697886,0.123
11/18/2023 10:00,0.547359983,9544.678543,0.113
11/18/2023 11:00,0.621365977,9901.450575,0.109
11/18/2023 12:00,0.654089157,11340.08944,0.11
11/18/2023 13:00,0.580315767,10375.75925,0.116
11/18/2023 14:00,0.513823917,10492.67169,0.127
11/18/2023 15:00,0.40550092,11230.051,0.148
11/18/2023 16:00,0.246701363,10562.64891,0.181
11/18/2023 17:00,0.095909208,10844.43227,0.244
11/18/2023 18:00,0.00814462,11658.41629,0.279
11/18/2023 19:00,0,10510.17478,0.294
11/18/2023 20:00,0,12641.91374,0.249
11/18/2023 21:00,0,10817.03593,0.213
11/18/2023 22:00,0,10720.09668,0.181
11/18/2023 23:00,0,8491.284057,0.163
11/19/2023 0:00,0,10336.7345,0.152
11/19/2023 1:00,0,7790.750971,0.143
11/19/2023 2:00,0,5828.771925,0.137
11/19/2023 3:00,0,6122.32503,0.137
11/19/2023 4:00,0,7330.734153,0.145
11/19/2023 5:00,0,5606.088572,0.172
11/19/2023 6:00,0.01881679,5493.996488,0.204
11/19/2023 7:00,0.120449553,6268.909479,0.185
11/19/2023 8:00,0.28397452,6394.235194,0.144
11/19/2023 9:00,0.4458606,9652.3239,0.123
11/19/2023 10:00,0.563160953,11696.02176,0.113
11/19/2023 11:00,0.6437607,10182.4607,0.109
11/19/2023 12:00,0.649349937,8888.350498,0.11
11/19/2023 13:00,0.629136943,8284.636467,0.116
11/19/2023 14:00,0.523549427,8851.72524,0.127
11/19/2023 15:00,0.362193793,8253.729846,0.148
11/19/2023 16:00,0.19449809,8434.271304,0.181
11/19/2023 17:00,0.088486289,9175.301593,0.244
11/19/2023 18:00,0.010965978,8668.671302,0.279
11/19/2023 19:00,0,5105.821416,0.294
11/19/2023 20:00,0,3237.994511,0.249
11/19/2023 21:00,0,3512.109421,0.213
11/19/2023 22:00,0,2519.63637,0.181
11/19/2023 23:00,0,3075.387059,0.163
11/20/2023 0:00,0,4448.569763,0.152
11/20/2023 1:00,0,2533.123049,0.143
11/20/2023 2:00,0,824.4291334,0.137
11/20/2023 3:00,0,2565.987204,0.137
11/20/2023 4:00,0,2131.090707,0.145
11/20/2023 5:00,0,1445.606384,0.172
11/20/2023 6:00,0.004876044,270.1838524,0.204
11/20/2023 7:00,0.042342794,1107.450454,0.185
11/20/2023 8:00,0.1254586,2638.072197,0.144
11/20/2023 9:00,0.243571733,3463.419371,0.123
11/20/2023 10:00,0.470516047,4869.524156,0.113
11/20/2023 11:00,0.656364493,6024.60953,0.109
11/20/2023 12:00,0.659561457,8500.328946,0.11
11/20/2023 13:00,0.571271553,7136.277452,0.116
11/20/2023 14:00,0.572454733,10375.95355,0.127
11/20/2023 15:00,0.375326357,10187.0603,0.148
11/20/2023 16:00,0.205917517,11595.64501,0.181
11/20/2023 17:00,0.069272643,11561.05612,0.244
11/20/2023 18:00,0.007313943,9953.644122,0.279
11/20/2023 19:00,0,9157.247216,0.294
11/20/2023 20:00,0,9705.043898,0.249
11/20/2023 21:00,0,10768.74739,0.213
11/20/2023 22:00,0,10102.05727,0.181
11/20/2023 23:00,0,7416.911151,0.163
11/21/2023 0:00,0,5744.441201,0.152
11/21/2023 1:00,0,5375.585781,0.143
11/21/2023 2:00,0,3739.483879,0.137
11/21/2023 3:00,0,3296.043015,0.137
11/21/2023 4:00,0,4973.781705,0.145
11/21/2023 5:00,0,3870.530459,0.172
11/21/2023 6:00,0.009259751,2942.314137,0.204
11/21/2023 7:00,0.069979928,3101.565204,0.185
11/21/2023 8:00,0.21973996,2815.22413,0.144
11/21/2023 9:00,0.307618893,1913.877129,0.123
11/21/2023 10:00,0.34325114,2001.725172,0.113
11/21/2023 11:00,0.39443194,3062.890747,0.109
11/21/2023 12:00,0.436177753,4079.344565,0.11
11/21/2023 13:00,0.44801608,4932.408892,0.116
11/21/2023 14:00,0.431845703,3355.862008,0.127
11/21/2023 15:00,0.27074097,6404.173427,0.148
11/21/2023 16:00,0.147557593,5173.191707,0.181
11/21/2023 17:00,0.069410099,8661.827933,0.244
11/21/2023 18:00,0.010552169,6548.196123,0.279
11/21/2023 19:00,0,6808.073311,0.294
11/21/2023 20:00,0,7564.036499,0.249
11/21/2023 21:00,0,6219.040093,0.213
11/21/2023 22:00,0,5940.696979,0.181
11/21/2023 23:00,0,5075.604242,0.163
11/22/2023 0:00,0,7452.835879,0.152
11/22/2023 1:00,0,8073.960573,0.143
11/22/2023 2:00,0,6264.620925,0.137
11/22/2023 3:00,0,6696.205277,0.137
11/22/2023 4:00,0,7884.587923,0.145
11/22/2023 5:00,0,6320.081926,0.172
11/22/2023 6:00,0.022421125,6757.034112,0.204
11/22/2023 7:00,0.126334887,5003.48656,0.185
11/22/2023 8:00,0.267152063,4733.064031,0.144
11/22/2023 9:00,0.330960513,5754.844102,0.123
11/22/2023 10:00,0.458971573,6419.116452,0.113
11/22/2023 11:00,0.597786913,8023.033685,0.109
11/22/2023 12:00,0.600843433,8843.681669,0.11
11/22/2023 13:00,0.65739858,8831.77642,0.116
11/22/2023 14:00,0.5771145,5909.021713,0.127
11/22/2023 15:00,0.488466663,6778.222187,0.148
11/22/2023 16:00,0.234213693,7593.847204,0.181
11/22/2023 17:00,0.11879529,7644.841495,0.244
11/22/2023 18:00,0.008600579,10119.83793,0.279
11/22/2023 19:00,0,6293.102895,0.294
11/22/2023 20:00,0,7006.931441,0.249
11/22/2023 21:00,0,8161.900586,0.213
11/22/2023 22:00,0,5453.564838,0.181
11/22/2023 23:00,0,7488.464032,0.163
11/23/2023 0:00,0,8853.521391,0.152
11/23/2023 1:00,0,6560.511872,0.143
11/23/2023 2:00,0,4754.429504,0.137
11/23/2023 3:00,0,5011.635801,0.137
11/23/2023 4:00,0,5807.215507,0.145
11/23/2023 5:00,0,5920.264001,0.172
11/23/2023 6:00,0.022050737,5425.975103,0.204
11/23/2023 7:00,0.08230553,3926.748449,0.185
11/23/2023 8:00,0.183312623,4453.375867,0.144
11/23/2023 9:00,0.323299117,6154.335991,0.123
11/23/2023 10:00,0.38541944,4582.068681,0.113
11/23/2023 11:00,0.42123118,5991.306563,0.109
11/23/2023 12:00,0.37329186,5604.66976,0.11
11/23/2023 13:00,0.403797557,7829.544147,0.116
11/23/2023 14:00,0.315351593,7374.465601,0.127
11/23/2023 15:00,0.355380583,9129.016603,0.148
11/23/2023 16:00,0.22452947,9257.112767,0.181
11/23/2023 17:00,0.0714144,8511.932249,0.244
11/23/2023 18:00,0.006310905,9228.884586,0.279
11/23/2023 19:00,0,6331.816304,0.294
11/23/2023 20:00,0,5254.839195,0.249
11/23/2023 21:00,0,6208.491576,0.213
11/23/2023 22:00,0,7308.446445,0.181
11/23/2023 23:00,0,6935.196663,0.163
11/24/2023 0:00,0,7474.254871,0.152
11/24/2023 1:00,0,5305.34101,0.143
11/24/2023 2:00,0,5572.509458,0.137
11/24/2023 3:00,0,6439.623449,0.137
11/24/2023 4:00,0,4343.138759,0.145
11/24/2023 5:00,0,3535.686971,0.172
11/24/2023 6:00,0.013822172,3486.879117,0.204
11/24/2023 7:00,0.07806055,4060.395533,0.185
11/24/2023 8:00,0.153758437,4872.178312,0.144
11/24/2023 9:00,0.280978343,7221.162296,0.123
11/24/2023 10:00,0.242693693,6533.766189,0.113
11/24/2023 11:00,0.21498202,8170.617922,0.109
11/24/2023 12:00,0.015388765,9760.536838,0.11
11/24/2023 13:00,0.043551311,9446.866422,0.116
11/24/2023 14:00,0.112324743,9587.232293,0.127
11/24/2023 15:00,0.088523167,8945.42455,0.148
11/24/2023 16:00,0.137583758,6901.999047,0.181
11/24/2023 17:00,0.084748658,7453.882839,0.244
11/24/2023 18:00,0.009523631,8592.41562,0.279
11/24/2023 19:00,0,7552.170732,0.294
11/24/2023 20:00,0,7200.902368,0.249
11/24/2023 21:00,0,8923.334603,0.213
11/24/2023 22:00,0,8088.912971,0.181
11/24/2023 23:00,0,6473.774317,0.163
11/25/2023 0:00,0,3142.853092,0.152
11/25/2023 1:00,0,2753.375435,0.143
11/25/2023 2:00,0,1201.051866,0.137
11/25/2023 3:00,0,2671.617902,0.137
11/25/2023 4:00,0,0,0.145
11/25/2023 5:00,0,0,0.172
11/25/2023 6:00,0.026196547,753.6896839,0.204
11/25/2023 7:00,0.110585168,1673.174058,0.185
11/25/2023 8:00,0.075990363,3107.984435,0.144
11/25/2023 9:00,0.060653005,6063.284489,0.123
11/25/2023 10:00,0.111936997,6682.763429,0.113
11/25/2023 11:00,0.268849663,7722.137695,0.109
11/25/2023 12:00,0.22700042,9986.048121,0.11
11/25/2023 13:00,0.129184503,10210.94367,0.116
11/25/2023 14:00,0.137021727,10604.74301,0.127
11/25/2023 15:00,0.108571977,11424.88253,0.148
11/25/2023 16:00,0.063294309,11357.93322,0.181
11/25/2023 17:00,0.030293774,12055.30702,0.244
11/25/2023 18:00,0.00300584,13476.48265,0.279
11/25/2023 19:00,0,12249.03772,0.294
11/25/2023 20:00,0,12410.88871,0.249
11/25/2023 21:00,0,13035.43485,0.213
11/25/2023 22:00,0,14197.08664,0.181
11/25/2023 23:00,0,12452.13209,0.163
11/26/2023 0:00,0,12101.8612,0.152
11/26/2023 1:00,0,10880.93471,0.143
11/26/2023 2:00,0,9543.214198,0.137
11/26/2023 3:00,0,6094.51255,0.137
11/26/2023 4:00,0,4836.397275,0.145
11/26/2023 5:00,0,1409.223846,0.172
11/26/2023 6:00,0.018110909,2328.275246,0.204
11/26/2023 7:00,0.106196552,1813.531513,0.185
11/26/2023 8:00,0.203227877,4166.15639,0.144
11/26/2023 9:00,0.31208871,5244.37191,0.123
11/26/2023 10:00,0.315557537,9288.108934,0.113
11/26/2023 11:00,0.342934623,9664.195261,0.109
11/26/2023 12:00,0.268450543,10231.80092,0.11
11/26/2023 13:00,0.125531957,10477.54794,0.116
11/26/2023 14:00,0.150554117,10576.9787,0.127
11/26/2023 15:00,0.1595719,8621.748819,0.148
11/26/2023 16:00,0.063192409,9401.515547,0.181
11/26/2023 17:00,0.041035756,10236.17817,0.244
11/26/2023 18:00,0.001963759,9993.717716,0.279
11/26/2023 19:00,0,11162.94501,0.294
11/26/2023 20:00,0,9020.05933,0.249
11/26/2023 21:00,0,11208.11481,0.213
11/26/2023 22:00,0,9780.294462,0.181
11/26/2023 23:00,0,10994.12466,0.163
11/27/2023 0:00,0,14771.21076,0.152
11/27/2023 1:00,0,11475.56911,0.143
11/27/2023 2:00,0,9330.033491,0.137
11/27/2023 3:00,0,5683.392081,0.137
11/27/2023 4:00,0,6698.644308,0.145
11/27/2023 5:00,0,7953.448102,0.172
11/27/2023 6:00,0.002875755,8866.875755,0.204
11/27/2023 7:00,0.017847415,8378.708986,0.185
11/27/2023 8:00,0.017615654,7117.937721,0.144
11/27/2023 9:00,0.041083005,8935.097605,0.123
11/27/2023 10:00,0.011510526,11215.57824,0.113
11/27/2023 11:00,0.003813043,12333.85324,0.109
11/27/2023 12:00,0.049116393,12915.44121,0.11
11/27/2023 13:00,0.057205715,9376.731775,0.116
11/27/2023 14:00,0.045876458,10881.52175,0.127
11/27/2023 15:00,0.046514996,12143.77679,0.148
11/27/2023 16:00,0.048896736,10281.44066,0.181
11/27/2023 17:00,0.006101703,9400.239726,0.244
11/27/2023 18:00,0,8059.345669,0.279
11/27/2023 19:00,0,8209.013547,0.294
11/27/2023 20:00,0,8563.912923,0.249
11/27/2023 21:00,0,7493.449118,0.213
11/27/2023 22:00,0,5855.26473,0.181
11/27/2023 23:00,0,6160.966652,0.163
11/28/2023 0:00,0,6397.732215,0.152
11/28/2023 1:00,0,7952.525172,0.143
11/28/2023 2:00,0,7489.98629,0.137
11/28/2023 3:00,0,6888.44079,0.137
11/28/2023 4:00,0,5657.536214,0.145
11/28/2023 5:00,0,5838.963848,0.172
11/28/2023 6:00,0.006851237,4191.282594,0.204
11/28/2023 7:00,0.055169635,3341.177154,0.185
11/28/2023 8:00,0.104370057,2399.752638,0.144
11/28/2023 9:00,0.284177833,3141.790694,0.123
11/28/2023 10:00,0.235332807,5968.054647,0.113
11/28/2023 11:00,0.135857573,6726.06642,0.109
11/28/2023 12:00,0.095628277,8387.388311,0.11
11/28/2023 13:00,0.023831042,9144.238191,0.116
11/28/2023 14:00,0.021829638,9204.541087,0.127
11/28/2023 15:00,0.088543475,8444.458444,0.148
11/28/2023 16:00,0.027047558,8167.888056,0.181
11/28/2023 17:00,0.031439423,8713.083547,0.244
11/28/2023 18:00,0.002608758,9571.149317,0.279
11/28/2023 19:00,0,9495.513892,0.294
11/28/2023 20:00,0,10785.16895,0.249
11/28/2023 21:00,0,11932.4995,0.213
11/28/2023 22:00,0,11578.42102,0.181
11/28/2023 23:00,0,10351.8616,0.163
11/29/2023 0:00,0,9073.071183,0.152
11/29/2023 1:00,0,6530.257556,0.143
11/29/2023 2:00,0,7954.793511,0.137
11/29/2023 3:00,0,9537.567861,0.137
11/29/2023 4:00,0,9008.972493,0.145
11/29/2023 5:00,0,8079.651692,0.172
11/29/2023 6:00,0.00954486,8713.107394,0.204
11/29/2023 7:00,0.062298053,9147.503682,0.185
11/29/2023 8:00,0.002629101,7293.15176,0.144
11/29/2023 9:00,0.000115636,7155.951181,0.123
11/29/2023 10:00,0.003544936,7659.947129,0.113
11/29/2023 11:00,0,8365.765764,0.109
11/29/2023 12:00,0.036506593,9320.889123,0.11
11/29/2023 13:00,0.062742587,9318.10563,0.116
11/29/2023 14:00,0.034269663,11597.11933,0.127
11/29/2023 15:00,0.206645213,10153.23573,0.148
11/29/2023 16:00,0.186636813,7982.864076,0.181
11/29/2023 17:00,0.072381868,6192.568026,0.244
11/29/2023 18:00,0.007943851,7670.957405,0.279
11/29/2023 19:00,0,11708.91,0.294
11/29/2023 20:00,0,9831.124204,0.249
11/29/2023 21:00,0,9924.025713,0.213
11/29/2023 22:00,0,8160.711177,0.181
11/29/2023 23:00,0,8824.692349,0.163
11/30/2023 0:00,0,8625.788434,0.152
11/30/2023 1:00,0,4843.251775,0.143
11/30/2023 2:00,0,3993.546822,0.137
11/30/2023 3:00,0,4333.51601,0.137
11/30/2023 4:00,0,3562.160367,0.145
11/30/2023 5:00,0,2526.699975,0.172
11/30/2023 6:00,0.004295471,4594.528506,0.204
11/30/2023 7:00,0.100717255,4886.258503,0.185
11/30/2023 8:00,0.133732532,6703.375234,0.144
11/30/2023 9:00,0.110934345,7779.38982,0.123
11/30/2023 10:00,0.13980554,10307.76879,0.113
11/30/2023 11:00,0.328686007,8871.452628,0.109
11/30/2023 12:00,0.192561957,9615.316621,0.11
11/30/2023 13:00,0.136549453,9200.730083,0.116
11/30/2023 14:00,0.128209115,6792.783457,0.127
11/30/2023 15:00,0.045645611,7616.318396,0.148
11/30/2023 16:00,0.041242389,7481.259868,0.181
11/30/2023 17:00,0.014018516,9156.547616,0.244
11/30/2023 18:00,0.000121987,5902.082879,0.279
11/30/2023 19:00,0,10504.67077,0.294
11/30/2023 20:00,0,9910.548523,0.249
11/30/2023 21:00,0,7820.014901,0.213
11/30/2023 22:00,0,10367.66558,0.181
11/30/2023 23:00,0,9380.567334,0.163
12/1/2023 0:00,0,11795.38541,0.152
12/1/2023 1:00,0,12204.99545,0.143
12/1/2023 2:00,0,9152.995589,0.137
12/1/2023 3:00,0,9665.78489,0.137
12/1/2023 4:00,0,9733.862225,0.145
12/1/2023 5:00,0,12537.55974,0.172
12/1/2023 6:00,0.000899062,9074.943654,0.204
12/1/2023 7:00,0.011717877,6404.249083,0.185
12/1/2023 8:00,0.068252962,6316.81491,0.144
12/1/2023 9:00,0.021170948,5436.032551,0.123
12/1/2023 10:00,0.034765611,8844.190769,0.113
12/1/2023 11:00,0.076046825,8467.461527,0.109
12/1/2023 12:00,0.16008453,8092.347566,0.11
12/1/2023 13:00,0.404734483,6974.732594,0.116
12/1/2023 14:00,0.464316543,6716.715594,0.127
12/1/2023 15:00,0.226356437,6722.742061,0.148
12/1/2023 16:00,0.230425903,10117.20606,0.181
12/1/2023 17:00,0.117867723,11746.48351,0.244
12/1/2023 18:00,0.010516022,9412.892968,0.279
12/1/2023 19:00,0,10583.10726,0.294
12/1/2023 20:00,0,7742.232045,0.249
12/1/2023 21:00,0,7352.470485,0.213
12/1/2023 22:00,0,6855.656534,0.181
12/1/2023 23:00,0,6857.56061,0.163
12/2/2023 0:00,0,6721.173116,0.152
12/2/2023 1:00,0,4984.772912,0.143
12/2/2023 2:00,0,4104.876902,0.137
12/2/2023 3:00,0,1766.855557,0.137
12/2/2023 4:00,0,8709.933133,0.145
12/2/2023 5:00,0,9001.222586,0.172
12/2/2023 6:00,9.18E-05,9062.920176,0.204
12/2/2023 7:00,0.005177712,7626.650874,0.185
12/2/2023 8:00,0.006066056,4658.939664,0.144
12/2/2023 9:00,0.003912636,4597.517094,0.123
12/2/2023 10:00,0.083619911,6657.717085,0.113
12/2/2023 11:00,0.05221752,9435.131392,0.109
12/2/2023 12:00,0.019739822,8556.159104,0.11
12/2/2023 13:00,0.038901235,9607.713098,0.116
12/2/2023 14:00,0.038280829,9758.542748,0.127
12/2/2023 15:00,0.068313738,9807.648889,0.148
12/2/2023 16:00,0.034450824,8995.641045,0.181
12/2/2023 17:00,0.015364652,8368.419239,0.244
12/2/2023 18:00,0,11697.16712,0.279
12/2/2023 19:00,0,11198.15458,0.294
12/2/2023 20:00,0,12104.03956,0.249
12/2/2023 21:00,0,13051.26004,0.213
12/2/2023 22:00,0,10701.64393,0.181
12/2/2023 23:00,0,13234.28806,0.163
12/3/2023 0:00,0,16692.9241,0.152
12/3/2023 1:00,0,12408.91561,0.143
12/3/2023 2:00,0,7710.852255,0.137
12/3/2023 3:00,0,8610.366455,0.137
12/3/2023 4:00,0,7792.817212,0.145
12/3/2023 5:00,0,8458.53001,0.172
12/3/2023 6:00,0.014125009,7543.032539,0.204
12/3/2023 7:00,0.049050399,8077.191044,0.185
12/3/2023 8:00,0.081415222,4868.729854,0.144
12/3/2023 9:00,0.103987917,5627.744642,0.123
12/3/2023 10:00,0.28284755,4625.965055,0.113
12/3/2023 11:00,0.17814845,6870.950728,0.109
12/3/2023 12:00,0.2258191,6230.614594,0.11
12/3/2023 13:00,0.116017173,7047.213781,0.116
12/3/2023 14:00,0.08682947,8277.865274,0.127
12/3/2023 15:00,0.041680409,4682.432519,0.148
12/3/2023 16:00,0.026028323,5493.999915,0.181
12/3/2023 17:00,0.011137201,7320.572545,0.244
12/3/2023 18:00,0,7404.77364,0.279
12/3/2023 19:00,0,10745.91136,0.294
12/3/2023 20:00,0,9761.833363,0.249
12/3/2023 21:00,0,10233.97692,0.213
12/3/2023 22:00,0,12929.70037,0.181
12/3/2023 23:00,0,9660.149433,0.163
12/4/2023 0:00,0,9795.686299,0.152
12/4/2023 1:00,0,6070.412931,0.143
12/4/2023 2:00,0,3549.051864,0.137
12/4/2023 3:00,0,5597.619124,0.137
12/4/2023 4:00,0,6342.005926,0.145
12/4/2023 5:00,0,9826.424832,0.172
12/4/2023 6:00,0,7897.279126,0.204
12/4/2023 7:00,0.005634016,7873.352997,0.185
12/4/2023 8:00,0.026003001,5697.359912,0.144
12/4/2023 9:00,0.043340036,5990.987884,0.123
12/4/2023 10:00,0.031822348,6286.992951,0.113
12/4/2023 11:00,0.028416947,8206.534204,0.109
12/4/2023 12:00,0.036055816,7531.056084,0.11
12/4/2023 13:00,0.036978761,5896.492933,0.116
12/4/2023 14:00,0.046772241,7353.117499,0.127
12/4/2023 15:00,0.017215944,8593.888798,0.148
12/4/2023 16:00,0.033083326,8827.169693,0.181
12/4/2023 17:00,0.014290613,8483.819572,0.244
12/4/2023 18:00,0,6101.468846,0.279
12/4/2023 19:00,0,6733.76214,0.294
12/4/2023 20:00,0,4952.14955,0.249
12/4/2023 21:00,0,3379.278466,0.213
12/4/2023 22:00,0,4130.290125,0.181
12/4/2023 23:00,0,6197.118131,0.163
12/5/2023 0:00,0,8639.50964,0.152
12/5/2023 1:00,0,6948.221881,0.143
12/5/2023 2:00,0,6850.582213,0.137
12/5/2023 3:00,0,4236.678938,0.137
12/5/2023 4:00,0,8361.250908,0.145
12/5/2023 5:00,0,7216.490912,0.172
12/5/2023 6:00,0.005733624,9360.30711,0.204
12/5/2023 7:00,0.028212916,6072.328644,0.185
12/5/2023 8:00,0.07296444,6373.987317,0.144
12/5/2023 9:00,0.194352273,7532.561262,0.123
12/5/2023 10:00,0.16870391,6297.190552,0.113
12/5/2023 11:00,0.18280276,6768.858335,0.109
12/5/2023 12:00,0.2147672,3622.608603,0.11
12/5/2023 13:00,0.240343777,6800.446502,0.116
12/5/2023 14:00,0.25103094,7427.240216,0.127
12/5/2023 15:00,0.1617762,8976.083716,0.148
12/5/2023 16:00,0.083803698,10623.68414,0.181
12/5/2023 17:00,0.049776095,12295.00693,0.244
12/5/2023 18:00,0.006120243,9627.72401,0.279
12/5/2023 19:00,0,9565.519122,0.294
12/5/2023 20:00,0,8155.810213,0.249
12/5/2023 21:00,0,7220.02975,0.213
12/5/2023 22:00,0,4245.331388,0.181
12/5/2023 23:00,0,7600.25292,0.163
12/6/2023 0:00,0,8362.276873,0.152
12/6/2023 1:00,0,7605.314441,0.143
12/6/2023 2:00,0,7726.11509,0.137
12/6/2023 3:00,0,5276.794795,0.137
12/6/2023 4:00,0,2636.063923,0.145
12/6/2023 5:00,0,3244.634158,0.172
12/6/2023 6:00,0.010817861,4424.104949,0.204
12/6/2023 7:00,0.039119783,6262.135616,0.185
12/6/2023 8:00,0.093743032,8212.476469,0.144
12/6/2023 9:00,0.137912237,6995.793679,0.123
12/6/2023 10:00,0.13985355,8212.288838,0.113
12/6/2023 11:00,0.148537483,10141.96258,0.109
12/6/2023 12:00,0.129989237,11354.09776,0.11
12/6/2023 13:00,0.229797137,12006.59755,0.116
12/6/2023 14:00,0.265691837,13820.99314,0.127
12/6/2023 15:00,0.209153607,12851.4488,0.148
12/6/2023 16:00,0.075412837,12246.56417,0.181
12/6/2023 17:00,0.054745886,12591.28989,0.244
12/6/2023 18:00,0.002529545,9134.993923,0.279
12/6/2023 19:00,0,6623.390289,0.294
12/6/2023 20:00,0,3921.884589,0.249
12/6/2023 21:00,0,4179.305919,0.213
12/6/2023 22:00,0,2904.524027,0.181
12/6/2023 23:00,0,1284.549885,0.163
12/7/2023 0:00,0,1741.12846,0.152
12/7/2023 1:00,0,0,0.143
12/7/2023 2:00,0,306.0589711,0.137
12/7/2023 3:00,0,2697.539202,0.137
12/7/2023 4:00,0,2538.636848,0.145
12/7/2023 5:00,0,4155.373753,0.172
12/7/2023 6:00,0,5349.523583,0.204
12/7/2023 7:00,0.007258268,4386.669887,0.185
12/7/2023 8:00,0.048388265,5381.249361,0.144
12/7/2023 9:00,0.03756453,3972.182246,0.123
12/7/2023 10:00,0.069645414,4152.190043,0.113
12/7/2023 11:00,0.083211205,5197.702682,0.109
12/7/2023 12:00,0.07601507,6405.639703,0.11
12/7/2023 13:00,0.044933453,4192.321646,0.116
12/7/2023 14:00,0.061637431,6735.04647,0.127
12/7/2023 15:00,0.053119901,4920.17487,0.148
12/7/2023 16:00,0.073063295,7902.494916,0.181
12/7/2023 17:00,0.024763412,10076.04593,0.244
12/7/2023 18:00,0.001293156,8077.063651,0.279
12/7/2023 19:00,0,5454.149774,0.294
12/7/2023 20:00,0,4276.588866,0.249
12/7/2023 21:00,0,4931.947846,0.213
12/7/2023 22:00,0,5878.768742,0.181
12/7/2023 23:00,0,2342.901458,0.163
12/8/2023 0:00,0,1619.151127,0.152
12/8/2023 1:00,0,2849.20679,0.143
12/8/2023 2:00,0,2791.109187,0.137
12/8/2023 3:00,0,4830.958014,0.137
12/8/2023 4:00,0,4792.879754,0.145
12/8/2023 5:00,0,4541.389145,0.172
12/8/2023 6:00,0,5969.086146,0.204
12/8/2023 7:00,0.003297846,3541.669746,0.185
12/8/2023 8:00,0.014674307,4365.031515,0.144
12/8/2023 9:00,0.043996822,5163.270203,0.123
12/8/2023 10:00,0.021366963,5516.269034,0.113
12/8/2023 11:00,0.017981639,8719.090374,0.109
12/8/2023 12:00,0.019404813,8790.039498,0.11
12/8/2023 13:00,0.033698555,9650.09762,0.116
12/8/2023 14:00,0.016875174,8718.392311,0.127
12/8/2023 15:00,0.003630862,11271.94844,0.148
12/8/2023 16:00,5.21E-05,11142.4694,0.181
12/8/2023 17:00,0,9272.093572,0.244
12/8/2023 18:00,0,10103.7391,0.279
12/8/2023 19:00,0,13039.88197,0.294
12/8/2023 20:00,0,9657.477254,0.249
12/8/2023 21:00,0,9022.461183,0.213
12/8/2023 22:00,0,10996.56498,0.181
12/8/2023 23:00,0,10805.00061,0.163
12/9/2023 0:00,0,7126.689997,0.152
12/9/2023 1:00,0,3896.113632,0.143
12/9/2023 2:00,0,4503.846849,0.137
12/9/2023 3:00,0,3828.508382,0.137
12/9/2023 4:00,0,4761.300075,0.145
12/9/2023 5:00,0,6355.166206,0.172
12/9/2023 6:00,0,6387.169285,0.204
12/9/2023 7:00,0,6010.681398,0.185
12/9/2023 8:00,0.015636109,7179.448388,0.144
12/9/2023 9:00,0.020462541,5345.171716,0.123
12/9/2023 10:00,0.032070386,6411.688258,0.113
12/9/2023 11:00,0.044087893,7809.459089,0.109
12/9/2023 12:00,0.063580496,7720.761861,0.11
12/9/2023 13:00,0.067142643,5562.287105,0.116
12/9/2023 14:00,0.042369735,4562.763953,0.127
12/9/2023 15:00,0.030684147,7329.640459,0.148
12/9/2023 16:00,0.017822117,10192.29356,0.181
12/9/2023 17:00,0.003950905,7833.357573,0.244
12/9/2023 18:00,0,8091.236689,0.279
12/9/2023 19:00,0,6634.378768,0.294
12/9/2023 20:00,0,6470.110125,0.249
12/9/2023 21:00,0,8100.53013,0.213
12/9/2023 22:00,0,6851.574934,0.181
12/9/2023 23:00,0,6080.114823,0.163
12/10/2023 0:00,0,3289.533101,0.152
12/10/2023 1:00,0,4621.799731,0.143
12/10/2023 2:00,0,5538.507344,0.137
12/10/2023 3:00,0,4773.758582,0.137
12/10/2023 4:00,0,6229.094775,0.145
12/10/2023 5:00,0,8407.165243,0.172
12/10/2023 6:00,0,9004.176195,0.204
12/10/2023 7:00,3.47E-05,4961.318773,0.185
12/10/2023 8:00,0.000500868,4586.444477,0.144
12/10/2023 9:00,0.011584715,5937.826197,0.123
12/10/2023 10:00,0.036142587,10907.91943,0.113
12/10/2023 11:00,0.009448038,10565.3346,0.109
12/10/2023 12:00,0.017983431,12379.61321,0.11
12/10/2023 13:00,0.022117457,13375.29232,0.116
12/10/2023 14:00,0.077131373,12274.64235,0.127
12/10/2023 15:00,0.068069997,8579.466833,0.148
12/10/2023 16:00,0.02707866,10179.01941,0.181
12/10/2023 17:00,0.007492878,8754.660558,0.244
12/10/2023 18:00,0,8764.74284,0.279
12/10/2023 19:00,0,11084.78641,0.294
12/10/2023 20:00,0,11643.27454,0.249
12/10/2023 21:00,0,12442.58021,0.213
12/10/2023 22:00,0,12155.84637,0.181
12/10/2023 23:00,0,13926.96783,0.163
12/11/2023 0:00,0,11271.38217,0.152
12/11/2023 1:00,0,10668.34802,0.143
12/11/2023 2:00,0,12091.43659,0.137
12/11/2023 3:00,0,11010.57169,0.137
12/11/2023 4:00,0,8768.576304,0.145
12/11/2023 5:00,0,6858.469878,0.172
12/11/2023 6:00,0.017804501,3281.726921,0.204
12/11/2023 7:00,0.048866447,1067.732527,0.185
12/11/2023 8:00,0.153198823,3856.082424,0.144
12/11/2023 9:00,0.316165377,5813.186875,0.123
12/11/2023 10:00,0.433498807,6254.599883,0.113
12/11/2023 11:00,0.3592461,7574.131787,0.109
12/11/2023 12:00,0.451401253,7154.682465,0.11
12/11/2023 13:00,0.461729513,9311.82669,0.116
12/11/2023 14:00,0.454788087,7655.528071,0.127
12/11/2023 15:00,0.32702952,7023.267343,0.148
12/11/2023 16:00,0.14939283,10250.72552,0.181
12/11/2023 17:00,0.071256943,10226.44301,0.244
12/11/2023 18:00,0.011852796,11673.39571,0.279
12/11/2023 19:00,0,8197.57341,0.294
12/11/2023 20:00,0,8874.972191,0.249
12/11/2023 21:00,0,6571.489831,0.213
12/11/2023 22:00,0,5651.965821,0.181
12/11/2023 23:00,0,8232.161253,0.163
12/12/2023 0:00,0,8041.397812,0.152
12/12/2023 1:00,0,4499.358226,0.143
12/12/2023 2:00,0,5798.442215,0.137
12/12/2023 3:00,0,3590.098025,0.137
12/12/2023 4:00,0,5103.871339,0.145
12/12/2023 5:00,0,4336.212934,0.172
12/12/2023 6:00,0.020586871,5920.82243,0.204
12/12/2023 7:00,0.086563942,5866.390125,0.185
12/12/2023 8:00,0.16176526,5690.431368,0.144
12/12/2023 9:00,0.289867427,9157.215363,0.123
12/12/2023 10:00,0.522640833,9451.37124,0.113
12/12/2023 11:00,0.46957656,9038.243058,0.109
12/12/2023 12:00,0.500492477,8151.70984,0.11
12/12/2023 13:00,0.466272873,7677.210752,0.116
12/12/2023 14:00,0.443409433,8485.783269,0.127
12/12/2023 15:00,0.3684143,8654.545267,0.148
12/12/2023 16:00,0.23889261,11851.80308,0.181
12/12/2023 17:00,0.084820977,11484.72956,0.244
12/12/2023 18:00,0.009774145,11879.14992,0.279
12/12/2023 19:00,0,8509.552528,0.294
12/12/2023 20:00,0,9539.727599,0.249
12/12/2023 21:00,0,9358.803561,0.213
12/12/2023 22:00,0,6305.894796,0.181
12/12/2023 23:00,0,6797.19412,0.163
12/13/2023 0:00,0,6000.40416,0.152
12/13/2023 1:00,0,4993.396286,0.143
12/13/2023 2:00,0,5900.873347,0.137
12/13/2023 3:00,0,5787.976509,0.137
12/13/2023 4:00,0,6413.507579,0.145
12/13/2023 5:00,3.52E-05,5213.186926,0.172
12/13/2023 6:00,0.023542155,4045.62371,0.204
12/13/2023 7:00,0.10601763,5708.933964,0.185
12/13/2023 8:00,0.238108103,9461.14953,0.144
12/13/2023 9:00,0.335405987,9830.520183,0.123
12/13/2023 10:00,0.449666953,10146.89866,0.113
12/13/2023 11:00,0.502678173,10246.86176,0.109
12/13/2023 12:00,0.38248348,8617.685039,0.11
12/13/2023 13:00,0.11049689,7576.417062,0.116
12/13/2023 14:00,0.176995157,6471.699723,0.127
12/13/2023 15:00,0.050339133,8714.041539,0.148
12/13/2023 16:00,0.009773707,10284.24443,0.181
12/13/2023 17:00,0,10185.21868,0.244
12/13/2023 18:00,0,9032.22527,0.279
12/13/2023 19:00,0,9548.251578,0.294
12/13/2023 20:00,0,6748.922382,0.249
12/13/2023 21:00,0,9018.644919,0.213
12/13/2023 22:00,0,10251.08297,0.181
12/13/2023 23:00,0,7332.387589,0.163
12/14/2023 0:00,0,7446.470332,0.152
12/14/2023 1:00,0,7926.14058,0.143
12/14/2023 2:00,0,4329.347793,0.137
12/14/2023 3:00,0,6435.041324,0.137
12/14/2023 4:00,0,5514.73785,0.145
12/14/2023 5:00,0,6142.200553,0.172
12/14/2023 6:00,0.023702969,8412.453786,0.204
12/14/2023 7:00,0.099011393,7844.433721,0.185
12/14/2023 8:00,0.219929953,9211.47415,0.144
12/14/2023 9:00,0.187453527,10246.47965,0.123
12/14/2023 10:00,0.372148633,8830.058379,0.113
12/14/2023 11:00,0.281948547,11059.77509,0.109
12/14/2023 12:00,0.235037407,8967.86933,0.11
12/14/2023 13:00,0.363559553,7099.387938,0.116
12/14/2023 14:00,0.5047989,5334.228901,0.127
12/14/2023 15:00,0.415100633,10133.45686,0.148
12/14/2023 16:00,0.206222093,9563.121415,0.181
12/14/2023 17:00,0.057602645,10661.81877,0.244
12/14/2023 18:00,0.006025274,10656.43376,0.279
12/14/2023 19:00,0,9182.58911,0.294
12/14/2023 20:00,0,11547.74408,0.249
12/14/2023 21:00,0,12194.53884,0.213
12/14/2023 22:00,0,12311.46691,0.181
12/14/2023 23:00,0,11310.951,0.163
12/15/2023 0:00,0,8167.665247,0.152
12/15/2023 1:00,0,5503.211814,0.143
12/15/2023 2:00,0,5793.197107,0.137
12/15/2023 3:00,0,6734.267275,0.137
12/15/2023 4:00,0,4835.842062,0.145
12/15/2023 5:00,0,5214.340435,0.172
12/15/2023 6:00,0.022335354,4407.805765,0.204
12/15/2023 7:00,0.108690487,4687.952043,0.185
12/15/2023 8:00,0.12088164,7468.384674,0.144
12/15/2023 9:00,0.144134609,5742.08881,0.123
12/15/2023 10:00,0.21983535,6722.484971,0.113
12/15/2023 11:00,0.284094597,9295.078136,0.109
12/15/2023 12:00,0.283762007,11716.6538,0.11
12/15/2023 13:00,0.308130917,13408.68365,0.116
12/15/2023 14:00,0.371074583,12404.94868,0.127
12/15/2023 15:00,0.221711857,11351.16031,0.148
12/15/2023 16:00,0.142626025,10430.88644,0.181
12/15/2023 17:00,0.063938783,9239.871855,0.244
12/15/2023 18:00,0.008569284,9180.183188,0.279
12/15/2023 19:00,0,7504.129263,0.294
12/15/2023 20:00,0,7665.718928,0.249
12/15/2023 21:00,0,8850.230727,0.213
12/15/2023 22:00,0,9050.138707,0.181
12/15/2023 23:00,0,10085.36339,0.163
12/16/2023 0:00,0,9677.061997,0.152
12/16/2023 1:00,0,8833.330587,0.143
12/16/2023 2:00,0,5958.798183,0.137
12/16/2023 3:00,0,7246.733558,0.137
12/16/2023 4:00,0,8287.61302,0.145
12/16/2023 5:00,0,9519.506744,0.172
12/16/2023 6:00,0.006720408,6493.673209,0.204
12/16/2023 7:00,0.033698434,4883.144049,0.185
12/16/2023 8:00,0.07254503,4093.698687,0.144
12/16/2023 9:00,0.08122327,3541.938941,0.123
12/16/2023 10:00,0.090987693,5249.696335,0.113
12/16/2023 11:00,0.095455217,6805.049624,0.109
12/16/2023 12:00,0.19797145,5411.691594,0.11
12/16/2023 13:00,0.144302063,10083.19023,0.116
12/16/2023 14:00,0.11725621,12000.19629,0.127
12/16/2023 15:00,0.09822546,11271.73837,0.148
12/16/2023 16:00,0.044200149,13432.90704,0.181
12/16/2023 17:00,0.018465623,13086.60415,0.244
12/16/2023 18:00,0.001144411,14516.24016,0.279
12/16/2023 19:00,0,11742.151,0.294
12/16/2023 20:00,0,11431.95443,0.249
12/16/2023 21:00,0,7669.778486,0.213
12/16/2023 22:00,0,6517.503066,0.181
12/16/2023 23:00,0,5548.04717,0.163
12/17/2023 0:00,0,4766.166155,0.152
12/17/2023 1:00,0,4302.831196,0.143
12/17/2023 2:00,0,4816.866006,0.137
12/17/2023 3:00,0,6394.574362,0.137
12/17/2023 4:00,0,5935.87703,0.145
12/17/2023 5:00,0,6933.578068,0.172
12/17/2023 6:00,0.005627698,7791.803445,0.204
12/17/2023 7:00,0.036616355,6325.674288,0.185
12/17/2023 8:00,0.18579409,6436.161308,0.144
12/17/2023 9:00,0.442467233,4052.111776,0.123
12/17/2023 10:00,0.43264292,4758.807501,0.113
12/17/2023 11:00,0.380693553,8152.090526,0.109
12/17/2023 12:00,0.489995417,9194.00898,0.11
12/17/2023 13:00,0.46472544,11935.92222,0.116
12/17/2023 14:00,0.521776457,13806.60747,0.127
12/17/2023 15:00,0.243642707,12937.87056,0.148
12/17/2023 16:00,0.13954996,14181.35047,0.181
12/17/2023 17:00,0.075719132,13886.16128,0.244
12/17/2023 18:00,0.011241383,12786.38261,0.279
12/17/2023 19:00,0,11703.40023,0.294
12/17/2023 20:00,0,9196.810433,0.249
12/17/2023 21:00,0,6709.512055,0.213
12/17/2023 22:00,0,3758.48368,0.181
12/17/2023 23:00,0,2095.437969,0.163
12/18/2023 0:00,0,3514.960552,0.152
12/18/2023 1:00,0,2769.73701,0.143
12/18/2023 2:00,0,2912.118662,0.137
12/18/2023 3:00,0,3664.172907,0.137
12/18/2023 4:00,0,1825.691172,0.145
12/18/2023 5:00,0,3957.153343,0.172
12/18/2023 6:00,0.015157797,4257.059997,0.204
12/18/2023 7:00,0.05600787,5160.239844,0.185
12/18/2023 8:00,0.169166673,7268.347337,0.144
12/18/2023 9:00,0.39958742,7901.373261,0.123
12/18/2023 10:00,0.35719315,9246.813994,0.113
12/18/2023 11:00,0.35704246,7842.434695,0.109
12/18/2023 12:00,0.323929157,5953.482022,0.11
12/18/2023 13:00,0.143323812,6596.458542,0.116
12/18/2023 14:00,0.43486278,6277.684795,0.127
12/18/2023 15:00,0.150464127,7340.885167,0.148
12/18/2023 16:00,0.002479331,5838.027092,0.181
12/18/2023 17:00,0.000401547,7368.701986,0.244
12/18/2023 18:00,0,8741.095685,0.279
12/18/2023 19:00,0,8739.46925,0.294
12/18/2023 20:00,0,8525.301832,0.249
12/18/2023 21:00,0,10138.78657,0.213
12/18/2023 22:00,0,9751.714614,0.181
12/18/2023 23:00,0,8318.653846,0.163
12/19/2023 0:00,0,7141.04877,0.152
12/19/2023 1:00,0,5220.8833,0.143
12/19/2023 2:00,0,5483.648243,0.137
12/19/2023 3:00,0,5527.854291,0.137
12/19/2023 4:00,0,5106.003053,0.145
12/19/2023 5:00,0,4007.053616,0.172
12/19/2023 6:00,0.039526005,927.778413,0.204
12/19/2023 7:00,0.159769307,1781.475437,0.185
12/19/2023 8:00,0.29082437,4159.920436,0.144
12/19/2023 9:00,0.447605887,4116.959355,0.123
12/19/2023 10:00,0.339723263,3179.407625,0.113
12/19/2023 11:00,0.31767854,7993.94856,0.109
12/19/2023 12:00,0.255273222,7044.135911,0.11
12/19/2023 13:00,0.314592243,5809.339087,0.116
12/19/2023 14:00,0.098089564,10124.65726,0.127
12/19/2023 15:00,0.060997587,9236.368686,0.148
12/19/2023 16:00,0.022433522,11420.40289,0.181
12/19/2023 17:00,0.005448457,15896.10509,0.244
12/19/2023 18:00,0,13057.53322,0.279
12/19/2023 19:00,0,11365.1063,0.294
12/19/2023 20:00,0,12886.61211,0.249
12/19/2023 21:00,0,10520.56026,0.213
12/19/2023 22:00,0,9455.214071,0.181
12/19/2023 23:00,0,7441.567914,0.163
12/20/2023 0:00,0,7029.276623,0.152
12/20/2023 1:00,0,6073.648388,0.143
12/20/2023 2:00,0,7195.07978,0.137
12/20/2023 3:00,0,7761.955649,0.137
12/20/2023 4:00,0,8673.695315,0.145
12/20/2023 5:00,0,5106.36307,0.172
12/20/2023 6:00,0.017051552,4846.097196,0.204
12/20/2023 7:00,0.087112695,6179.347273,0.185
12/20/2023 8:00,0.2255481,8801.567645,0.144
12/20/2023 9:00,0.414731543,11058.49269,0.123
12/20/2023 10:00,0.543771347,12171.23417,0.113
12/20/2023 11:00,0.649824157,11194.57268,0.109
12/20/2023 12:00,0.657566767,12771.07911,0.11
12/20/2023 13:00,0.635870027,10037.49052,0.116
12/20/2023 14:00,0.567458967,8017.396811,0.127
12/20/2023 15:00,0.443312533,9171.332625,0.148
12/20/2023 16:00,0.2837921,7859.082067,0.181
12/20/2023 17:00,0.126958397,9118.409727,0.244
12/20/2023 18:00,0.017415789,7404.291562,0.279
12/20/2023 19:00,0,7747.454036,0.294
12/20/2023 20:00,0,8493.927819,0.249
12/20/2023 21:00,0,6964.028973,0.213
12/20/2023 22:00,0,6689.243054,0.181
12/20/2023 23:00,0,3723.967556,0.163
12/21/2023 0:00,0,3501.867649,0.152
12/21/2023 1:00,0,5321.811173,0.143
12/21/2023 2:00,0,4545.61477,0.137
12/21/2023 3:00,0,3384.787906,0.137
12/21/2023 4:00,0,6292.952102,0.145
12/21/2023 5:00,0.000306728,7449.178636,0.172
12/21/2023 6:00,0.042125304,3886.305734,0.204
12/21/2023 7:00,0.138491947,5815.624674,0.185
12/21/2023 8:00,0.33095667,8550.999742,0.144
12/21/2023 9:00,0.37132277,11325.14113,0.123
12/21/2023 10:00,0.573001833,12012.38257,0.113
12/21/2023 11:00,0.644888783,9655.617355,0.109
12/21/2023 12:00,0.6396123,11774.61282,0.11
12/21/2023 13:00,0.576773027,10828.34368,0.116
12/21/2023 14:00,0.533671177,9131.102557,0.127
12/21/2023 15:00,0.32667976,8982.299101,0.148
12/21/2023 16:00,0.29634411,9351.455733,0.181
12/21/2023 17:00,0.141480203,10340.69875,0.244
12/21/2023 18:00,0.010639959,9998.791945,0.279
12/21/2023 19:00,0,10201.62464,0.294
12/21/2023 20:00,0,11450.4607,0.249
12/21/2023 21:00,0,9446.691051,0.213
12/21/2023 22:00,0,9223.569406,0.181
12/21/2023 23:00,0,8372.658565,0.163
12/22/2023 0:00,0,6994.79016,0.152
12/22/2023 1:00,0,4694.358861,0.143
12/22/2023 2:00,0,5503.542658,0.137
12/22/2023 3:00,0,6781.016412,0.137
12/22/2023 4:00,0,5655.711356,0.145
12/22/2023 5:00,0,7613.701799,0.172
12/22/2023 6:00,0.028077382,7016.634066,0.204
12/22/2023 7:00,0.197963553,5831.408358,0.185
12/22/2023 8:00,0.33811287,4944.41064,0.144
12/22/2023 9:00,0.383639233,5852.444701,0.123
12/22/2023 10:00,0.58272491,8751.151067,0.113
12/22/2023 11:00,0.585087727,9200.442577,0.109
12/22/2023 12:00,0.611239,9727.416222,0.11
12/22/2023 13:00,0.589933483,7632.371741,0.116
12/22/2023 14:00,0.410672787,7062.162341,0.127
12/22/2023 15:00,0.367868997,6645.821193,0.148
12/22/2023 16:00,0.279824327,5604.574701,0.181
12/22/2023 17:00,0.128153798,4791.416158,0.244
12/22/2023 18:00,0.022568207,9418.608446,0.279
12/22/2023 19:00,0,10112.09664,0.294
12/22/2023 20:00,0,11561.63289,0.249
12/22/2023 21:00,0,10219.99657,0.213
12/22/2023 22:00,0,10357.06735,0.181
12/22/2023 23:00,0,13444.72335,0.163
12/23/2023 0:00,0,14318.15837,0.152
12/23/2023 1:00,0,13374.6383,0.143
12/23/2023 2:00,0,11523.00705,0.137
12/23/2023 3:00,0,10837.05469,0.137
12/23/2023 4:00,0,8734.140999,0.145
12/23/2023 5:00,0,8484.276747,0.172
12/23/2023 6:00,0.011289625,4623.465465,0.204
12/23/2023 7:00,0.07825684,4447.867403,0.185
12/23/2023 8:00,0.294363847,7671.289919,0.144
12/23/2023 9:00,0.482357077,8392.205146,0.123
12/23/2023 10:00,0.586442143,8846.538062,0.113
12/23/2023 11:00,0.52839072,9675.185267,0.109
12/23/2023 12:00,0.384499183,9686.916089,0.11
12/23/2023 13:00,0.26968374,10103.77364,0.116
12/23/2023 14:00,0.307756083,11373.6545,0.127
12/23/2023 15:00,0.172920017,9987.431196,0.148
12/23/2023 16:00,0.19941048,10240.28918,0.181
12/23/2023 17:00,0.075330982,10523.58104,0.244
12/23/2023 18:00,0.008786491,10978.75844,0.279
12/23/2023 19:00,0,11079.9324,0.294
12/23/2023 20:00,0,9611.100687,0.249
12/23/2023 21:00,0,9402.717624,0.213
12/23/2023 22:00,0,9230.406539,0.181
12/23/2023 23:00,0,11646.31787,0.163
12/24/2023 0:00,0,11018.75519,0.152
12/24/2023 1:00,0,9249.356068,0.143
12/24/2023 2:00,0,7079.99296,0.137
12/24/2023 3:00,0,7595.495402,0.137
12/24/2023 4:00,0,6750.573166,0.145
12/24/2023 5:00,0,5444.121992,0.172
12/24/2023 6:00,0.02597805,6630.115432,0.204
12/24/2023 7:00,0.083552565,3495.168757,0.185
12/24/2023 8:00,0.255940963,4608.762606,0.144
12/24/2023 9:00,0.39351664,5959.385306,0.123
12/24/2023 10:00,0.474075947,8502.377358,0.113
12/24/2023 11:00,0.386950847,9691.469123,0.109
12/24/2023 12:00,0.443700717,12002.58004,0.11
12/24/2023 13:00,0.450505973,11800.06477,0.116
12/24/2023 14:00,0.19132457,11835.13117,0.127
12/24/2023 15:00,0.136516193,13454.9347,0.148
12/24/2023 16:00,0.060371638,11371.24834,0.181
12/24/2023 17:00,0.039825952,11729.72861,0.244
12/24/2023 18:00,0.005983799,11496.05821,0.279
12/24/2023 19:00,0,9428.697199,0.294
12/24/2023 20:00,0,10565.51445,0.249
12/24/2023 21:00,0,12285.76874,0.213
12/24/2023 22:00,0,10845.21538,0.181
12/24/2023 23:00,0,8539.887708,0.163
12/25/2023 0:00,0,9493.498125,0.152
12/25/2023 1:00,0,9811.63784,0.143
12/25/2023 2:00,0,9279.139514,0.137
12/25/2023 3:00,0,4778.957711,0.137
12/25/2023 4:00,0,5971.8746,0.145
12/25/2023 5:00,1.34E-06,6754.439449,0.172
12/25/2023 6:00,0.017905044,9722.212477,0.204
12/25/2023 7:00,0.035576101,8108.420469,0.185
12/25/2023 8:00,0.061458759,10510.24,0.144
12/25/2023 9:00,0.07535014,7897.801423,0.123
12/25/2023 10:00,0.049188688,8177.950152,0.113
12/25/2023 11:00,0.032114198,7034.407816,0.109
12/25/2023 12:00,0.020665695,3798.620289,0.11
12/25/2023 13:00,0.022197534,2983.200221,0.116
12/25/2023 14:00,0.023038329,4531.200799,0.127
12/25/2023 15:00,0.008992089,7718.25626,0.148
12/25/2023 16:00,0.006009901,7943.237865,0.181
12/25/2023 17:00,0.001738531,9033.546845,0.244
12/25/2023 18:00,0.000110965,9419.09097,0.279
12/25/2023 19:00,0,10397.33043,0.294
12/25/2023 20:00,0,10791.51659,0.249
12/25/2023 21:00,0,8115.976333,0.213
12/25/2023 22:00,0,10640.09057,0.181
12/25/2023 23:00,0,8503.076168,0.163
12/26/2023 0:00,0,13165.52981,0.152
12/26/2023 1:00,0,10696.44103,0.143
12/26/2023 2:00,0,10070.22657,0.137
12/26/2023 3:00,0,9863.554005,0.137
12/26/2023 4:00,0,9685.106592,0.145
12/26/2023 5:00,0,7870.279988,0.172
12/26/2023 6:00,0,4815.701821,0.204
12/26/2023 7:00,0.000669338,4097.893415,0.185
12/26/2023 8:00,0.005329377,2465.865528,0.144
12/26/2023 9:00,0.002724591,5352.185072,0.123
12/26/2023 10:00,0.006116331,5532.236556,0.113
12/26/2023 11:00,0.015851174,5158.340085,0.109
12/26/2023 12:00,0.023901538,4009.110136,0.11
12/26/2023 13:00,0.024054135,8928.108912,0.116
12/26/2023 14:00,0.025862521,7177.031251,0.127
12/26/2023 15:00,0.031127447,7024.744571,0.148
12/26/2023 16:00,0.013035336,10138.13656,0.181
12/26/2023 17:00,0.000722548,11009.50522,0.244
12/26/2023 18:00,0,9679.300038,0.279
12/26/2023 19:00,0,9429.494952,0.294
12/26/2023 20:00,0,10208.71919,0.249
12/26/2023 21:00,0,7590.019659,0.213
12/26/2023 22:00,0,9388.176014,0.181
12/26/2023 23:00,0,7686.919407,0.163
12/27/2023 0:00,0,6545.182396,0.152
12/27/2023 1:00,0,4981.588433,0.143
12/27/2023 2:00,0,3606.834954,0.137
12/27/2023 3:00,0,1612.171705,0.137
12/27/2023 4:00,0,2064.39273,0.145
12/27/2023 5:00,0,2011.183079,0.172
12/27/2023 6:00,9.70E-05,5298.053555,0.204
12/27/2023 7:00,0.010348687,5444.593339,0.185
12/27/2023 8:00,0.024538912,2484.454674,0.144
12/27/2023 9:00,0.015699394,2447.958219,0.123
12/27/2023 10:00,0.001399554,7034.733057,0.113
12/27/2023 11:00,0.00595551,7278.510743,0.109
12/27/2023 12:00,0.009337739,5833.889485,0.11
12/27/2023 13:00,0.017685119,4088.172481,0.116
12/27/2023 14:00,0.004224819,6324.981272,0.127
12/27/2023 15:00,0.008716969,4677.759282,0.148
12/27/2023 16:00,0.030390148,6279.580185,0.181
12/27/2023 17:00,0.089895315,6948.045664,0.244
12/27/2023 18:00,0.008331329,7782.842366,0.279
12/27/2023 19:00,0,4873.801309,0.294
12/27/2023 20:00,0,4631.813099,0.249
12/27/2023 21:00,0,8172.915234,0.213
12/27/2023 22:00,0,5701.875463,0.181
12/27/2023 23:00,0,4187.675878,0.163
12/28/2023 0:00,0,7932.763126,0.152
12/28/2023 1:00,0,7240.545521,0.143
12/28/2023 2:00,0,9442.988046,0.137
12/28/2023 3:00,0,9058.991263,0.137
12/28/2023 4:00,0,8282.42729,0.145
12/28/2023 5:00,0,7282.210778,0.172
12/28/2023 6:00,0.005783485,7991.843107,0.204
12/28/2023 7:00,0.071983863,13015.28184,0.185
12/28/2023 8:00,0.120085686,15066.49581,0.144
12/28/2023 9:00,0.211108743,14094.84829,0.123
12/28/2023 10:00,0.151392207,13651.70048,0.113
12/28/2023 11:00,0.078808477,15923.1561,0.109
12/28/2023 12:00,0.15876945,13449.15513,0.11
12/28/2023 13:00,0.12501845,15878.53762,0.116
12/28/2023 14:00,0.05773052,14781.24312,0.127
12/28/2023 15:00,0.033524787,14160.73254,0.148
12/28/2023 16:00,0.02547572,12515.90932,0.181
12/28/2023 17:00,0.010961106,9218.321651,0.244
12/28/2023 18:00,0.001014701,10806.16394,0.279
12/28/2023 19:00,0,9168.332545,0.294
12/28/2023 20:00,0,9600.140531,0.249
12/28/2023 21:00,0,7518.425383,0.213
12/28/2023 22:00,0,7849.012488,0.181
12/28/2023 23:00,0,8447.184828,0.163
12/29/2023 0:00,0,7749.123684,0.152
12/29/2023 1:00,0,6688.513505,0.143
12/29/2023 2:00,0,8635.178944,0.137
12/29/2023 3:00,0,8951.208408,0.137
12/29/2023 4:00,0,9648.226539,0.145
12/29/2023 5:00,0,11341.02622,0.172
12/29/2023 6:00,0.001748068,9436.290494,0.204
12/29/2023 7:00,0.006683241,7828.223976,0.185
12/29/2023 8:00,0.022083201,5808.45079,0.144
12/29/2023 9:00,0.03686698,8301.69362,0.123
12/29/2023 10:00,0.053653421,7044.610791,0.113
12/29/2023 11:00,0.16996837,6797.786868,0.109
12/29/2023 12:00,0.137483395,7279.158691,0.11
12/29/2023 13:00,0.110751608,8587.324574,0.116
12/29/2023 14:00,0.063253914,6762.790958,0.127
12/29/2023 15:00,0.026537255,8576.148319,0.148
12/29/2023 16:00,0.016874124,7185.042093,0.181
12/29/2023 17:00,0.009419459,8899.715243,0.244
12/29/2023 18:00,0,13574.56675,0.279
12/29/2023 19:00,0,12781.20962,0.294
12/29/2023 20:00,0,13111.49413,0.249
12/29/2023 21:00,0,13384.16066,0.213
12/29/2023 22:00,0,9443.618978,0.181
12/29/2023 23:00,0,4306.428119,0.163
12/30/2023 0:00,0,3309.154122,0.152
12/30/2023 1:00,0,1050.640598,0.143
12/30/2023 2:00,0,2742.74705,0.137
12/30/2023 3:00,0,1374.979128,0.137
12/30/2023 4:00,0,2177.270116,0.145
12/30/2023 5:00,0,3461.83854,0.172
12/30/2023 6:00,0.002231789,1193.55507,0.204
12/30/2023 7:00,0.007020398,2245.506623,0.185
12/30/2023 8:00,0.024339351,2788.051585,0.144
12/30/2023 9:00,0.028026638,3404.127938,0.123
12/30/2023 10:00,0.019744698,9391.672656,0.113
12/30/2023 11:00,0.037614627,9873.842962,0.109
12/30/2023 12:00,0.032327983,9529.321587,0.11
12/30/2023 13:00,0.142568862,10396.89912,0.116
12/30/2023 14:00,0.065471502,13108.56297,0.127
12/30/2023 15:00,0.05983639,11217.47616,0.148
12/30/2023 16:00,0.043037538,10799.10156,0.181
12/30/2023 17:00,0.017956722,11545.36778,0.244
12/30/2023 18:00,0.000339538,10150.87695,0.279
12/30/2023 19:00,0,8262.219486,0.294
12/30/2023 20:00,0,7992.14855,0.249
12/30/2023 21:00,0,7609.096202,0.213
12/30/2023 22:00,0,8776.151629,0.181
12/30/2023 23:00,0,9391.389058,0.163
12/31/2023 0:00,0,3608.161231,0.152
12/31/2023 1:00,0,4205.6405,0.143
12/31/2023 2:00,0,4330.713714,0.137
12/31/2023 3:00,0,3371.447555,0.137
12/31/2023 4:00,0,5161.649831,0.145
12/31/2023 5:00,0,5918.830191,0.172
12/31/2023 6:00,0.021528469,4732.958128,0.204
12/31/2023 7:00,0.048380885,4805.835519,0.185
12/31/2023 8:00,0.098720012,8101.420415,0.144
12/31/2023 9:00,0.115119463,7560.70604,0.123
12/31/2023 10:00,0.081699525,7318.3414,0.113
12/31/2023 11:00,0.052603371,6724.732087,0.109
12/31/2023 12:00,0.062786939,7512.876307,0.11
12/31/2023 13:00,0.055049641,8346.456927,0.116
12/31/2023 14:00,0.024774277,10431.64039,0.127
12/31/2023 15:00,0.007112793,8964.234387,0.148
12/31/2023 16:00,0.00879285,9367.550038,0.181
12/31/2023 17:00,0.000882413,10326.94116,0.244
12/31/2023 18:00,0,9639.587499,0.279
12/31/2023 19:00,0,8546.382176,0.294
12/31/2023 20:00,0,8532.661958,0.249
12/31/2023 21:00,0,6114.219645,0.213
12/31/2023 22:00,0,7194.669803,0.181
12/31/2023 23:00,0,9544.526964,0.163
